#VRML V2.0 utf8
# 3D model generated by easyeda2kicad.py (https://github.com/uPesy/easyeda2kicad.py)

Shape{
    appearance Appearance {
        material  Material 	{
            diffuseColor 1.0 0.8117647058823529 0.5019607843137255
            specularColor 0.8784313725490196 0.7137254901960784 0.44313725490196076
            ambientIntensity 0.2
            transparency 0
            shininess 0.5
        }
    }
    geometry IndexedFaceSet {
        ccw TRUE
        solid FALSE
        coord DEF co Coordinate {
            point [
                0.4042 -0.0846 0.0446, 0.4042 -0.0846 0.1037, 0.4009 -0.0848 0.0446, 0.4009 -0.0848 0.1037, 0.3976 -0.0854 0.0446, 0.3976 -0.0854 0.1037, 0.3944 -0.0863 0.0446, 0.3944 -0.0863 0.1037, 0.3914 -0.0876 0.0446, 0.3914 -0.0876 0.1037, 0.3885 -0.0892 0.0446, 0.3885 -0.0892 0.1037, 0.3858 -0.0911 0.0446, 0.3858 -0.0911 0.1037, 0.3833 -0.0933 0.0446, 0.3833 -0.0933 0.1037, 0.3811 -0.0958 0.0446, 0.3811 -0.0958 0.1037, 0.3792 -0.0985 0.0446, 0.3792 -0.0985 0.1037, 0.3776 -0.1014 0.0446, 0.3776 -0.1014 0.1037, 0.3763 -0.1044 0.0446, 0.3763 -0.1044 0.1037, 0.3754 -0.1076 0.0446, 0.3754 -0.1076 0.1037, 0.3749 -0.1109 0.0446, 0.3749 -0.1109 0.1037, 0.3747 -0.1142 0.0446, 0.3747 -0.1142 0.1037, 0.3668 -0.1142 0.0446, 0.367 -0.1105 0.0446, 0.3675 -0.1069 0.0446, 0.4042 -0.0768 0.0446, 0.4005 -0.077 0.0446, 0.3969 -0.0775 0.0446, 0.3933 -0.0784 0.0446, 0.3899 -0.0796 0.0446, 0.3684 -0.1033 0.0446, 0.3696 -0.0999 0.0446, 0.3712 -0.0965 0.0446, 0.3731 -0.0934 0.0446, 0.3753 -0.0904 0.0446, 0.3778 -0.0877 0.0446, 0.3805 -0.0853 0.0446, 0.3834 -0.0831 0.0446, 0.3866 -0.0812 0.0446, 0.3668 -0.1142 0.1037, 0.4042 -0.0768 0.1037, 0.4005 -0.077 0.1037, 0.3969 -0.0775 0.1037, 0.367 -0.1105 0.1037, 0.3675 -0.1069 0.1037, 0.3684 -0.1033 0.1037, 0.3696 -0.0999 0.1037, 0.3933 -0.0784 0.1037, 0.3899 -0.0796 0.1037, 0.3866 -0.0812 0.1037, 0.3834 -0.0831 0.1037, 0.3805 -0.0853 0.1037, 0.3778 -0.0877 0.1037, 0.3753 -0.0904 0.1037, 0.3731 -0.0934 0.1037, 0.3712 -0.0965 0.1037, -0.332 -0.0925 -0.0735, -0.2552 -0.0925 -0.0735, -0.3352 -0.0861 -0.0735, -0.2552 -0.002 -0.0735, -0.3392 -0.0802 -0.0735, -0.3439 -0.0749 -0.0735, -0.3615 0.0512 -0.0735, -0.3615 -0.063 -0.0735, -0.3084 0.0512 -0.0735, -0.3552 -0.0662 -0.0735, -0.3493 -0.0702 -0.0735, -0.3615 -0.063 -0.1325, -0.3552 -0.0662 -0.1325, -0.3493 -0.0702 -0.1325, -0.3439 -0.0749 -0.1325, -0.3392 -0.0802 -0.1325, -0.3352 -0.0861 -0.1325, -0.332 -0.0925 -0.1325, -0.2552 -0.0925 -0.1325, -0.2552 -0.002 -0.1325, -0.3084 0.0512 -0.1325, -0.3615 0.0512 -0.1325, 0.353 0.3366 -0.0735, 0.2762 0.3366 -0.0735, 0.3562 0.3302 -0.0735, 0.2762 0.1929 -0.0735, 0.3602 0.3243 -0.0735, 0.3825 0.1929 -0.0735, 0.3825 0.3071 -0.0735, 0.3762 0.3103 -0.0735, 0.3703 0.3143 -0.0735, 0.3649 0.319 -0.0735, 0.2762 0.1929 -0.1325, 0.2762 0.3366 -0.1325, 0.353 0.3366 -0.1325, 0.3825 0.3071 -0.1325, 0.3762 0.3103 -0.1325, 0.3703 0.3143 -0.1325, 0.3649 0.319 -0.1325, 0.3602 0.3243 -0.1325, 0.3562 0.3302 -0.1325, 0.3825 0.1929 -0.1325, -0.3392 0.3243 -0.0735, -0.3439 0.319 -0.0735, -0.2552 0.1929 -0.0735, -0.3615 0.3071 -0.0735, -0.3615 0.1929 -0.0735, -0.3552 0.3103 -0.0735, -0.3493 0.3143 -0.0735, -0.2552 0.3366 -0.0735, -0.332 0.3366 -0.0735, -0.3352 0.3302 -0.0735, -0.332 0.3366 -0.1325, -0.3352 0.3302 -0.1325, -0.3392 0.3243 -0.1325, -0.3439 0.319 -0.1325, -0.3493 0.3143 -0.1325, -0.3552 0.3103 -0.1325, -0.3615 0.3071 -0.1325, -0.3615 0.1929 -0.1325, -0.2552 0.1929 -0.1325, -0.2552 0.3366 -0.1325, -0.2552 0.3366 -0.1325
            ]
        }
        coordIndex [
            0,1,2,-1,2,1,3,-1,2,3,4,-1,4,3,5,-1,4,5,6,-1,6,5,7,-1,6,7,8,-1,8,7,9,-1,8,9,10,-1,10,9,11,-1,10,11,12,-1,12,11,13,-1,12,13,14,-1,14,13,15,-1,14,15,16,-1,16,15,17,-1,16,17,18,-1,18,17,19,-1,18,19,20,-1,20,19,21,-1,20,21,22,-1,22,21,23,-1,22,23,24,-1,24,23,25,-1,24,25,26,-1,26,25,27,-1,26,27,28,-1,28,27,29,-1,28,30,26,-1,26,30,31,-1,26,31,24,-1,24,31,32,-1,24,32,22,-1,33,0,34,-1,34,0,2,-1,34,2,35,-1,35,2,4,-1,35,4,36,-1,36,4,6,-1,36,6,37,-1,37,6,8,-1,32,38,22,-1,22,38,39,-1,22,39,20,-1,20,39,40,-1,20,40,18,-1,18,40,41,-1,18,41,16,-1,16,41,42,-1,16,42,14,-1,14,42,43,-1,14,43,12,-1,12,43,44,-1,12,44,10,-1,10,44,45,-1,10,45,8,-1,8,45,46,-1,8,46,37,-1,30,28,47,-1,47,28,29,-1,1,48,3,-1,3,48,49,-1,3,49,5,-1,5,49,50,-1,5,50,7,-1,47,29,51,-1,51,29,27,-1,51,27,52,-1,52,27,25,-1,52,25,53,-1,53,25,23,-1,53,23,54,-1,54,23,21,-1,50,55,7,-1,7,55,56,-1,7,56,9,-1,9,56,57,-1,9,57,11,-1,11,57,58,-1,11,58,13,-1,13,58,59,-1,13,59,15,-1,15,59,60,-1,15,60,17,-1,17,60,61,-1,17,61,19,-1,19,61,62,-1,19,62,21,-1,21,62,63,-1,21,63,54,-1,0,33,1,-1,1,33,48,-1,30,47,51,-1,30,51,31,-1,31,51,52,-1,31,52,32,-1,32,52,53,-1,32,53,38,-1,38,53,54,-1,38,54,39,-1,39,54,63,-1,39,63,40,-1,40,63,62,-1,40,62,41,-1,41,62,61,-1,41,61,42,-1,42,61,60,-1,42,60,43,-1,43,60,59,-1,43,59,44,-1,44,59,58,-1,44,58,45,-1,45,58,57,-1,45,57,46,-1,46,57,56,-1,46,56,37,-1,37,56,55,-1,37,55,36,-1,36,55,50,-1,36,50,35,-1,35,50,49,-1,35,49,34,-1,34,49,48,-1,34,48,33,-1,64,65,66,-1,66,65,67,-1,66,67,68,-1,68,67,69,-1,70,71,72,-1,72,71,73,-1,72,73,67,-1,67,73,74,-1,67,74,69,-1,71,75,73,-1,73,75,76,-1,73,76,74,-1,74,76,77,-1,74,77,69,-1,69,77,78,-1,69,78,68,-1,68,78,79,-1,68,79,66,-1,66,79,80,-1,66,80,64,-1,64,80,81,-1,65,64,82,-1,82,64,81,-1,67,65,83,-1,83,65,82,-1,72,67,84,-1,84,67,83,-1,70,72,85,-1,85,72,84,-1,71,70,75,-1,75,70,85,-1,82,81,83,-1,83,81,80,-1,83,80,79,-1,75,85,76,-1,76,85,84,-1,76,84,77,-1,77,84,83,-1,77,83,78,-1,78,83,79,-1,86,87,88,-1,88,87,89,-1,88,89,90,-1,91,92,89,-1,89,92,93,-1,93,94,89,-1,89,94,95,-1,89,95,90,-1,89,87,96,-1,96,87,97,-1,87,86,97,-1,97,86,98,-1,92,99,93,-1,93,99,100,-1,93,100,94,-1,94,100,101,-1,94,101,95,-1,95,101,102,-1,95,102,90,-1,90,102,103,-1,90,103,88,-1,88,103,104,-1,88,104,86,-1,86,104,98,-1,92,91,99,-1,99,91,105,-1,91,89,105,-1,105,89,96,-1,96,97,98,-1,98,104,96,-1,96,104,103,-1,96,103,102,-1,99,105,100,-1,100,105,96,-1,100,96,101,-1,101,96,102,-1,106,107,108,-1,109,110,111,-1,111,110,108,-1,111,108,112,-1,112,108,107,-1,113,114,108,-1,108,114,115,-1,108,115,106,-1,114,116,115,-1,115,116,117,-1,115,117,106,-1,106,117,118,-1,106,118,107,-1,107,118,119,-1,107,119,112,-1,112,119,120,-1,112,120,111,-1,111,120,121,-1,111,121,109,-1,109,121,122,-1,110,109,123,-1,123,109,122,-1,108,110,124,-1,124,110,123,-1,113,108,125,-1,125,108,124,-1,114,113,116,-1,116,113,125,-1,116,125,117,-1,117,125,124,-1,117,124,118,-1,123,122,124,-1,124,122,121,-1,121,120,124,-1,124,120,119,-1,124,119,118,-1,
        ]
    }
}
Shape{
    appearance Appearance {
        material  Material 	{
            diffuseColor 0.25098039215686274 0.25098039215686274 0.25098039215686274
            specularColor 0.12549019607843137 0.12549019607843137 0.12549019607843137
            ambientIntensity 0.2
            transparency 0
            shininess 0.5
        }
    }
    geometry IndexedFaceSet {
        ccw TRUE
        solid FALSE
        coord DEF co Coordinate {
            point [
                -0.3216 -0.0018 0.1037, -0.3196 0.0025 0.1037, -0.2466 -0.0063 0.1037, -0.2457 -0.011 0.1037, -0.2454 -0.0157 0.1037, -0.3239 -0.011 0.1037, -0.2457 -0.0205 0.1037, -0.2466 -0.0252 0.1037, -0.248 -0.0297 0.1037, -0.2499 -0.034 0.1037, -0.3241 -0.0157 0.1037, -0.3239 -0.0205 0.1037, -0.2553 0.0104 0.1037, -0.2524 0.0066 0.1037, -0.2848 0.0236 0.1037, -0.2553 -0.0419 0.1037, -0.2587 -0.0452 0.1037, -0.323 -0.0252 0.1037, -0.3172 -0.0381 0.1037, -0.3196 -0.034 0.1037, -0.28 -0.0548 0.1037, -0.323 -0.0063 0.1037, -0.3109 0.0137 0.1037, -0.3071 0.0167 0.1037, -0.3031 0.0191 0.1037, -0.2987 0.0211 0.1037, -0.2942 0.0225 0.1037, -0.2895 0.0233 0.1037, -0.3031 -0.0506 0.1037, -0.3071 -0.0481 0.1037, -0.3172 0.0066 0.1037, -0.3142 0.0104 0.1037, -0.2499 0.0025 0.1037, -0.248 -0.0018 0.1037, -0.2524 -0.0381 0.1037, -0.28 0.0233 0.1037, -0.2754 0.0225 0.1037, -0.2624 0.0167 0.1037, -0.2708 0.0211 0.1037, -0.2665 0.0191 0.1037, -0.2587 0.0137 0.1037, -0.2624 -0.0481 0.1037, -0.2665 -0.0506 0.1037, -0.2708 -0.0526 0.1037, -0.3216 -0.0297 0.1037, -0.2754 -0.054 0.1037, -0.2848 -0.0551 0.1037, -0.2895 -0.0548 0.1037, -0.2942 -0.054 0.1037, -0.2987 -0.0526 0.1037, -0.3109 -0.0452 0.1037, -0.3142 -0.0419 0.1037, -0.2454 -0.0157 0.143, -0.2457 -0.0205 0.143, -0.2466 -0.0252 0.143, -0.248 -0.0297 0.143, -0.2499 -0.034 0.143, -0.2524 -0.0381 0.143, -0.2553 -0.0419 0.143, -0.2587 -0.0452 0.143, -0.2624 -0.0481 0.143, -0.2665 -0.0506 0.143, -0.2708 -0.0526 0.143, -0.2754 -0.054 0.143, -0.28 -0.0548 0.143, -0.2848 -0.0551 0.143, -0.2895 -0.0548 0.143, -0.2942 -0.054 0.143, -0.2987 -0.0526 0.143, -0.3031 -0.0506 0.143, -0.3071 -0.0481 0.143, -0.3109 -0.0452 0.143, -0.3142 -0.0419 0.143, -0.3172 -0.0381 0.143, -0.3196 -0.034 0.143, -0.3216 -0.0297 0.143, -0.323 -0.0252 0.143, -0.3239 -0.0205 0.143, -0.3241 -0.0157 0.143, -0.323 -0.0063 0.143, -0.3239 -0.011 0.143, -0.248 -0.0018 0.143, -0.3109 0.0137 0.143, -0.3142 0.0104 0.143, -0.2524 0.0066 0.143, -0.2457 -0.011 0.143, -0.2466 -0.0063 0.143, -0.3172 0.0066 0.143, -0.3196 0.0025 0.143, -0.2499 0.0025 0.143, -0.3216 -0.0018 0.143, -0.2553 0.0104 0.143, -0.2587 0.0137 0.143, -0.3031 0.0191 0.143, -0.3071 0.0167 0.143, -0.2624 0.0167 0.143, -0.2665 0.0191 0.143, -0.2708 0.0211 0.143, -0.2942 0.0225 0.143, -0.28 0.0233 0.143, -0.2895 0.0233 0.143, -0.2848 0.0236 0.143, -0.2754 0.0225 0.143, -0.2987 0.0211 0.143, -0.2987 0.0211 0.143
            ]
        }
        coordIndex [
            0,1,2,-1,3,4,5,-1,5,4,6,-1,5,6,7,-1,7,8,5,-1,5,8,9,-1,5,9,10,-1,10,9,11,-1,12,13,14,-1,15,16,17,-1,18,19,20,-1,3,5,2,-1,2,5,21,-1,2,21,0,-1,22,23,2,-1,2,23,24,-1,2,24,25,-1,25,26,2,-1,2,26,27,-1,2,27,14,-1,28,29,20,-1,1,30,2,-1,2,30,31,-1,2,31,22,-1,13,32,14,-1,14,32,33,-1,14,33,2,-1,11,9,17,-1,17,9,34,-1,17,34,15,-1,35,36,37,-1,37,36,38,-1,37,38,39,-1,35,37,14,-1,14,37,40,-1,14,40,12,-1,16,41,17,-1,17,41,42,-1,17,42,43,-1,19,44,20,-1,20,44,17,-1,20,17,45,-1,45,17,43,-1,20,46,47,-1,47,48,20,-1,20,48,49,-1,20,49,28,-1,29,50,20,-1,20,50,51,-1,20,51,18,-1,4,52,53,-1,4,53,6,-1,6,53,54,-1,6,54,7,-1,7,54,55,-1,7,55,8,-1,8,55,56,-1,8,56,9,-1,9,56,57,-1,9,57,34,-1,34,57,58,-1,34,58,15,-1,15,58,59,-1,15,59,16,-1,16,59,60,-1,16,60,41,-1,41,60,61,-1,41,61,42,-1,42,61,62,-1,42,62,43,-1,43,62,63,-1,43,63,45,-1,45,63,64,-1,45,64,20,-1,20,64,65,-1,20,65,46,-1,46,65,66,-1,46,66,47,-1,47,66,67,-1,47,67,48,-1,48,67,68,-1,48,68,49,-1,49,68,69,-1,49,69,28,-1,28,69,70,-1,28,70,29,-1,29,70,71,-1,29,71,50,-1,50,71,72,-1,50,72,51,-1,51,72,73,-1,51,73,18,-1,18,73,74,-1,18,74,19,-1,19,74,75,-1,19,75,44,-1,44,75,76,-1,44,76,17,-1,17,76,77,-1,17,77,11,-1,11,77,78,-1,11,78,10,-1,79,80,81,-1,74,73,56,-1,82,83,84,-1,73,72,56,-1,56,72,71,-1,56,71,70,-1,74,56,75,-1,75,56,55,-1,75,55,54,-1,54,53,75,-1,75,53,52,-1,75,52,85,-1,85,86,75,-1,75,86,81,-1,75,81,76,-1,83,87,84,-1,84,87,88,-1,84,88,89,-1,89,88,81,-1,81,88,90,-1,81,90,79,-1,91,92,93,-1,80,78,81,-1,81,78,77,-1,81,77,76,-1,56,64,63,-1,91,93,84,-1,84,93,94,-1,84,94,82,-1,70,69,56,-1,56,69,68,-1,56,68,67,-1,67,66,56,-1,56,66,65,-1,56,65,64,-1,58,61,59,-1,59,61,60,-1,63,62,56,-1,56,62,61,-1,56,61,57,-1,57,61,58,-1,92,95,93,-1,93,95,96,-1,93,96,97,-1,98,99,100,-1,100,99,101,-1,97,102,93,-1,93,102,99,-1,93,99,103,-1,103,99,98,-1,10,78,80,-1,10,80,5,-1,5,80,79,-1,5,79,21,-1,21,79,90,-1,21,90,0,-1,0,90,88,-1,0,88,1,-1,1,88,87,-1,1,87,30,-1,30,87,83,-1,30,83,31,-1,31,83,82,-1,31,82,22,-1,22,82,94,-1,22,94,23,-1,23,94,93,-1,23,93,24,-1,24,93,103,-1,24,103,25,-1,25,103,98,-1,25,98,26,-1,26,98,100,-1,26,100,27,-1,27,100,101,-1,27,101,14,-1,14,101,99,-1,14,99,35,-1,35,99,102,-1,35,102,36,-1,36,102,97,-1,36,97,38,-1,38,97,96,-1,38,96,39,-1,39,96,95,-1,39,95,37,-1,37,95,92,-1,37,92,40,-1,40,92,91,-1,40,91,12,-1,12,91,84,-1,12,84,13,-1,13,84,89,-1,13,89,32,-1,32,89,81,-1,32,81,33,-1,33,81,86,-1,33,86,2,-1,2,86,85,-1,2,85,3,-1,3,85,52,-1,3,52,4,-1,
        ]
    }
}
Shape{
    appearance Appearance {
        material  Material 	{
            diffuseColor 1.0 0.8117647058823529 0.5019607843137255
            specularColor 0.8784313725490196 0.7137254901960784 0.44313725490196076
            ambientIntensity 0.2
            transparency 0
            shininess 0.5
        }
    }
    geometry IndexedFaceSet {
        ccw TRUE
        solid FALSE
        coord DEF co Coordinate {
            point [
                0.353 -0.0925 -0.1325, 0.2762 -0.0925 -0.1325, 0.3562 -0.0861 -0.1325, 0.2762 0.0512 -0.1325, 0.3602 -0.0802 -0.1325, 0.3825 0.0512 -0.1325, 0.3825 -0.063 -0.1325, 0.3762 -0.0662 -0.1325, 0.3703 -0.0702 -0.1325, 0.3649 -0.0749 -0.1325, 0.2762 -0.0925 -0.0735, 0.2762 0.0512 -0.0735, 0.353 -0.0925 -0.0735, 0.3562 -0.0861 -0.0735, 0.3602 -0.0802 -0.0735, 0.3649 -0.0749 -0.0735, 0.3703 -0.0702 -0.0735, 0.3762 -0.0662 -0.0735, 0.3825 -0.063 -0.0735, 0.3825 0.0512 -0.0735, 0.1699 0.1929 -0.1325, 0.0636 0.1929 -0.1325, 0.1699 0.3366 -0.1325, 0.0636 0.3366 -0.1325, 0.0636 0.3366 -0.0735, 0.1699 0.3366 -0.0735, 0.0636 0.1929 -0.0735, 0.1699 0.1929 -0.0735, -0.3832 0.3287 0.0446, -0.3832 0.3287 0.1037, -0.3799 0.3289 0.0446, -0.3799 0.3289 0.1037, -0.3766 0.3295 0.0446, -0.3766 0.3295 0.1037, -0.3734 0.3304 0.0446, -0.3734 0.3304 0.1037, -0.3704 0.3317 0.0446, -0.3704 0.3317 0.1037, -0.3675 0.3333 0.0446, -0.3675 0.3333 0.1037, -0.3648 0.3352 0.0446, -0.3648 0.3352 0.1037, -0.3623 0.3374 0.0446, -0.3623 0.3374 0.1037, -0.3601 0.3399 0.0446, -0.3601 0.3399 0.1037, -0.3582 0.3426 0.0446, -0.3582 0.3426 0.1037, -0.3566 0.3455 0.0446, -0.3566 0.3455 0.1037, -0.3553 0.3485 0.0446, -0.3553 0.3485 0.1037, -0.3544 0.3517 0.0446, -0.3544 0.3517 0.1037, -0.3539 0.355 0.0446, -0.3539 0.355 0.1037, -0.3537 0.3583 0.0446, -0.3537 0.3583 0.1037, -0.3458 0.3583 0.0446, -0.346 0.3546 0.0446, -0.3465 0.351 0.0446, -0.3474 0.3474 0.0446, -0.3486 0.344 0.0446, -0.3502 0.3406 0.0446, -0.3521 0.3375 0.0446, -0.3543 0.3345 0.0446, -0.3568 0.3318 0.0446, -0.3595 0.3294 0.0446, -0.3624 0.3272 0.0446, -0.3832 0.3209 0.0446, -0.3795 0.321 0.0446, -0.3759 0.3216 0.0446, -0.3723 0.3225 0.0446, -0.3689 0.3237 0.0446, -0.3656 0.3253 0.0446, -0.3458 0.3583 0.1037, -0.346 0.3546 0.1037, -0.3465 0.351 0.1037, -0.3474 0.3474 0.1037, -0.3486 0.344 0.1037, -0.3689 0.3237 0.1037, -0.3656 0.3253 0.1037, -0.3624 0.3272 0.1037, -0.3595 0.3294 0.1037, -0.3568 0.3318 0.1037, -0.3543 0.3345 0.1037, -0.3521 0.3375 0.1037, -0.3502 0.3406 0.1037, -0.3832 0.3209 0.1037, -0.3795 0.321 0.1037, -0.3759 0.3216 0.1037, -0.3723 0.3225 0.1037, 0.3747 0.3583 0.0446, 0.3747 0.3583 0.1037, 0.3749 0.355 0.0446, 0.3749 0.355 0.1037, 0.3754 0.3517 0.0446, 0.3754 0.3517 0.1037, 0.3763 0.3485 0.0446, 0.3763 0.3485 0.1037, 0.3776 0.3455 0.0446, 0.3776 0.3455 0.1037, 0.3792 0.3426 0.0446, 0.3792 0.3426 0.1037, 0.3811 0.3399 0.0446, 0.3811 0.3399 0.1037, 0.3833 0.3374 0.0446, 0.3833 0.3374 0.1037, 0.3858 0.3352 0.0446, 0.3858 0.3352 0.1037, 0.3885 0.3333 0.0446, 0.3885 0.3333 0.1037, 0.3914 0.3317 0.0446, 0.3914 0.3317 0.1037, 0.3944 0.3304 0.0446, 0.3944 0.3304 0.1037, 0.3976 0.3295 0.0446, 0.3976 0.3295 0.1037, 0.4009 0.3289 0.0446, 0.4009 0.3289 0.1037, 0.4042 0.3287 0.0446, 0.4042 0.3287 0.1037, 0.4042 0.3209 0.0446, 0.4005 0.321 0.0446, 0.3969 0.3216 0.0446, 0.3668 0.3583 0.0446, 0.367 0.3546 0.0446, 0.3675 0.351 0.0446, 0.3684 0.3474 0.0446, 0.3696 0.344 0.0446, 0.3933 0.3225 0.0446, 0.3899 0.3237 0.0446, 0.3866 0.3253 0.0446, 0.3834 0.3272 0.0446, 0.3805 0.3294 0.0446, 0.3778 0.3318 0.0446, 0.3753 0.3345 0.0446, 0.3731 0.3375 0.0446, 0.3712 0.3406 0.0446, 0.4042 0.3209 0.1037, 0.3668 0.3583 0.1037, 0.367 0.3546 0.1037, 0.3675 0.351 0.1037, 0.4005 0.321 0.1037, 0.3969 0.3216 0.1037, 0.3933 0.3225 0.1037, 0.3899 0.3237 0.1037, 0.3684 0.3474 0.1037, 0.3696 0.344 0.1037, 0.3712 0.3406 0.1037, 0.3731 0.3375 0.1037, 0.3753 0.3345 0.1037, 0.3778 0.3318 0.1037, 0.3805 0.3294 0.1037, 0.3834 0.3272 0.1037, 0.3866 0.3253 0.1037, 0.1699 -0.0925 -0.1325, 0.0636 -0.0925 -0.1325, 0.1699 0.0512 -0.1325, 0.0636 0.0512 -0.1325, 0.0636 0.0512 -0.0735, 0.1699 0.0512 -0.0735, 0.0636 -0.0925 -0.0735, 0.1699 -0.0925 -0.0735, -0.0427 -0.0925 -0.1325, -0.1489 -0.0925 -0.1325, -0.0427 0.0512 -0.1325, -0.1489 0.0512 -0.1325, -0.1489 0.0512 -0.0735, -0.0427 0.0512 -0.0735, -0.1489 -0.0925 -0.0735, -0.0427 -0.0925 -0.0735, -0.0427 -0.0925 -0.0735
            ]
        }
        coordIndex [
            0,1,2,-1,2,1,3,-1,2,3,4,-1,5,6,3,-1,3,6,7,-1,7,8,3,-1,3,8,9,-1,3,9,4,-1,10,11,1,-1,1,11,3,-1,12,10,0,-1,0,10,1,-1,12,0,13,-1,13,0,2,-1,13,2,14,-1,14,2,4,-1,14,4,15,-1,15,4,9,-1,15,9,16,-1,16,9,8,-1,16,8,17,-1,17,8,7,-1,17,7,18,-1,18,7,6,-1,19,18,5,-1,5,18,6,-1,11,19,3,-1,3,19,5,-1,11,10,12,-1,12,13,11,-1,11,13,14,-1,11,14,15,-1,18,19,17,-1,17,19,11,-1,17,11,16,-1,16,11,15,-1,20,21,22,-1,22,21,23,-1,24,25,23,-1,23,25,22,-1,26,24,21,-1,21,24,23,-1,27,26,20,-1,20,26,21,-1,25,27,22,-1,22,27,20,-1,25,24,27,-1,27,24,26,-1,28,29,30,-1,30,29,31,-1,30,31,32,-1,32,31,33,-1,32,33,34,-1,34,33,35,-1,34,35,36,-1,36,35,37,-1,36,37,38,-1,38,37,39,-1,38,39,40,-1,40,39,41,-1,40,41,42,-1,42,41,43,-1,42,43,44,-1,44,43,45,-1,44,45,46,-1,46,45,47,-1,46,47,48,-1,48,47,49,-1,48,49,50,-1,50,49,51,-1,50,51,52,-1,52,51,53,-1,52,53,54,-1,54,53,55,-1,54,55,56,-1,56,55,57,-1,56,58,54,-1,54,58,59,-1,54,59,52,-1,52,59,60,-1,52,60,50,-1,60,61,50,-1,50,61,62,-1,50,62,48,-1,48,62,63,-1,48,63,46,-1,46,63,64,-1,46,64,44,-1,44,64,65,-1,44,65,42,-1,42,65,66,-1,42,66,40,-1,40,66,67,-1,40,67,38,-1,38,67,68,-1,38,68,36,-1,69,28,70,-1,70,28,30,-1,70,30,71,-1,71,30,32,-1,71,32,72,-1,72,32,34,-1,72,34,73,-1,73,34,36,-1,73,36,74,-1,74,36,68,-1,58,56,75,-1,75,56,57,-1,75,57,76,-1,76,57,55,-1,76,55,77,-1,77,55,53,-1,77,53,78,-1,78,53,51,-1,78,51,79,-1,79,51,49,-1,35,80,37,-1,37,80,81,-1,37,81,39,-1,39,81,82,-1,39,82,41,-1,41,82,83,-1,41,83,43,-1,43,83,84,-1,43,84,45,-1,45,84,85,-1,45,85,47,-1,47,85,86,-1,47,86,49,-1,49,86,87,-1,49,87,79,-1,29,88,31,-1,31,88,89,-1,31,89,33,-1,33,89,90,-1,33,90,35,-1,35,90,91,-1,35,91,80,-1,28,69,29,-1,29,69,88,-1,58,75,76,-1,58,76,59,-1,59,76,77,-1,59,77,60,-1,60,77,78,-1,60,78,61,-1,61,78,79,-1,61,79,62,-1,62,79,87,-1,62,87,63,-1,63,87,86,-1,63,86,64,-1,64,86,85,-1,64,85,65,-1,65,85,84,-1,65,84,66,-1,66,84,83,-1,66,83,67,-1,67,83,82,-1,67,82,68,-1,68,82,81,-1,68,81,74,-1,74,81,80,-1,74,80,73,-1,73,80,91,-1,73,91,72,-1,72,91,90,-1,72,90,71,-1,71,90,89,-1,71,89,70,-1,70,89,88,-1,70,88,69,-1,92,93,94,-1,94,93,95,-1,94,95,96,-1,96,95,97,-1,96,97,98,-1,98,97,99,-1,98,99,100,-1,100,99,101,-1,100,101,102,-1,102,101,103,-1,102,103,104,-1,104,103,105,-1,104,105,106,-1,106,105,107,-1,106,107,108,-1,108,107,109,-1,108,109,110,-1,110,109,111,-1,110,111,112,-1,112,111,113,-1,112,113,114,-1,114,113,115,-1,114,115,116,-1,116,115,117,-1,116,117,118,-1,118,117,119,-1,118,119,120,-1,120,119,121,-1,120,122,118,-1,118,122,123,-1,118,123,116,-1,116,123,124,-1,116,124,114,-1,125,92,126,-1,126,92,94,-1,126,94,127,-1,127,94,96,-1,127,96,128,-1,128,96,98,-1,128,98,129,-1,129,98,100,-1,124,130,114,-1,114,130,131,-1,114,131,112,-1,112,131,132,-1,112,132,110,-1,110,132,133,-1,110,133,108,-1,108,133,134,-1,108,134,106,-1,106,134,135,-1,106,135,104,-1,104,135,136,-1,104,136,102,-1,102,136,137,-1,102,137,100,-1,100,137,138,-1,100,138,129,-1,122,120,139,-1,139,120,121,-1,93,140,95,-1,95,140,141,-1,95,141,97,-1,97,141,142,-1,97,142,99,-1,139,121,143,-1,143,121,119,-1,143,119,144,-1,144,119,117,-1,144,117,145,-1,145,117,115,-1,145,115,146,-1,146,115,113,-1,142,147,99,-1,99,147,148,-1,99,148,101,-1,101,148,149,-1,101,149,103,-1,103,149,150,-1,103,150,105,-1,105,150,151,-1,105,151,107,-1,107,151,152,-1,107,152,109,-1,109,152,153,-1,109,153,111,-1,111,153,154,-1,111,154,113,-1,113,154,155,-1,113,155,146,-1,92,125,93,-1,93,125,140,-1,122,139,143,-1,122,143,123,-1,123,143,144,-1,123,144,124,-1,124,144,145,-1,124,145,130,-1,130,145,146,-1,130,146,131,-1,131,146,155,-1,131,155,132,-1,132,155,154,-1,132,154,133,-1,133,154,153,-1,133,153,134,-1,134,153,152,-1,134,152,135,-1,135,152,151,-1,135,151,136,-1,136,151,150,-1,136,150,137,-1,137,150,149,-1,137,149,138,-1,138,149,148,-1,138,148,129,-1,129,148,147,-1,129,147,128,-1,128,147,142,-1,128,142,127,-1,127,142,141,-1,127,141,126,-1,126,141,140,-1,126,140,125,-1,156,157,158,-1,158,157,159,-1,160,161,159,-1,159,161,158,-1,162,160,157,-1,157,160,159,-1,163,162,156,-1,156,162,157,-1,161,163,158,-1,158,163,156,-1,161,160,163,-1,163,160,162,-1,164,165,166,-1,166,165,167,-1,168,169,167,-1,167,169,166,-1,170,168,165,-1,165,168,167,-1,171,170,164,-1,164,170,165,-1,169,171,166,-1,166,171,164,-1,169,168,171,-1,171,168,170,-1,
        ]
    }
}
Shape{
    appearance Appearance {
        material  Material 	{
            diffuseColor 0.25098039215686274 0.25098039215686274 0.25098039215686274
            specularColor 0.12549019607843137 0.12549019607843137 0.12549019607843137
            ambientIntensity 0.2
            transparency 0
            shininess 0.5
        }
    }
    geometry IndexedFaceSet {
        ccw TRUE
        solid FALSE
        coord DEF co Coordinate {
            point [
                -0.2552 -0.002 -0.0735, -0.2552 -0.0925 -0.0735, -0.332 -0.0925 -0.0735, -0.3392 -0.0802 -0.0735, -0.3493 -0.0702 -0.0735, -0.3084 0.0512 -0.0735, -0.3615 -0.063 -0.0735, -0.3615 0.0512 -0.0735, 0.1699 -0.0925 -0.0735, 0.0636 -0.0925 -0.0735, 0.1699 0.0512 -0.0735, 0.0636 0.0512 -0.0735, 0.1699 0.1929 -0.0735, 0.0636 0.1929 -0.0735, 0.1699 0.3366 -0.0735, 0.0636 0.3366 -0.0735, -0.0427 0.1929 -0.0735, -0.1489 0.1929 -0.0735, -0.0427 0.3366 -0.0735, -0.1489 0.3366 -0.0735, -0.0427 -0.0925 -0.0735, -0.1489 -0.0925 -0.0735, -0.0427 0.0512 -0.0735, -0.1489 0.0512 -0.0735, 0.2762 0.0512 -0.0735, 0.3825 0.0512 -0.0735, 0.3825 -0.063 -0.0735, 0.353 -0.0925 -0.0735, 0.2762 -0.0925 -0.0735, 0.3602 -0.0802 -0.0735, 0.3703 -0.0702 -0.0735, 0.2762 0.1929 -0.0735, 0.2762 0.3366 -0.0735, 0.353 0.3366 -0.0735, 0.3825 0.3071 -0.0735, 0.3825 0.1929 -0.0735, 0.3703 0.3143 -0.0735, 0.3602 0.3243 -0.0735, -0.2552 0.1929 -0.0735, -0.3615 0.1929 -0.0735, -0.3615 0.3071 -0.0735, -0.332 0.3366 -0.0735, -0.2552 0.3366 -0.0735, -0.3392 0.3243 -0.0735, -0.3493 0.3143 -0.0735, -0.3615 0.0512 -0.1325, -0.3084 0.0512 -0.1325, -0.3615 -0.063 -0.1325, -0.332 -0.0925 -0.1325, -0.3392 -0.0802 -0.1325, -0.3493 -0.0702 -0.1325, -0.2552 -0.0925 -0.1325, -0.2552 -0.002 -0.1325, 0.0636 0.0512 -0.1325, 0.1699 0.0512 -0.1325, 0.0636 -0.0925 -0.1325, 0.1699 -0.0925 -0.1325, 0.0636 0.3366 -0.1325, 0.1699 0.3366 -0.1325, 0.0636 0.1929 -0.1325, 0.1699 0.1929 -0.1325, -0.1489 0.3366 -0.1325, -0.0427 0.3366 -0.1325, -0.1489 0.1929 -0.1325, -0.0427 0.1929 -0.1325, -0.1489 0.0512 -0.1325, -0.0427 0.0512 -0.1325, -0.1489 -0.0925 -0.1325, -0.0427 -0.0925 -0.1325, 0.2762 -0.0925 -0.1325, 0.2762 0.0512 -0.1325, 0.353 -0.0925 -0.1325, 0.3825 -0.063 -0.1325, 0.3703 -0.0702 -0.1325, 0.3602 -0.0802 -0.1325, 0.3825 0.0512 -0.1325, 0.3825 0.1929 -0.1325, 0.2762 0.1929 -0.1325, 0.3825 0.3071 -0.1325, 0.353 0.3366 -0.1325, 0.3602 0.3243 -0.1325, 0.3703 0.3143 -0.1325, 0.2762 0.3366 -0.1325, -0.2552 0.3366 -0.1325, -0.2552 0.1929 -0.1325, -0.332 0.3366 -0.1325, -0.3615 0.3071 -0.1325, -0.3493 0.3143 -0.1325, -0.3392 0.3243 -0.1325, -0.3615 0.1929 -0.1325, 0.3757 -0.1065 0.0446, 0.3747 -0.1142 0.0446, 0.3747 -0.1142 -0.1325, 0.3757 -0.1065 -0.1325, 0.377 -0.1033 -0.1325, 0.3786 -0.0994 0.0446, 0.3786 -0.0994 -0.1325, 0.3833 -0.0933 0.0446, 0.3833 -0.0933 -0.1325, 0.3894 -0.0886 0.0446, 0.3894 -0.0886 -0.1325, 0.3934 -0.087 -0.1325, 0.3966 -0.0857 0.0446, 0.3966 -0.0857 -0.1325, 0.4042 -0.0846 0.0446, 0.4042 -0.0846 -0.1325, 0.4042 -0.0768 0.0446, 0.3945 -0.078 0.0446, 0.3855 -0.0818 0.0446, 0.3778 -0.0877 0.0446, 0.3718 -0.0955 0.0446, 0.3681 -0.1045 0.0446, 0.3668 -0.1142 0.0446, 0.2231 -0.1142 -0.1325, -0.3547 -0.1065 -0.1325, -0.356 -0.1033 -0.1325, -0.2021 -0.1033 -0.1325, -0.3832 -0.0846 -0.1325, -0.3832 0.122 -0.1325, -0.2021 0.122 -0.1325, -0.3623 -0.0933 -0.1325, -0.3684 -0.0886 -0.1325, -0.3756 -0.0857 -0.1325, -0.3576 -0.0994 -0.1325, 0.2231 -0.1033 -0.1325, 0.3934 0.122 -0.1325, 0.2231 0.122 -0.1325, 0.3934 0.3311 -0.1325, 0.3966 0.3297 -0.1325, 0.4042 0.122 -0.1325, 0.4042 0.3287 -0.1325, 0.3833 0.3374 -0.1325, 0.3786 0.3435 -0.1325, 0.3757 0.3506 -0.1325, 0.3894 0.3327 -0.1325, 0.2231 0.3583 -0.1325, 0.3747 0.3583 -0.1325, -0.3832 0.3287 -0.1325, -0.3537 0.3583 -0.1325, -0.2021 0.3583 -0.1325, -0.3756 0.3297 -0.1325, -0.3684 0.3327 -0.1325, -0.3623 0.3374 -0.1325, -0.3576 0.3435 -0.1325, -0.3547 0.3506 -0.1325, 0.0105 0.3583 -0.1325, 0.0105 0.122 -0.1325, 0.0105 -0.1033 -0.1325, 0.0105 -0.1142 -0.1325, -0.2021 -0.1142 -0.1325, -0.3537 -0.1142 -0.1325, 0.3966 0.3297 0.0446, 0.4042 0.3287 0.0446, 0.3894 0.3327 0.0446, 0.3833 0.3374 0.0446, 0.3786 0.3435 0.0446, 0.3757 0.3506 0.0446, 0.3747 0.3583 0.0446, 0.3668 0.3583 0.0446, 0.3681 0.3486 0.0446, 0.3718 0.3396 0.0446, 0.3778 0.3318 0.0446, 0.3855 0.3259 0.0446, 0.3945 0.3221 0.0446, 0.4042 0.3209 0.0446, -0.3537 -0.1142 0.0446, -0.3458 -0.1142 0.0446, -0.3547 -0.1065 0.0446, -0.3471 -0.1045 0.0446, -0.3576 -0.0994 0.0446, -0.3508 -0.0955 0.0446, -0.3623 -0.0933 0.0446, -0.3568 -0.0877 0.0446, -0.3684 -0.0886 0.0446, -0.3645 -0.0818 0.0446, -0.3756 -0.0857 0.0446, -0.3735 -0.078 0.0446, -0.3832 -0.0846 0.0446, -0.3832 -0.0768 0.0446, -0.3537 0.3583 0.0446, -0.3547 0.3506 0.0446, -0.3576 0.3435 0.0446, -0.3623 0.3374 0.0446, -0.3684 0.3327 0.0446, -0.3756 0.3297 0.0446, -0.3832 0.3287 0.0446, -0.3832 0.3209 0.0446, -0.3735 0.3221 0.0446, -0.3645 0.3259 0.0446, -0.3568 0.3318 0.0446, -0.3508 0.3396 0.0446, -0.3471 0.3486 0.0446, -0.3458 0.3583 0.0446, -0.3458 -0.1142 0.1037, -0.3471 -0.1045 0.1037, -0.3508 -0.0955 0.1037, -0.3568 -0.0877 0.1037, -0.3645 -0.0818 0.1037, -0.3735 -0.078 0.1037, -0.3832 -0.0768 0.1037, 0.3668 -0.1142 0.1037, 0.4042 -0.0768 0.1037, 0.3945 -0.078 0.1037, 0.3855 -0.0818 0.1037, 0.3778 -0.0877 0.1037, 0.3718 -0.0955 0.1037, 0.3681 -0.1045 0.1037, 0.4042 0.3209 0.1037, 0.3668 0.3583 0.1037, 0.3681 0.3486 0.1037, 0.3718 0.3396 0.1037, 0.3778 0.3318 0.1037, 0.3855 0.3259 0.1037, 0.3945 0.3221 0.1037, -0.3458 0.3583 0.1037, -0.3832 0.3209 0.1037, -0.3735 0.3221 0.1037, -0.3645 0.3259 0.1037, -0.3568 0.3318 0.1037, -0.3508 0.3396 0.1037, -0.3471 0.3486 0.1037, -0.3471 0.3486 0.1037
            ]
        }
        coordIndex [
            0,1,2,-1,2,3,0,-1,0,3,4,-1,0,4,5,-1,5,4,6,-1,5,6,7,-1,8,9,10,-1,10,9,11,-1,12,13,14,-1,14,13,15,-1,16,17,18,-1,18,17,19,-1,20,21,22,-1,22,21,23,-1,24,25,26,-1,27,28,29,-1,29,28,24,-1,29,24,30,-1,30,24,26,-1,31,32,33,-1,34,35,36,-1,36,35,31,-1,36,31,37,-1,37,31,33,-1,38,39,40,-1,41,42,43,-1,43,42,38,-1,43,38,44,-1,44,38,40,-1,45,46,7,-1,7,46,5,-1,47,45,6,-1,6,45,7,-1,2,48,49,-1,2,49,3,-1,3,49,50,-1,3,50,4,-1,4,50,47,-1,4,47,6,-1,51,48,1,-1,1,48,2,-1,52,51,0,-1,0,51,1,-1,46,52,5,-1,5,52,0,-1,53,54,11,-1,11,54,10,-1,55,53,9,-1,9,53,11,-1,56,55,8,-1,8,55,9,-1,54,56,10,-1,10,56,8,-1,57,58,15,-1,15,58,14,-1,59,57,13,-1,13,57,15,-1,60,59,12,-1,12,59,13,-1,58,60,14,-1,14,60,12,-1,61,62,19,-1,19,62,18,-1,63,61,17,-1,17,61,19,-1,64,63,16,-1,16,63,17,-1,62,64,18,-1,18,64,16,-1,65,66,23,-1,23,66,22,-1,67,65,21,-1,21,65,23,-1,68,67,20,-1,20,67,21,-1,66,68,22,-1,22,68,20,-1,69,70,28,-1,28,70,24,-1,71,69,27,-1,27,69,28,-1,26,72,73,-1,26,73,30,-1,30,73,74,-1,30,74,29,-1,29,74,71,-1,29,71,27,-1,75,72,25,-1,25,72,26,-1,70,75,24,-1,24,75,25,-1,76,77,35,-1,35,77,31,-1,78,76,34,-1,34,76,35,-1,33,79,80,-1,33,80,37,-1,37,80,81,-1,37,81,36,-1,36,81,78,-1,36,78,34,-1,82,79,32,-1,32,79,33,-1,77,82,31,-1,31,82,32,-1,83,84,42,-1,42,84,38,-1,85,83,41,-1,41,83,42,-1,40,86,87,-1,40,87,44,-1,44,87,88,-1,44,88,43,-1,43,88,85,-1,43,85,41,-1,89,86,39,-1,39,86,40,-1,84,89,38,-1,38,89,39,-1,90,91,92,-1,92,93,90,-1,90,93,94,-1,90,94,95,-1,95,94,96,-1,95,96,97,-1,97,96,98,-1,97,98,99,-1,98,100,99,-1,99,100,101,-1,99,101,102,-1,102,101,103,-1,102,103,104,-1,104,103,105,-1,104,106,102,-1,102,106,107,-1,102,107,99,-1,99,107,108,-1,99,108,97,-1,97,108,109,-1,97,109,95,-1,95,109,110,-1,95,110,90,-1,90,110,111,-1,90,111,91,-1,91,111,112,-1,93,92,113,-1,114,115,116,-1,47,117,45,-1,45,117,118,-1,45,118,46,-1,46,118,119,-1,46,119,52,-1,52,119,51,-1,120,121,47,-1,47,121,122,-1,47,122,117,-1,119,116,51,-1,51,116,115,-1,51,115,48,-1,48,115,123,-1,48,123,49,-1,49,123,120,-1,49,120,50,-1,50,120,47,-1,124,94,93,-1,125,75,126,-1,126,75,70,-1,126,70,124,-1,124,70,69,-1,124,69,94,-1,94,69,71,-1,94,71,96,-1,96,71,74,-1,96,74,98,-1,98,74,73,-1,98,73,100,-1,100,73,72,-1,100,72,101,-1,72,75,101,-1,101,75,125,-1,101,125,103,-1,103,125,105,-1,125,127,128,-1,105,125,129,-1,129,125,128,-1,129,128,130,-1,78,81,131,-1,131,81,80,-1,131,80,132,-1,132,80,79,-1,132,79,133,-1,131,134,78,-1,78,134,127,-1,78,127,76,-1,76,127,125,-1,76,125,77,-1,77,125,126,-1,77,126,82,-1,82,126,135,-1,82,135,79,-1,79,135,136,-1,79,136,133,-1,137,86,89,-1,85,138,83,-1,83,138,139,-1,83,139,84,-1,84,139,119,-1,84,119,89,-1,89,119,118,-1,89,118,137,-1,137,140,86,-1,86,140,141,-1,86,141,87,-1,87,141,142,-1,87,142,88,-1,88,142,143,-1,88,143,85,-1,85,143,144,-1,85,144,138,-1,61,139,62,-1,62,139,145,-1,62,145,64,-1,64,145,146,-1,64,146,63,-1,63,146,119,-1,63,119,61,-1,61,119,139,-1,57,145,58,-1,58,145,135,-1,58,135,60,-1,60,135,126,-1,60,126,59,-1,59,126,146,-1,59,146,57,-1,57,146,145,-1,65,119,66,-1,66,119,146,-1,66,146,68,-1,68,146,147,-1,68,147,67,-1,67,147,116,-1,67,116,65,-1,65,116,119,-1,53,146,54,-1,54,146,126,-1,54,126,56,-1,56,126,124,-1,56,124,55,-1,55,124,147,-1,55,147,53,-1,53,147,146,-1,93,113,124,-1,124,113,148,-1,124,148,147,-1,147,148,149,-1,147,149,116,-1,116,149,150,-1,116,150,114,-1,151,152,130,-1,130,128,151,-1,151,128,127,-1,151,127,153,-1,153,127,134,-1,153,134,154,-1,154,134,131,-1,154,131,155,-1,155,131,132,-1,155,132,156,-1,156,132,133,-1,156,133,157,-1,157,133,136,-1,157,158,156,-1,156,158,159,-1,156,159,155,-1,155,159,160,-1,155,160,154,-1,154,160,161,-1,154,161,153,-1,153,161,162,-1,153,162,151,-1,151,162,163,-1,151,163,152,-1,152,163,164,-1,165,166,167,-1,167,166,168,-1,167,168,169,-1,169,168,170,-1,169,170,171,-1,171,170,172,-1,171,172,173,-1,173,172,174,-1,173,174,175,-1,175,174,176,-1,175,176,177,-1,177,176,178,-1,177,117,175,-1,175,117,122,-1,175,122,173,-1,173,122,121,-1,173,121,171,-1,171,121,120,-1,171,120,169,-1,120,123,169,-1,169,123,115,-1,169,115,167,-1,167,115,114,-1,167,114,165,-1,165,114,150,-1,179,138,180,-1,180,138,144,-1,180,144,181,-1,181,144,143,-1,181,143,182,-1,182,143,142,-1,182,142,183,-1,183,142,141,-1,183,141,184,-1,184,141,140,-1,184,140,185,-1,185,140,137,-1,185,186,184,-1,184,186,187,-1,184,187,183,-1,183,187,188,-1,183,188,182,-1,182,188,189,-1,182,189,181,-1,181,189,190,-1,181,190,180,-1,180,190,191,-1,180,191,179,-1,179,191,192,-1,166,193,168,-1,168,193,194,-1,168,194,170,-1,170,194,195,-1,170,195,172,-1,172,195,196,-1,172,196,174,-1,174,196,197,-1,174,197,176,-1,176,197,198,-1,176,198,178,-1,178,198,199,-1,92,91,113,-1,113,91,112,-1,113,112,148,-1,165,150,166,-1,166,150,149,-1,166,149,193,-1,193,149,148,-1,193,148,200,-1,200,148,112,-1,106,201,107,-1,107,201,202,-1,107,202,108,-1,108,202,203,-1,108,203,109,-1,109,203,204,-1,109,204,110,-1,110,204,205,-1,110,205,111,-1,111,205,206,-1,111,206,112,-1,112,206,200,-1,130,152,129,-1,129,152,164,-1,104,105,106,-1,106,105,129,-1,106,129,201,-1,201,129,164,-1,201,164,207,-1,158,208,159,-1,159,208,209,-1,159,209,160,-1,160,209,210,-1,160,210,161,-1,161,210,211,-1,161,211,162,-1,162,211,212,-1,162,212,163,-1,163,212,213,-1,163,213,164,-1,164,213,207,-1,138,179,139,-1,139,179,192,-1,139,192,145,-1,157,136,158,-1,158,136,135,-1,158,135,208,-1,208,135,145,-1,208,145,214,-1,214,145,192,-1,186,215,187,-1,187,215,216,-1,187,216,188,-1,188,216,217,-1,188,217,189,-1,189,217,218,-1,189,218,190,-1,190,218,219,-1,190,219,191,-1,191,219,220,-1,191,220,192,-1,192,220,214,-1,117,177,118,-1,118,177,178,-1,185,137,186,-1,186,137,118,-1,186,118,215,-1,215,118,178,-1,215,178,199,-1,203,202,208,-1,212,211,202,-1,211,210,202,-1,202,210,209,-1,202,209,208,-1,197,196,216,-1,216,196,195,-1,216,195,217,-1,201,207,202,-1,202,207,213,-1,202,213,212,-1,215,199,216,-1,216,199,198,-1,216,198,197,-1,193,200,194,-1,194,200,206,-1,194,206,195,-1,195,206,205,-1,195,205,208,-1,208,205,204,-1,208,204,203,-1,214,220,208,-1,208,220,219,-1,208,219,195,-1,195,219,218,-1,195,218,217,-1,
        ]
    }
}
Shape{
    appearance Appearance {
        material  Material 	{
            diffuseColor 1.0 0.8117647058823529 0.5019607843137255
            specularColor 0.8784313725490196 0.7137254901960784 0.44313725490196076
            ambientIntensity 0.2
            transparency 0
            shininess 0.5
        }
    }
    geometry IndexedFaceSet {
        ccw TRUE
        solid FALSE
        coord DEF co Coordinate {
            point [
                -0.0427 0.1929 -0.1325, -0.1489 0.1929 -0.1325, -0.0427 0.3366 -0.1325, -0.1489 0.3366 -0.1325, -0.1489 0.3366 -0.0735, -0.0427 0.3366 -0.0735, -0.1489 0.1929 -0.0735, -0.0427 0.1929 -0.0735, -0.3537 -0.1142 0.0446, -0.3537 -0.1142 0.1037, -0.3539 -0.1109 0.0446, -0.3539 -0.1109 0.1037, -0.3544 -0.1076 0.0446, -0.3544 -0.1076 0.1037, -0.3553 -0.1044 0.0446, -0.3553 -0.1044 0.1037, -0.3566 -0.1014 0.0446, -0.3566 -0.1014 0.1037, -0.3582 -0.0985 0.0446, -0.3582 -0.0985 0.1037, -0.3601 -0.0958 0.0446, -0.3601 -0.0958 0.1037, -0.3623 -0.0933 0.0446, -0.3623 -0.0933 0.1037, -0.3648 -0.0911 0.0446, -0.3648 -0.0911 0.1037, -0.3675 -0.0892 0.0446, -0.3675 -0.0892 0.1037, -0.3704 -0.0876 0.0446, -0.3704 -0.0876 0.1037, -0.3734 -0.0863 0.0446, -0.3734 -0.0863 0.1037, -0.3766 -0.0854 0.0446, -0.3766 -0.0854 0.1037, -0.3799 -0.0848 0.0446, -0.3799 -0.0848 0.1037, -0.3832 -0.0846 0.0446, -0.3832 -0.0846 0.1037, -0.3458 -0.1142 0.0446, -0.346 -0.1105 0.0446, -0.3465 -0.1069 0.0446, -0.3474 -0.1033 0.0446, -0.3486 -0.0999 0.0446, -0.3832 -0.0768 0.0446, -0.3795 -0.077 0.0446, -0.3759 -0.0775 0.0446, -0.3723 -0.0784 0.0446, -0.3689 -0.0796 0.0446, -0.3656 -0.0812 0.0446, -0.3624 -0.0831 0.0446, -0.3595 -0.0853 0.0446, -0.3568 -0.0877 0.0446, -0.3543 -0.0904 0.0446, -0.3521 -0.0934 0.0446, -0.3502 -0.0965 0.0446, -0.3832 -0.0768 0.1037, -0.3458 -0.1142 0.1037, -0.346 -0.1105 0.1037, -0.3465 -0.1069 0.1037, -0.3795 -0.077 0.1037, -0.3759 -0.0775 0.1037, -0.3723 -0.0784 0.1037, -0.3689 -0.0796 0.1037, -0.3474 -0.1033 0.1037, -0.3486 -0.0999 0.1037, -0.3502 -0.0965 0.1037, -0.3521 -0.0934 0.1037, -0.3543 -0.0904 0.1037, -0.3568 -0.0877 0.1037, -0.3595 -0.0853 0.1037, -0.3624 -0.0831 0.1037, -0.3656 -0.0812 0.1037, -0.3656 -0.0812 0.1037
            ]
        }
        coordIndex [
            0,1,2,-1,2,1,3,-1,4,5,3,-1,3,5,2,-1,6,4,1,-1,1,4,3,-1,7,6,0,-1,0,6,1,-1,5,7,2,-1,2,7,0,-1,5,4,7,-1,7,4,6,-1,8,9,10,-1,10,9,11,-1,10,11,12,-1,12,11,13,-1,12,13,14,-1,14,13,15,-1,14,15,16,-1,16,15,17,-1,16,17,18,-1,18,17,19,-1,18,19,20,-1,20,19,21,-1,20,21,22,-1,22,21,23,-1,22,23,24,-1,24,23,25,-1,24,25,26,-1,26,25,27,-1,26,27,28,-1,28,27,29,-1,28,29,30,-1,30,29,31,-1,30,31,32,-1,32,31,33,-1,32,33,34,-1,34,33,35,-1,34,35,36,-1,36,35,37,-1,38,8,39,-1,39,8,10,-1,39,10,40,-1,40,10,12,-1,40,12,41,-1,41,12,14,-1,41,14,42,-1,42,14,16,-1,36,43,34,-1,34,43,44,-1,34,44,32,-1,32,44,45,-1,32,45,30,-1,45,46,30,-1,30,46,47,-1,30,47,28,-1,28,47,48,-1,28,48,26,-1,26,48,49,-1,26,49,24,-1,24,49,50,-1,24,50,22,-1,22,50,51,-1,22,51,20,-1,20,51,52,-1,20,52,18,-1,18,52,53,-1,18,53,16,-1,16,53,54,-1,16,54,42,-1,43,36,55,-1,55,36,37,-1,9,56,11,-1,11,56,57,-1,11,57,13,-1,13,57,58,-1,13,58,15,-1,55,37,59,-1,59,37,35,-1,59,35,60,-1,60,35,33,-1,60,33,61,-1,61,33,31,-1,61,31,62,-1,62,31,29,-1,58,63,15,-1,15,63,64,-1,15,64,17,-1,17,64,65,-1,17,65,19,-1,19,65,66,-1,19,66,21,-1,21,66,67,-1,21,67,23,-1,23,67,68,-1,23,68,25,-1,25,68,69,-1,25,69,27,-1,27,69,70,-1,27,70,29,-1,29,70,71,-1,29,71,62,-1,8,38,9,-1,9,38,56,-1,43,55,59,-1,43,59,44,-1,44,59,60,-1,44,60,45,-1,45,60,61,-1,45,61,46,-1,46,61,62,-1,46,62,47,-1,47,62,71,-1,47,71,48,-1,48,71,70,-1,48,70,49,-1,49,70,69,-1,49,69,50,-1,50,69,68,-1,50,68,51,-1,51,68,67,-1,51,67,52,-1,52,67,66,-1,52,66,53,-1,53,66,65,-1,53,65,54,-1,54,65,64,-1,54,64,42,-1,42,64,63,-1,42,63,41,-1,41,63,58,-1,41,58,40,-1,40,58,57,-1,40,57,39,-1,39,57,56,-1,39,56,38,-1,
        ]
    }
}
Shape{
    appearance Appearance {
        material  Material 	{
            diffuseColor 0.8431372549019608 0.8156862745098039 0.7529411764705882
            specularColor 0.8431372549019608 0.8156862745098039 0.7529411764705882
            ambientIntensity 0.2
            transparency 0
            shininess 0.5
        }
    }
    geometry IndexedFaceSet {
        ccw TRUE
        solid FALSE
        coord DEF co Coordinate {
            point [
                -0.3281 -0.0984 0.143, -0.0894 -0.0984 0.143, -0.0894 -0.0553 0.143, 0.1845 -0.0079 0.143, 0.1862 -0.0122 0.143, 0.1987 -0.0122 0.143, 0.0667 -0.0146 0.143, 0.0672 -0.0122 0.143, -0.0894 -0.0122 0.143, 0.1819 -0.0043 0.143, 0.1987 -0.0043 0.143, 0.1807 -0.0025 0.143, 0.1987 0.0228 0.143, 0.1755 0.0018 0.143, 0.1503 0.0256 0.143, 0.1544 0.0228 0.143, 0.1587 0.0199 0.143, 0.165 0.0127 0.143, 0.169 0.0049 0.143, 0.1699 0.0046 0.143, 0.1148 0.0252 0.143, 0.1235 0.0286 0.143, -0.0894 0.3425 0.143, 0.1987 0.3425 0.143, 0.1329 0.0297 0.143, 0.1407 0.0289 0.143, 0.1109 0.0228 0.143, -0.0894 0.0228 0.143, 0.1101 0.0223 0.143, 0.0899 0.0135 0.143, 0.0974 0.0144 0.143, 0.1057 0.0185 0.143, 0.0996 0.0143 0.143, 0.1018 0.014 0.143, 0.0756 0.0053 0.143, 0.0769 0.0065 0.143, 0.0829 0.0107 0.143, 0.068 -0.0074 0.143, -0.0894 -0.0043 0.143, 0.0694 -0.0043 0.143, 0.071 -0.0006 0.143, 0.0806 -0.0421 0.143, 0.0747 -0.037 0.143, -0.0894 -0.0467 0.143, 0.0874 -0.0454 0.143, 0.0703 -0.0309 0.143, 0.0676 -0.0238 0.143, 0.0667 -0.0164 0.143, 0.0898 -0.0462 0.143, 0.0901 -0.0467 0.143, 0.0917 -0.0501 0.143, 0.0945 -0.0536 0.143, 0.0982 -0.0564 0.143, 0.0966 -0.0553 0.143, 0.119 -0.0553 0.143, 0.1165 -0.057 0.143, 0.1987 -0.0984 0.143, 0.1122 -0.0585 0.143, 0.1079 -0.0591 0.143, 0.107 -0.059 0.143, 0.1025 -0.0583 0.143, 0.1257 -0.0467 0.143, 0.1235 -0.0509 0.143, 0.1987 -0.0553 0.143, 0.1203 -0.0544 0.143, 0.1499 -0.0354 0.143, 0.1512 -0.0349 0.143, 0.1534 -0.0241 0.143, 0.1505 -0.0461 0.143, 0.1492 -0.0454 0.143, 0.1257 -0.0466 0.143, 0.1481 -0.0443 0.143, 0.0802 -0.0236 0.143, 0.0827 -0.0277 0.143, 0.0922 -0.0292 0.143, 0.0861 -0.0311 0.143, 0.09 -0.0334 0.143, 0.1221 -0.0274 0.143, 0.1475 -0.0141 0.143, 0.1189 -0.0244 0.143, 0.1149 -0.0222 0.143, 0.1759 -0.0185 0.143, 0.175 -0.0149 0.143, 0.1736 -0.0122 0.143, 0.0791 -0.0122 0.143, 0.1488 -0.0363 0.143, 0.1527 -0.0348 0.143, 0.1528 -0.0348 0.143, 0.1534 -0.0349 0.143, 0.0993 -0.023 0.143, 0.0954 -0.0256 0.143, 0.0786 -0.016 0.143, 0.0789 -0.0189 0.143, 0.1845 -0.0327 0.143, 0.1807 -0.038 0.143, 0.1987 -0.0467 0.143, 0.1756 -0.0424 0.143, 0.1698 -0.0452 0.143, 0.1869 -0.0137 0.143, 0.1878 -0.02 0.143, 0.1869 -0.0267 0.143, 0.1721 -0.0302 0.143, 0.1742 -0.0272 0.143, 0.1755 -0.0238 0.143, 0.176 -0.0202 0.143, 0.1035 -0.0214 0.143, 0.1079 -0.0209 0.143, 0.1103 -0.0211 0.143, 0.1635 -0.0465 0.143, 0.1523 -0.0465 0.143, 0.1518 -0.0465 0.143, 0.1468 -0.0407 0.143, 0.1468 -0.0401 0.143, 0.1268 -0.0382 0.143, 0.1471 -0.0386 0.143, 0.1478 -0.0373 0.143, 0.1538 -0.035 0.143, 0.1623 -0.035 0.143, 0.1657 -0.0343 0.143, 0.1473 -0.0431 0.143, 0.1469 -0.0418 0.143, 0.1268 -0.0419 0.143, 0.1268 -0.0401 0.143, 0.1691 -0.0328 0.143, 0.1719 -0.0305 0.143, 0.0807 -0.0074 0.143, 0.0792 -0.0116 0.143, 0.1597 -0.0054 0.143, 0.1612 -0.0054 0.143, 0.1733 -0.0116 0.143, 0.171 -0.0091 0.143, 0.1681 -0.0071 0.143, 0.1648 -0.0058 0.143, 0.1555 0.0062 0.143, 0.1512 0.0112 0.143, 0.1077 0.0001 0.143, 0.1509 0.0116 0.143, 0.1455 0.0153 0.143, 0.1106 0.0062 0.143, 0.0828 -0.0043 0.143, 0.1061 0.001 0.143, 0.1594 -0.0043 0.143, 0.1585 0.0001 0.143, 0.1018 0.0025 0.143, 0.0976 0.003 0.143, 0.0958 0.0029 0.143, 0.1149 0.0113 0.143, 0.1396 0.0176 0.143, 0.1199 0.0149 0.143, 0.1331 0.0184 0.143, 0.1261 0.0175 0.143, 0.0911 0.0018 0.143, 0.0868 -0.0004 0.143, 0.0833 -0.0035 0.143, 0.2234 -0.0228 0.143, 0.2131 -0.0228 0.143, 0.2131 -0.0314 0.143, 0.2238 -0.0467 0.143, 0.2096 -0.0464 0.143, 0.2238 -0.0464 0.143, 0.2131 -0.0344 0.143, 0.2131 -0.0434 0.143, 0.2226 -0.0344 0.143, 0.2238 -0.0434 0.143, 0.2226 -0.0314 0.143, 0.2096 -0.0198 0.143, 0.2238 -0.0122 0.143, 0.2234 -0.0198 0.143, 0.2244 -0.0122 0.143, 0.224 -0.0464 0.143, 0.2244 -0.0467 0.143, 0.224 -0.0434 0.143, 0.3254 -0.0043 0.143, 0.3167 -0.0041 0.143, 0.3129 -0.0041 0.143, 0.3066 0.0226 0.143, 0.3254 0.0228 0.143, 0.3004 0.0228 0.143, 0.3004 0.0032 0.143, 0.2991 0.0032 0.143, 0.3004 -0.0043 0.143, 0.2965 -0.0041 0.143, 0.292 -0.0043 0.143, 0.2927 -0.0041 0.143, 0.292 0.0228 0.143, 0.3004 0.0161 0.143, 0.3029 0.0226 0.143, 0.2536 0.0079 0.143, 0.2536 -0.0011 0.143, 0.2608 0.0079 0.143, 0.2608 -0.0011 0.143, 0.2631 0.0079 0.143, 0.2608 0.0228 0.143, 0.2608 0.0226 0.143, 0.2639 0.0226 0.143, 0.2645 -0.0041 0.143, 0.2695 -0.0041 0.143, 0.2645 -0.0011 0.143, 0.2695 0.0226 0.143, 0.2813 -0.0036 0.143, 0.2768 -0.0041 0.143, 0.2817 -0.0043 0.143, 0.2608 -0.0043 0.143, 0.2639 0.0195 0.143, 0.2817 0.0228 0.143, 0.2771 0.0226 0.143, 0.2536 0.0195 0.143, 0.2536 0.011 0.143, 0.2608 0.0195 0.143, 0.2608 0.011 0.143, 0.2631 0.011 0.143, 0.2501 0.0226 0.143, 0.2486 0.0228 0.143, 0.2501 -0.0041 0.143, 0.2459 -0.0043 0.143, 0.2448 0.0183 0.143, 0.2448 0.0003 0.143, 0.2445 0.0185 0.143, 0.2436 -0.0002 0.143, 0.2436 0.0188 0.143, 0.2422 -0.0009 0.143, 0.2391 -0.0014 0.143, 0.2315 0.0008 0.143, 0.2333 -0.0004 0.143, 0.2418 0.0195 0.143, 0.2309 0.0166 0.143, 0.2296 0.0147 0.143, 0.2288 0.0123 0.143, 0.2385 0.0199 0.143, 0.2375 0.0199 0.143, 0.2312 0.017 0.143, 0.2351 0.0194 0.143, 0.233 0.0185 0.143, 0.2284 0.0089 0.143, 0.2284 0.008 0.143, 0.2289 0.0053 0.143, 0.2352 -0.0011 0.143, 0.2379 -0.0015 0.143, 0.2297 0.0031 0.143, 0.231 0.0013 0.143, 0.2448 0.0219 0.143, 0.2459 0.0228 0.143, 0.2436 0.0223 0.143, 0.2436 0.0228 0.143, 0.242 0.0227 0.143, 0.2412 0.0228 0.143, 0.2385 0.023 0.143, 0.2436 0.3425 0.143, 0.2384 0.023 0.143, 0.2244 0.3425 0.143, 0.2366 0.0228 0.143, 0.2304 -0.0027 0.143, 0.2244 -0.0043 0.143, 0.2329 -0.0039 0.143, 0.235 -0.0043 0.143, 0.2282 -0.0009 0.143, 0.2264 0.0016 0.143, 0.2253 0.0044 0.143, 0.2244 0.0228 0.143, 0.2267 0.0166 0.143, 0.2286 0.0191 0.143, 0.2248 0.0087 0.143, 0.2248 0.0101 0.143, 0.2254 0.0136 0.143, 0.2293 0.0197 0.143, 0.2317 0.0215 0.143, 0.2345 0.0226 0.143, 0.2358 -0.0045 0.143, 0.2374 -0.0046 0.143, 0.2436 -0.0122 0.143, 0.2397 -0.0043 0.143, 0.2448 -0.003 0.143, 0.2443 -0.0032 0.143, 0.2436 -0.0043 0.143, 0.2436 -0.0034 0.143, 0.2414 -0.0042 0.143, 0.3769 -0.0869 0.143, 0.3832 -0.0787 0.143, 0.3693 -0.0553 0.143, 0.3871 -0.0692 0.143, 0.3885 -0.0591 0.143, 0.3491 -0.0984 0.143, 0.3593 -0.0971 0.143, 0.3254 -0.0553 0.143, 0.3688 -0.0932 0.143, 0.3693 -0.0927 0.143, -0.3661 -0.0692 0.143, -0.3622 -0.0787 0.143, -0.3559 -0.0869 0.143, -0.3383 -0.0971 0.143, -0.3478 -0.0932 0.143, -0.2909 0.0228 0.143, -0.2848 0.0236 0.143, -0.3281 0.3425 0.143, -0.2786 0.0228 0.143, -0.3383 0.3412 0.143, -0.3478 0.3372 0.143, -0.3559 0.331 0.143, -0.3622 0.3228 0.143, 0.3885 0.0228 0.143, 0.3885 0.3031 0.143, 0.3693 0.3368 0.143, 0.3871 0.3133 0.143, 0.3769 0.331 0.143, 0.3832 0.3228 0.143, -0.2459 -0.0122 0.143, -0.2454 -0.0157 0.143, -0.2467 -0.0259 0.143, -0.2507 -0.0354 0.143, -0.2467 -0.0056 0.143, -0.2746 0.0223 0.143, -0.2651 0.0183 0.143, -0.2569 0.0121 0.143, -0.2507 0.0039 0.143, -0.2473 -0.0043 0.143, -0.3126 0.0121 0.143, -0.3045 0.0183 0.143, -0.3675 0.0228 0.143, -0.3661 0.3133 0.143, -0.3675 0.3031 0.143, -0.295 0.0223 0.143, -0.3675 -0.0043 0.143, -0.3675 -0.0122 0.143, -0.3237 -0.0122 0.143, -0.3228 -0.0056 0.143, -0.3223 -0.0043 0.143, -0.3189 0.0039 0.143, -0.3675 -0.0467 0.143, -0.3086 -0.0467 0.143, -0.3126 -0.0436 0.143, -0.3189 -0.0354 0.143, -0.3228 -0.0259 0.143, -0.3241 -0.0157 0.143, -0.2746 -0.0538 0.143, -0.2848 -0.0551 0.143, -0.2569 -0.0436 0.143, -0.261 -0.0467 0.143, -0.2651 -0.0498 0.143, -0.3045 -0.0498 0.143, -0.3675 -0.0553 0.143, -0.295 -0.0538 0.143, -0.3675 -0.0591 0.143, 0.2905 0.0048 0.143, 0.2892 0.002 0.143, 0.2872 -0.0004 0.143, 0.2881 0.0182 0.143, 0.2898 0.0159 0.143, 0.2869 -0.0006 0.143, 0.2844 -0.0024 0.143, 0.2817 -0.0034 0.143, 0.2872 0.0191 0.143, 0.2812 0.0221 0.143, 0.2817 0.0219 0.143, 0.2844 0.021 0.143, 0.2908 0.0133 0.143, 0.2912 0.0096 0.143, 0.2912 0.0079 0.143, 0.2314 -0.0467 0.143, 0.231 -0.0466 0.143, 0.2425 -0.0342 0.143, 0.2425 -0.0464 0.143, 0.2436 -0.0467 0.143, 0.2391 -0.0464 0.143, 0.2297 -0.0461 0.143, 0.2288 -0.0454 0.143, 0.2285 -0.0451 0.143, 0.229 -0.0287 0.143, 0.229 -0.032 0.143, 0.2391 -0.0435 0.143, 0.2391 -0.0435 0.143, 0.2383 -0.0446 0.143, 0.2372 -0.0457 0.143, 0.239 -0.0275 0.143, 0.2401 -0.0282 0.143, 0.2278 -0.0441 0.143, 0.2274 -0.043 0.143, 0.2272 -0.0413 0.143, 0.2376 -0.0271 0.143, 0.2272 -0.0409 0.143, 0.2274 -0.0395 0.143, 0.2279 -0.0383 0.143, 0.2285 -0.0374 0.143, 0.2295 -0.0365 0.143, 0.231 -0.0357 0.143, 0.2314 -0.0305 0.143, 0.2335 -0.0351 0.143, 0.2335 -0.0298 0.143, 0.2297 -0.0283 0.143, 0.2322 -0.0274 0.143, 0.2356 -0.0269 0.143, 0.241 -0.029 0.143, 0.2417 -0.0301 0.143, 0.2422 -0.0316 0.143, 0.2391 -0.0343 0.143, 0.239 -0.0329 0.143, 0.2387 -0.0317 0.143, 0.2383 -0.031 0.143, 0.2378 -0.0305 0.143, 0.2372 -0.0301 0.143, 0.2365 -0.0298 0.143, 0.2353 -0.0297 0.143, 0.2325 -0.0469 0.143, 0.2244 -0.0553 0.143, 0.2332 -0.0469 0.143, 0.2436 -0.0553 0.143, 0.2351 -0.0467 0.143, 0.2482 -0.0431 0.143, 0.2486 -0.0432 0.143, 0.2486 -0.0361 0.143, 0.248 -0.0355 0.143, 0.2475 -0.0348 0.143, 0.247 -0.0423 0.143, 0.2472 -0.0338 0.143, 0.247 -0.0325 0.143, 0.2459 -0.0122 0.143, 0.2472 -0.0313 0.143, 0.2485 -0.0361 0.143, 0.247 -0.0458 0.143, 0.2459 -0.0467 0.143, 0.2486 -0.0463 0.143, 0.2486 -0.0467 0.143, 0.2493 -0.0466 0.143, 0.25 -0.0467 0.143, 0.2522 -0.0469 0.143, 0.2486 -0.0553 0.143, 0.2543 -0.0467 0.143, 0.2608 -0.0553 0.143, 0.259 -0.0278 0.143, 0.259 -0.031 0.143, 0.2608 -0.0467 0.143, 0.2492 -0.0285 0.143, 0.25 -0.028 0.143, 0.2486 -0.0122 0.143, 0.2476 -0.0302 0.143, 0.2482 -0.0293 0.143, 0.2486 -0.029 0.143, 0.2597 -0.0426 0.143, 0.2593 -0.0437 0.143, 0.2587 -0.0446 0.143, 0.2518 -0.0273 0.143, 0.2545 -0.0269 0.143, 0.2608 -0.0122 0.143, 0.2568 -0.0272 0.143, 0.2588 -0.0381 0.143, 0.2589 -0.0382 0.143, 0.2594 -0.0391 0.143, 0.2598 -0.0401 0.143, 0.2599 -0.0413 0.143, 0.2577 -0.0454 0.143, 0.2568 -0.046 0.143, 0.255 -0.0466 0.143, 0.2541 -0.0297 0.143, 0.2531 -0.0297 0.143, 0.2505 -0.0322 0.143, 0.2522 -0.03 0.143, 0.2515 -0.0304 0.143, 0.2505 -0.0327 0.143, 0.2506 -0.0332 0.143, 0.2509 -0.0336 0.143, 0.2512 -0.034 0.143, 0.2524 -0.0347 0.143, 0.2565 -0.0299 0.143, 0.2545 -0.0356 0.143, 0.2584 -0.0307 0.143, 0.2558 -0.0362 0.143, 0.258 -0.0374 0.143, 0.251 -0.0308 0.143, 0.2507 -0.0312 0.143, 0.2505 -0.0317 0.143, 0.2503 -0.0439 0.143, 0.2521 -0.0381 0.143, 0.2501 -0.0372 0.143, 0.2525 -0.0442 0.143, 0.2527 -0.0442 0.143, 0.2543 -0.039 0.143, 0.2544 -0.044 0.143, 0.2565 -0.0416 0.143, 0.2564 -0.0412 0.143, 0.2552 -0.0437 0.143, 0.2555 -0.0435 0.143, 0.2559 -0.0431 0.143, 0.2562 -0.0427 0.143, 0.2564 -0.0422 0.143, 0.2563 -0.0406 0.143, 0.256 -0.0402 0.143, 0.2556 -0.0398 0.143, 0.2765 -0.0274 0.143, 0.2799 -0.0274 0.143, 0.2817 -0.0122 0.143, 0.2691 -0.0464 0.143, 0.2616 -0.0274 0.143, 0.2654 -0.0274 0.143, 0.2703 -0.0417 0.143, 0.2713 -0.0417 0.143, 0.2708 -0.0433 0.143, 0.2708 -0.0433 0.143, 0.271 -0.0426 0.143, 0.2629 -0.0553 0.143, 0.2623 -0.0551 0.143, 0.267 -0.051 0.143, 0.2676 -0.0499 0.143, 0.269 -0.0467 0.143, 0.2623 -0.0522 0.143, 0.2631 -0.0524 0.143, 0.2642 -0.0526 0.143, 0.265 -0.0525 0.143, 0.2657 -0.0522 0.143, 0.2664 -0.0517 0.143, 0.2658 -0.0553 0.143, 0.2657 -0.0553 0.143, 0.2817 -0.0984 0.143, 0.2608 -0.0984 0.143, 0.2645 -0.0554 0.143, 0.2633 -0.0554 0.143, 0.2713 -0.0493 0.143, 0.2703 -0.0515 0.143, 0.2817 -0.0553 0.143, 0.2723 -0.0467 0.143, 0.2688 -0.0535 0.143, 0.2682 -0.054 0.143, 0.267 -0.0548 0.143, 0.287 -0.0344 0.143, 0.287 -0.0434 0.143, 0.292 -0.0344 0.143, 0.292 -0.0434 0.143, 0.2965 -0.0344 0.143, 0.3004 -0.0122 0.143, 0.2979 -0.0434 0.143, 0.3004 -0.0467 0.143, 0.2979 -0.0464 0.143, 0.292 -0.0467 0.143, 0.287 -0.0228 0.143, 0.287 -0.0314 0.143, 0.292 -0.0228 0.143, 0.292 -0.0314 0.143, 0.2973 -0.0228 0.143, 0.2965 -0.0314 0.143, 0.292 -0.0464 0.143, 0.2835 -0.0464 0.143, 0.2817 -0.0467 0.143, 0.2835 -0.0198 0.143, 0.292 -0.0122 0.143, 0.292 -0.0198 0.143, 0.2973 -0.0198 0.143, 0.2237 -0.0011 0.143, 0.2237 -0.0041 0.143, 0.2238 -0.0043 0.143, 0.2096 -0.0041 0.143, 0.2131 0.0226 0.143, 0.2238 0.0228 0.143, 0.2096 0.0226 0.143, 0.2238 0.3425 0.143, 0.2131 -0.0011 0.143, 0.2238 -0.0553 0.143, 0.2486 -0.0043 0.143, 0.2608 -0.0041 0.143, 0.2364 -0.0462 0.143, 0.2459 -0.0553 0.143, 0.2238 -0.0984 0.143, 0.2244 -0.0984 0.143, 0.2436 -0.0984 0.143, 0.2459 -0.0984 0.143, 0.2486 -0.0984 0.143, 0.2459 0.3425 0.143, 0.2486 0.3425 0.143, 0.2608 0.3425 0.143, 0.2817 0.3425 0.143, 0.292 0.3425 0.143, 0.3004 0.3425 0.143, 0.3254 0.3425 0.143, 0.3491 0.3425 0.143, 0.3593 0.3412 0.143, 0.3239 -0.0376 0.143, 0.3226 -0.0403 0.143, 0.3254 -0.0467 0.143, 0.3146 -0.0202 0.143, 0.3178 -0.0214 0.143, 0.3254 -0.0122 0.143, 0.3232 -0.0265 0.143, 0.3242 -0.029 0.143, 0.3247 -0.0328 0.143, 0.3246 -0.0344 0.143, 0.3206 -0.0427 0.143, 0.3204 -0.0429 0.143, 0.3178 -0.0447 0.143, 0.3147 -0.0459 0.143, 0.3103 -0.0464 0.143, 0.3029 -0.0464 0.143, 0.3029 -0.0198 0.143, 0.3105 -0.0198 0.143, 0.3102 0.0032 0.143, 0.3206 -0.0233 0.143, 0.3215 -0.0242 0.143, 0.292 -0.0553 0.143, 0.292 -0.0984 0.143, 0.3004 -0.0553 0.143, 0.3004 -0.0984 0.143, 0.3254 -0.0984 0.143, 0.3502 -0.0464 0.143, 0.3693 -0.0467 0.143, 0.34 -0.0198 0.143, 0.3693 -0.0122 0.143, 0.3693 -0.0043 0.143, 0.3693 0.0228 0.143, 0.3436 -0.0391 0.143, 0.3325 -0.0391 0.143, 0.3463 -0.0464 0.143, 0.3299 -0.0464 0.143, 0.3261 -0.0464 0.143, 0.3363 -0.0198 0.143, 0.3885 -0.0553 0.143, 0.3885 -0.0467 0.143, 0.3885 -0.0122 0.143, 0.3885 -0.0043 0.143, 0.3688 0.3372 0.143, -0.3281 -0.0984 0.1037, -0.3383 -0.0971 0.1037, -0.3478 -0.0932 0.1037, -0.3559 -0.0869 0.1037, -0.3622 -0.0787 0.1037, -0.3661 -0.0692 0.1037, -0.3675 -0.0591 0.1037, 0.3491 -0.0984 0.1037, 0.3885 -0.0591 0.1037, 0.3871 -0.0692 0.1037, 0.3832 -0.0787 0.1037, 0.3769 -0.0869 0.1037, 0.3688 -0.0932 0.1037, 0.3593 -0.0971 0.1037, 0.3885 0.3031 0.1037, 0.3491 0.3425 0.1037, 0.3593 0.3412 0.1037, 0.3688 0.3372 0.1037, 0.3769 0.331 0.1037, 0.3832 0.3228 0.1037, 0.3871 0.3133 0.1037, -0.3281 0.3425 0.1037, -0.3675 0.3031 0.1037, -0.3661 0.3133 0.1037, -0.3622 0.3228 0.1037, -0.3559 0.331 0.1037, -0.3478 0.3372 0.1037, -0.3383 0.3412 0.1037, -0.2454 -0.0157 0.1037, -0.2467 -0.0056 0.1037, -0.2507 0.0039 0.1037, -0.2569 0.0121 0.1037, -0.2651 0.0183 0.1037, -0.2746 0.0223 0.1037, -0.2848 0.0236 0.1037, -0.295 0.0223 0.1037, -0.3045 0.0183 0.1037, -0.3126 0.0121 0.1037, -0.3189 0.0039 0.1037, -0.3228 -0.0056 0.1037, -0.3241 -0.0157 0.1037, -0.3045 -0.0498 0.1037, -0.295 -0.0538 0.1037, -0.3126 -0.0436 0.1037, -0.2569 -0.0436 0.1037, -0.2507 -0.0354 0.1037, -0.2467 -0.0259 0.1037, -0.3228 -0.0259 0.1037, -0.3189 -0.0354 0.1037, -0.2848 -0.0551 0.1037, -0.2746 -0.0538 0.1037, -0.2651 -0.0498 0.1037, -0.2651 -0.0498 0.1037
            ]
        }
        coordIndex [
            0,1,2,-1,3,4,5,-1,6,7,8,-1,9,10,11,-1,11,10,12,-1,11,12,13,-1,14,15,12,-1,12,15,16,-1,12,16,17,-1,17,18,12,-1,12,18,19,-1,12,19,13,-1,20,21,22,-1,22,21,23,-1,23,21,24,-1,23,24,25,-1,20,22,26,-1,26,22,27,-1,26,27,28,-1,27,29,28,-1,28,29,30,-1,28,30,31,-1,31,30,32,-1,31,32,33,-1,34,35,27,-1,27,35,36,-1,27,36,29,-1,7,37,38,-1,38,37,39,-1,38,39,27,-1,27,39,40,-1,27,40,34,-1,41,42,43,-1,41,43,44,-1,42,45,43,-1,43,45,46,-1,43,46,8,-1,8,46,47,-1,8,47,6,-1,48,44,49,-1,49,44,43,-1,49,43,50,-1,50,43,2,-1,50,2,51,-1,1,52,2,-1,2,52,53,-1,2,53,51,-1,54,55,56,-1,56,55,57,-1,57,58,56,-1,56,58,59,-1,56,59,1,-1,1,59,60,-1,1,60,52,-1,61,62,63,-1,63,62,64,-1,65,66,67,-1,68,69,70,-1,70,69,71,-1,72,73,74,-1,74,73,75,-1,74,75,76,-1,77,78,79,-1,79,78,80,-1,81,82,78,-1,78,82,83,-1,78,83,84,-1,65,67,85,-1,66,86,67,-1,67,86,87,-1,67,87,88,-1,89,84,90,-1,90,84,91,-1,90,91,74,-1,74,91,92,-1,74,92,72,-1,93,94,95,-1,95,94,96,-1,95,96,97,-1,4,98,5,-1,5,98,99,-1,5,99,95,-1,95,99,100,-1,95,100,93,-1,101,102,67,-1,67,102,103,-1,67,103,78,-1,78,103,104,-1,78,104,81,-1,89,105,84,-1,84,105,106,-1,84,106,78,-1,78,106,107,-1,78,107,80,-1,97,108,95,-1,95,108,109,-1,95,109,70,-1,70,109,110,-1,70,110,68,-1,111,112,113,-1,113,112,114,-1,113,114,67,-1,67,114,115,-1,67,115,85,-1,88,116,67,-1,67,116,117,-1,67,117,118,-1,71,119,70,-1,70,119,120,-1,70,120,121,-1,121,120,111,-1,121,111,122,-1,122,111,113,-1,118,123,67,-1,67,123,124,-1,67,124,101,-1,125,126,127,-1,126,84,127,-1,127,84,83,-1,127,83,128,-1,128,83,129,-1,129,130,128,-1,128,130,131,-1,128,131,132,-1,133,134,135,-1,134,136,135,-1,135,136,137,-1,135,137,138,-1,139,135,140,-1,125,127,139,-1,139,127,141,-1,139,141,135,-1,135,141,142,-1,135,142,133,-1,140,143,139,-1,139,143,144,-1,139,144,145,-1,138,137,146,-1,146,137,147,-1,146,147,148,-1,148,147,149,-1,148,149,150,-1,151,152,145,-1,145,152,153,-1,145,153,139,-1,154,155,156,-1,95,157,158,-1,158,157,159,-1,160,161,162,-1,162,161,163,-1,162,163,164,-1,95,158,5,-1,5,158,165,-1,5,165,166,-1,166,165,167,-1,166,167,154,-1,156,164,154,-1,154,164,163,-1,154,163,166,-1,166,163,168,-1,159,157,169,-1,169,157,170,-1,169,170,171,-1,172,173,174,-1,173,172,175,-1,175,172,176,-1,175,176,177,-1,178,179,180,-1,180,179,181,-1,180,181,182,-1,182,181,183,-1,182,183,184,-1,184,183,185,-1,184,185,177,-1,177,185,186,-1,177,186,175,-1,187,188,189,-1,189,188,190,-1,189,190,191,-1,192,193,194,-1,195,196,197,-1,197,196,198,-1,199,200,201,-1,201,200,196,-1,201,196,202,-1,202,196,195,-1,198,194,203,-1,192,194,204,-1,204,194,198,-1,204,198,205,-1,206,207,208,-1,208,207,209,-1,208,209,203,-1,203,209,210,-1,203,210,198,-1,198,210,191,-1,198,191,197,-1,197,191,190,-1,193,192,211,-1,211,192,212,-1,211,212,213,-1,214,215,216,-1,216,215,217,-1,216,217,218,-1,218,217,219,-1,218,219,220,-1,220,219,221,-1,219,222,223,-1,224,225,219,-1,219,225,226,-1,219,226,227,-1,224,228,225,-1,225,228,229,-1,225,229,230,-1,230,229,231,-1,230,231,232,-1,227,233,219,-1,219,233,234,-1,219,234,235,-1,223,236,219,-1,219,236,237,-1,219,237,221,-1,235,238,219,-1,219,238,239,-1,219,239,222,-1,240,241,242,-1,242,241,243,-1,242,243,244,-1,244,243,245,-1,246,247,248,-1,248,247,249,-1,248,249,250,-1,251,252,253,-1,253,252,254,-1,251,255,252,-1,252,255,256,-1,252,256,257,-1,258,259,260,-1,261,262,258,-1,258,262,263,-1,258,263,259,-1,260,264,258,-1,258,264,265,-1,258,265,266,-1,267,168,268,-1,268,168,269,-1,268,269,270,-1,216,271,214,-1,214,271,272,-1,214,272,273,-1,273,272,274,-1,273,274,275,-1,276,277,278,-1,278,277,279,-1,278,279,280,-1,281,282,283,-1,283,282,284,-1,283,284,278,-1,278,284,285,-1,278,285,276,-1,286,287,0,-1,0,287,288,-1,0,288,289,-1,289,288,290,-1,291,292,293,-1,293,292,294,-1,293,294,22,-1,295,296,293,-1,293,296,297,-1,293,297,298,-1,299,300,301,-1,301,300,302,-1,301,302,303,-1,303,302,304,-1,8,305,306,-1,8,306,43,-1,43,306,307,-1,43,307,308,-1,7,38,8,-1,8,38,309,-1,8,309,305,-1,22,294,27,-1,27,294,310,-1,27,310,311,-1,311,312,27,-1,27,312,313,-1,27,313,38,-1,38,313,314,-1,38,314,309,-1,315,316,317,-1,298,318,293,-1,293,318,319,-1,293,319,291,-1,291,319,317,-1,291,317,320,-1,320,317,316,-1,321,322,323,-1,323,324,321,-1,321,324,325,-1,321,325,317,-1,317,325,326,-1,317,326,315,-1,327,328,329,-1,329,330,327,-1,327,330,331,-1,327,331,322,-1,322,331,332,-1,322,332,323,-1,333,334,2,-1,308,335,43,-1,43,335,336,-1,43,336,2,-1,2,336,337,-1,2,337,333,-1,328,327,338,-1,338,327,339,-1,338,339,340,-1,286,0,341,-1,341,0,2,-1,341,2,339,-1,339,2,334,-1,339,334,340,-1,342,343,182,-1,182,343,344,-1,345,346,184,-1,344,347,182,-1,182,347,348,-1,182,348,201,-1,201,348,349,-1,201,349,199,-1,345,184,350,-1,205,351,204,-1,204,351,352,-1,204,352,184,-1,184,352,353,-1,184,353,350,-1,346,354,184,-1,184,354,355,-1,184,355,182,-1,182,355,356,-1,182,356,342,-1,170,357,358,-1,359,360,361,-1,361,360,362,-1,358,363,170,-1,170,363,364,-1,170,364,365,-1,163,171,168,-1,168,171,170,-1,168,170,366,-1,366,170,367,-1,368,369,362,-1,362,369,370,-1,362,370,371,-1,372,373,269,-1,365,374,170,-1,170,374,375,-1,170,375,376,-1,372,269,377,-1,376,378,170,-1,170,378,379,-1,170,379,367,-1,367,379,380,-1,367,380,381,-1,381,382,367,-1,367,382,383,-1,367,383,384,-1,384,383,385,-1,384,385,386,-1,366,387,168,-1,168,387,388,-1,168,388,269,-1,269,388,389,-1,269,389,377,-1,373,390,269,-1,269,390,391,-1,269,391,392,-1,393,394,385,-1,385,394,395,-1,395,396,385,-1,385,396,397,-1,385,397,398,-1,398,399,385,-1,385,399,400,-1,385,400,386,-1,401,402,403,-1,403,402,404,-1,403,404,405,-1,406,407,408,-1,409,410,411,-1,410,412,411,-1,411,412,413,-1,411,413,414,-1,414,413,415,-1,406,408,411,-1,411,408,416,-1,411,416,409,-1,417,418,419,-1,419,418,420,-1,419,420,421,-1,421,420,422,-1,423,424,425,-1,425,424,426,-1,427,428,429,-1,430,431,432,-1,415,433,414,-1,414,433,434,-1,414,434,432,-1,432,434,435,-1,432,435,430,-1,436,437,429,-1,429,437,438,-1,431,439,432,-1,432,439,440,-1,432,440,441,-1,441,440,442,-1,441,442,427,-1,428,443,444,-1,444,445,428,-1,428,445,446,-1,428,446,429,-1,429,446,447,-1,429,447,436,-1,438,448,429,-1,429,448,449,-1,429,449,450,-1,451,452,453,-1,453,452,454,-1,453,454,455,-1,453,456,451,-1,451,456,457,-1,451,457,458,-1,458,459,451,-1,451,459,460,-1,451,460,461,-1,461,460,462,-1,461,462,463,-1,463,462,464,-1,463,464,428,-1,428,464,465,-1,428,465,443,-1,466,467,455,-1,455,467,468,-1,455,468,453,-1,469,470,407,-1,407,470,471,-1,407,471,408,-1,469,472,470,-1,470,472,473,-1,470,473,474,-1,474,473,475,-1,474,476,477,-1,475,478,474,-1,474,478,479,-1,474,479,480,-1,480,481,474,-1,474,481,482,-1,474,482,476,-1,477,483,474,-1,474,483,484,-1,474,484,485,-1,486,487,488,-1,489,490,429,-1,427,429,441,-1,441,429,490,-1,441,490,488,-1,488,490,491,-1,488,491,486,-1,486,491,492,-1,486,492,493,-1,494,495,492,-1,492,495,496,-1,492,496,493,-1,426,497,498,-1,499,500,429,-1,429,500,501,-1,429,501,489,-1,450,425,429,-1,429,425,426,-1,429,426,502,-1,502,426,498,-1,502,503,429,-1,429,503,504,-1,429,504,505,-1,505,506,429,-1,429,506,507,-1,429,507,499,-1,508,509,510,-1,510,509,511,-1,511,509,512,-1,511,512,513,-1,514,515,516,-1,514,516,517,-1,515,518,516,-1,516,518,519,-1,516,519,520,-1,521,522,523,-1,523,522,524,-1,523,524,525,-1,526,527,528,-1,528,527,529,-1,528,529,530,-1,531,532,533,-1,533,532,534,-1,533,534,535,-1,535,534,536,-1,535,536,526,-1,526,536,525,-1,526,525,527,-1,527,525,524,-1,529,537,530,-1,530,537,538,-1,530,538,539,-1,539,538,540,-1,487,539,488,-1,488,539,540,-1,488,540,541,-1,541,540,542,-1,541,542,526,-1,526,542,543,-1,526,543,535,-1,544,545,546,-1,546,545,547,-1,548,549,550,-1,550,549,12,-1,550,12,547,-1,547,12,10,-1,547,10,546,-1,25,14,23,-1,23,14,12,-1,23,12,551,-1,551,12,549,-1,551,549,249,-1,249,549,258,-1,249,258,250,-1,250,258,266,-1,257,261,252,-1,252,261,258,-1,252,258,546,-1,546,258,549,-1,546,549,544,-1,544,549,548,-1,544,548,552,-1,9,3,10,-1,10,3,5,-1,10,5,546,-1,546,5,166,-1,546,166,252,-1,252,166,168,-1,252,168,254,-1,254,168,267,-1,70,61,95,-1,95,61,63,-1,95,63,157,-1,157,63,553,-1,157,553,170,-1,170,553,402,-1,170,402,357,-1,357,402,401,-1,392,359,269,-1,269,359,361,-1,269,361,414,-1,414,361,418,-1,414,418,411,-1,411,418,417,-1,240,215,241,-1,241,215,214,-1,241,214,212,-1,212,214,554,-1,212,554,213,-1,213,554,202,-1,213,202,555,-1,555,202,195,-1,371,556,362,-1,362,556,405,-1,362,405,361,-1,361,405,404,-1,361,404,418,-1,418,404,557,-1,418,557,420,-1,420,557,424,-1,420,424,422,-1,422,424,423,-1,64,54,63,-1,63,54,56,-1,63,56,553,-1,553,56,558,-1,553,558,402,-1,402,558,559,-1,402,559,404,-1,404,559,560,-1,404,560,557,-1,557,560,561,-1,557,561,424,-1,424,561,562,-1,424,562,426,-1,426,562,511,-1,426,511,497,-1,497,511,513,-1,275,270,273,-1,273,270,269,-1,273,269,214,-1,214,269,414,-1,214,414,554,-1,554,414,432,-1,554,432,202,-1,202,432,441,-1,202,441,201,-1,201,441,488,-1,201,488,182,-1,182,488,541,-1,182,541,180,-1,180,541,526,-1,246,245,247,-1,247,245,243,-1,247,243,563,-1,563,243,241,-1,563,241,564,-1,564,241,212,-1,564,212,565,-1,565,212,192,-1,565,192,566,-1,566,192,204,-1,566,204,567,-1,567,204,184,-1,567,184,568,-1,568,184,177,-1,568,177,569,-1,569,177,176,-1,569,176,570,-1,570,176,571,-1,572,573,574,-1,575,576,577,-1,578,579,577,-1,577,579,580,-1,577,580,574,-1,574,580,581,-1,574,581,572,-1,573,582,574,-1,574,582,583,-1,574,583,584,-1,584,585,574,-1,574,585,586,-1,574,586,528,-1,528,586,587,-1,528,587,526,-1,526,587,588,-1,526,588,589,-1,590,178,174,-1,174,178,180,-1,174,180,172,-1,172,180,526,-1,172,526,577,-1,577,526,589,-1,577,589,575,-1,576,591,577,-1,577,591,592,-1,577,592,578,-1,520,508,516,-1,516,508,510,-1,516,510,593,-1,593,510,594,-1,593,594,595,-1,595,594,596,-1,595,596,283,-1,283,596,597,-1,283,597,281,-1,598,599,600,-1,600,599,601,-1,600,601,577,-1,577,601,602,-1,577,602,172,-1,172,602,603,-1,172,603,176,-1,604,605,606,-1,606,605,607,-1,598,606,599,-1,599,606,607,-1,599,607,574,-1,574,607,608,-1,574,608,577,-1,577,608,609,-1,577,609,600,-1,487,517,539,-1,539,517,516,-1,539,516,530,-1,530,516,593,-1,530,593,528,-1,528,593,595,-1,528,595,574,-1,574,595,283,-1,574,283,599,-1,599,283,278,-1,280,610,278,-1,278,610,611,-1,278,611,599,-1,599,611,612,-1,599,612,601,-1,601,612,613,-1,601,613,602,-1,602,613,299,-1,602,299,603,-1,603,299,301,-1,603,301,176,-1,176,301,614,-1,176,614,571,-1,615,0,289,-1,615,289,616,-1,616,289,290,-1,616,290,617,-1,617,290,288,-1,617,288,618,-1,618,288,287,-1,618,287,619,-1,619,287,286,-1,619,286,620,-1,620,286,341,-1,620,341,621,-1,281,0,622,-1,622,0,615,-1,623,280,279,-1,623,279,624,-1,624,279,277,-1,624,277,625,-1,625,277,276,-1,625,276,626,-1,626,276,284,-1,626,284,627,-1,627,284,282,-1,627,282,628,-1,628,282,281,-1,628,281,622,-1,300,280,629,-1,629,280,623,-1,630,570,571,-1,630,571,631,-1,631,571,614,-1,631,614,632,-1,632,614,303,-1,632,303,633,-1,633,303,304,-1,633,304,634,-1,634,304,302,-1,634,302,635,-1,635,302,300,-1,635,300,629,-1,630,636,570,-1,570,636,293,-1,637,319,318,-1,637,318,638,-1,638,318,298,-1,638,298,639,-1,639,298,297,-1,639,297,640,-1,640,297,296,-1,640,296,641,-1,641,296,295,-1,641,295,642,-1,642,295,293,-1,642,293,636,-1,637,621,319,-1,319,621,341,-1,643,306,644,-1,644,306,309,-1,644,309,645,-1,645,309,313,-1,645,313,646,-1,646,313,312,-1,646,312,647,-1,647,312,311,-1,647,311,648,-1,648,311,310,-1,648,310,649,-1,649,310,292,-1,649,292,650,-1,650,292,320,-1,650,320,651,-1,651,320,316,-1,651,316,652,-1,652,316,315,-1,652,315,653,-1,653,315,326,-1,653,326,654,-1,654,326,324,-1,654,324,655,-1,655,324,332,-1,655,621,654,-1,654,621,637,-1,656,657,615,-1,617,618,658,-1,659,660,622,-1,622,660,661,-1,622,661,643,-1,630,646,647,-1,650,651,637,-1,630,647,636,-1,651,652,637,-1,637,652,653,-1,637,653,654,-1,656,615,658,-1,658,615,616,-1,658,616,617,-1,625,626,627,-1,655,662,621,-1,621,662,663,-1,621,663,620,-1,620,663,658,-1,620,658,619,-1,619,658,618,-1,657,664,615,-1,615,664,665,-1,615,665,622,-1,622,665,666,-1,622,666,659,-1,628,622,623,-1,623,622,643,-1,623,643,629,-1,629,643,644,-1,629,644,635,-1,635,644,645,-1,628,623,627,-1,627,623,624,-1,627,624,625,-1,632,633,645,-1,645,633,634,-1,645,634,635,-1,639,640,649,-1,649,640,641,-1,650,637,649,-1,649,637,638,-1,649,638,639,-1,647,648,636,-1,636,648,649,-1,636,649,642,-1,642,649,641,-1,646,630,645,-1,645,630,631,-1,645,631,632,-1,655,332,662,-1,662,332,331,-1,662,331,663,-1,663,331,330,-1,663,330,658,-1,658,330,329,-1,658,329,656,-1,656,329,338,-1,656,338,657,-1,657,338,340,-1,657,340,664,-1,664,340,334,-1,664,334,665,-1,665,334,333,-1,665,333,666,-1,666,333,337,-1,666,337,659,-1,659,337,335,-1,659,335,660,-1,660,335,308,-1,660,308,661,-1,661,308,307,-1,661,307,643,-1,643,307,306,-1,
        ]
    }
}
Shape{
    appearance Appearance {
        material  Material 	{
            diffuseColor 0.0 0.0 0.0
            specularColor 0.0 0.0 0.0
            ambientIntensity 0.2
            transparency 0
            shininess 0.5
        }
    }
    geometry IndexedFaceSet {
        ccw TRUE
        solid FALSE
        coord DEF co Coordinate {
            point [
                0.2237 -0.0011 0.147, 0.2237 -0.0041 0.147, 0.2237 -0.0011 0.143, 0.2237 -0.0041 0.143, 0.2131 -0.0011 0.147, 0.2131 -0.0011 0.143, 0.2131 0.0226 0.147, 0.2131 0.0226 0.143, 0.2096 0.0226 0.147, 0.2096 0.0226 0.143, 0.2096 -0.0041 0.147, 0.2096 -0.0041 0.143, 0.2448 -0.003 0.143, 0.2448 -0.003 0.147, 0.2443 -0.0032 0.147, 0.2374 -0.0046 0.143, 0.2397 -0.0043 0.143, 0.2374 -0.0046 0.147, 0.2414 -0.0042 0.147, 0.2414 -0.0042 0.143, 0.2436 -0.0034 0.143, 0.2443 -0.0032 0.143, 0.2448 0.0003 0.147, 0.2448 0.0003 0.143, 0.2436 -0.0002 0.143, 0.2422 -0.0009 0.147, 0.2422 -0.0009 0.143, 0.2391 -0.0014 0.143, 0.2391 -0.0014 0.147, 0.2379 -0.0015 0.143, 0.2379 -0.0015 0.147, 0.2352 -0.0011 0.143, 0.2352 -0.0011 0.147, 0.2333 -0.0004 0.143, 0.2333 -0.0004 0.147, 0.2315 0.0008 0.143, 0.2315 0.0008 0.147, 0.231 0.0013 0.143, 0.231 0.0013 0.147, 0.2297 0.0031 0.143, 0.2297 0.0031 0.147, 0.2289 0.0053 0.143, 0.2289 0.0053 0.147, 0.2284 0.008 0.143, 0.2284 0.008 0.147, 0.2284 0.0089 0.143, 0.2284 0.0089 0.147, 0.2288 0.0123 0.143, 0.2288 0.0123 0.147, 0.2296 0.0147 0.143, 0.2296 0.0147 0.147, 0.2309 0.0166 0.143, 0.2309 0.0166 0.147, 0.2312 0.017 0.143, 0.2312 0.017 0.147, 0.233 0.0185 0.143, 0.233 0.0185 0.147, 0.2351 0.0194 0.143, 0.2351 0.0194 0.147, 0.2375 0.0199 0.143, 0.2375 0.0199 0.147, 0.2385 0.0199 0.143, 0.2385 0.0199 0.147, 0.2448 0.0183 0.143, 0.2448 0.0183 0.147, 0.2445 0.0185 0.147, 0.2418 0.0195 0.143, 0.2418 0.0195 0.147, 0.2436 0.0188 0.143, 0.2445 0.0185 0.143, 0.2448 0.0219 0.147, 0.2448 0.0219 0.143, 0.2384 0.023 0.143, 0.2384 0.023 0.147, 0.2385 0.023 0.147, 0.2436 0.0223 0.143, 0.242 0.0227 0.147, 0.242 0.0227 0.143, 0.2412 0.0228 0.143, 0.2385 0.023 0.143, 0.2366 0.0228 0.143, 0.2345 0.0226 0.147, 0.2345 0.0226 0.143, 0.2317 0.0215 0.143, 0.2317 0.0215 0.147, 0.2293 0.0197 0.143, 0.2293 0.0197 0.147, 0.2286 0.0191 0.143, 0.2286 0.0191 0.147, 0.2267 0.0166 0.143, 0.2267 0.0166 0.147, 0.2254 0.0136 0.143, 0.2254 0.0136 0.147, 0.2248 0.0101 0.143, 0.2248 0.0101 0.147, 0.2248 0.0087 0.143, 0.2248 0.0087 0.147, 0.2253 0.0044 0.143, 0.2253 0.0044 0.147, 0.2264 0.0016 0.143, 0.2264 0.0016 0.147, 0.2282 -0.0009 0.143, 0.2282 -0.0009 0.147, 0.2358 -0.0045 0.147, 0.2304 -0.0027 0.143, 0.2304 -0.0027 0.147, 0.2329 -0.0039 0.143, 0.2329 -0.0039 0.147, 0.235 -0.0043 0.143, 0.2358 -0.0045 0.143, 0.2645 -0.0011 0.147, 0.2645 -0.0041 0.147, 0.2645 -0.0011 0.143, 0.2645 -0.0041 0.143, 0.2536 -0.0011 0.143, 0.2536 -0.0011 0.147, 0.2608 -0.0011 0.143, 0.2536 0.0079 0.147, 0.2536 0.0079 0.143, 0.2631 0.0079 0.147, 0.2608 0.0079 0.143, 0.2631 0.0079 0.143, 0.2631 0.011 0.147, 0.2631 0.011 0.143, 0.2536 0.011 0.143, 0.2536 0.011 0.147, 0.2608 0.011 0.143, 0.2536 0.0195 0.147, 0.2536 0.0195 0.143, 0.2639 0.0195 0.147, 0.2608 0.0195 0.143, 0.2639 0.0195 0.143, 0.2639 0.0226 0.147, 0.2639 0.0226 0.143, 0.2501 0.0226 0.143, 0.2501 0.0226 0.147, 0.2608 0.0226 0.143, 0.2501 -0.0041 0.147, 0.2501 -0.0041 0.143, 0.2608 -0.0041 0.143, 0.2768 -0.0011 0.147, 0.2768 -0.0041 0.147, 0.2802 -0.0007 0.147, 0.2813 -0.0036 0.147, 0.2825 0.0001 0.147, 0.2844 -0.0024 0.147, 0.2843 0.0013 0.147, 0.2869 -0.0006 0.147, 0.2848 0.0017 0.147, 0.2872 -0.0004 0.147, 0.2861 0.0034 0.147, 0.2892 0.002 0.147, 0.287 0.0054 0.147, 0.2905 0.0048 0.147, 0.2875 0.0078 0.147, 0.2912 0.0079 0.147, 0.2876 0.0095 0.147, 0.2912 0.0096 0.147, 0.2873 0.0126 0.147, 0.2908 0.0133 0.147, 0.2866 0.0146 0.147, 0.2898 0.0159 0.147, 0.2856 0.0161 0.147, 0.2881 0.0182 0.147, 0.2847 0.017 0.147, 0.2872 0.0191 0.147, 0.2827 0.0183 0.147, 0.2844 0.021 0.147, 0.2804 0.0191 0.147, 0.2812 0.0221 0.147, 0.277 0.0195 0.147, 0.2771 0.0226 0.147, 0.2729 0.0195 0.147, 0.2695 0.0226 0.147, 0.2729 -0.0011 0.147, 0.2695 -0.0041 0.147, 0.2768 -0.0041 0.143, 0.2695 -0.0041 0.143, 0.2813 -0.0036 0.143, 0.2817 -0.0034 0.143, 0.2844 -0.0024 0.143, 0.2869 -0.0006 0.143, 0.2872 -0.0004 0.143, 0.2892 0.002 0.143, 0.2905 0.0048 0.143, 0.2912 0.0079 0.143, 0.2912 0.0096 0.143, 0.2908 0.0133 0.143, 0.2898 0.0159 0.143, 0.2881 0.0182 0.143, 0.2872 0.0191 0.143, 0.2771 0.0226 0.143, 0.2844 0.021 0.143, 0.2817 0.0219 0.143, 0.2812 0.0221 0.143, 0.2695 0.0226 0.143, 0.277 0.0195 0.143, 0.2729 0.0195 0.143, 0.2729 -0.0011 0.143, 0.2768 -0.0011 0.143, 0.2848 0.0017 0.143, 0.2843 0.0013 0.143, 0.2825 0.0001 0.143, 0.2802 -0.0007 0.143, 0.2876 0.0095 0.143, 0.2875 0.0078 0.143, 0.287 0.0054 0.143, 0.2861 0.0034 0.143, 0.2847 0.017 0.143, 0.2856 0.0161 0.143, 0.2866 0.0146 0.143, 0.2873 0.0126 0.143, 0.2804 0.0191 0.143, 0.2827 0.0183 0.143, 0.2827 0.0183 0.143
            ]
        }
        coordIndex [
            0,1,2,-1,2,1,3,-1,4,0,5,-1,5,0,2,-1,6,4,7,-1,7,4,5,-1,8,6,9,-1,9,6,7,-1,10,8,11,-1,11,8,9,-1,1,10,3,-1,3,10,11,-1,6,8,4,-1,4,8,10,-1,4,10,0,-1,0,10,1,-1,12,13,14,-1,15,16,17,-1,17,16,18,-1,16,19,18,-1,18,19,20,-1,18,20,14,-1,14,20,21,-1,14,21,12,-1,22,13,23,-1,23,13,12,-1,22,23,24,-1,22,24,25,-1,24,26,25,-1,25,26,27,-1,25,27,28,-1,28,27,29,-1,28,29,30,-1,30,29,31,-1,30,31,32,-1,32,31,33,-1,32,33,34,-1,34,33,35,-1,34,35,36,-1,36,35,37,-1,36,37,38,-1,38,37,39,-1,38,39,40,-1,40,39,41,-1,40,41,42,-1,42,41,43,-1,42,43,44,-1,44,43,45,-1,44,45,46,-1,46,45,47,-1,46,47,48,-1,48,47,49,-1,48,49,50,-1,50,49,51,-1,50,51,52,-1,52,51,53,-1,52,53,54,-1,54,53,55,-1,54,55,56,-1,56,55,57,-1,56,57,58,-1,58,57,59,-1,58,59,60,-1,60,59,61,-1,60,61,62,-1,63,64,65,-1,62,61,66,-1,62,66,67,-1,67,66,68,-1,67,68,65,-1,65,68,69,-1,65,69,63,-1,70,64,71,-1,71,64,63,-1,72,73,74,-1,70,71,75,-1,70,75,76,-1,75,77,76,-1,76,77,78,-1,76,78,74,-1,74,78,79,-1,74,79,72,-1,73,72,80,-1,73,80,81,-1,80,82,81,-1,81,82,83,-1,81,83,84,-1,84,83,85,-1,84,85,86,-1,86,85,87,-1,86,87,88,-1,88,87,89,-1,88,89,90,-1,90,89,91,-1,90,91,92,-1,92,91,93,-1,92,93,94,-1,94,93,95,-1,94,95,96,-1,96,95,97,-1,96,97,98,-1,98,97,99,-1,98,99,100,-1,100,99,101,-1,100,101,102,-1,15,17,103,-1,102,101,104,-1,102,104,105,-1,105,104,106,-1,105,106,107,-1,107,106,108,-1,107,108,103,-1,103,108,109,-1,103,109,15,-1,65,64,70,-1,48,50,90,-1,65,70,67,-1,67,70,76,-1,67,76,62,-1,62,76,74,-1,62,74,60,-1,60,74,73,-1,60,73,58,-1,58,73,81,-1,58,81,56,-1,90,50,88,-1,81,84,56,-1,56,84,86,-1,56,86,54,-1,54,86,88,-1,54,88,52,-1,52,88,50,-1,96,46,94,-1,94,46,48,-1,94,48,92,-1,92,48,90,-1,13,22,14,-1,14,22,25,-1,14,25,18,-1,18,25,28,-1,18,28,17,-1,17,28,30,-1,17,30,103,-1,103,30,32,-1,103,32,107,-1,107,32,34,-1,107,34,105,-1,105,34,36,-1,105,36,102,-1,102,36,38,-1,102,38,100,-1,100,38,40,-1,100,40,98,-1,98,40,42,-1,98,42,96,-1,96,42,44,-1,96,44,46,-1,110,111,112,-1,112,111,113,-1,114,115,116,-1,116,115,110,-1,116,110,112,-1,117,115,118,-1,118,115,114,-1,117,118,119,-1,119,118,120,-1,119,120,121,-1,122,119,123,-1,123,119,121,-1,124,125,126,-1,126,125,122,-1,126,122,123,-1,127,125,128,-1,128,125,124,-1,127,128,129,-1,129,128,130,-1,129,130,131,-1,132,129,133,-1,133,129,131,-1,134,135,136,-1,136,135,132,-1,136,132,133,-1,137,135,138,-1,138,135,134,-1,137,138,111,-1,111,138,139,-1,111,139,113,-1,137,111,110,-1,110,115,137,-1,137,115,117,-1,137,117,135,-1,129,132,127,-1,127,132,135,-1,127,135,125,-1,125,135,117,-1,125,117,122,-1,122,117,119,-1,140,141,142,-1,142,141,143,-1,142,143,144,-1,144,143,145,-1,144,145,146,-1,146,145,147,-1,146,147,148,-1,148,147,149,-1,148,149,150,-1,150,149,151,-1,150,151,152,-1,152,151,153,-1,152,153,154,-1,154,153,155,-1,154,155,156,-1,156,155,157,-1,156,157,158,-1,158,157,159,-1,158,159,160,-1,160,159,161,-1,160,161,162,-1,162,161,163,-1,162,163,164,-1,164,163,165,-1,164,165,166,-1,166,165,167,-1,166,167,168,-1,168,167,169,-1,168,169,170,-1,170,169,171,-1,170,171,172,-1,172,171,173,-1,172,173,174,-1,174,173,175,-1,174,175,140,-1,140,175,141,-1,141,175,176,-1,176,175,177,-1,141,176,178,-1,141,178,143,-1,143,178,179,-1,143,179,145,-1,179,180,145,-1,145,180,181,-1,145,181,147,-1,147,181,182,-1,147,182,149,-1,149,182,183,-1,149,183,151,-1,151,183,184,-1,151,184,153,-1,153,184,185,-1,153,185,155,-1,155,185,186,-1,155,186,157,-1,157,186,187,-1,157,187,159,-1,159,187,188,-1,159,188,161,-1,161,188,189,-1,161,189,163,-1,163,189,190,-1,163,190,165,-1,191,171,169,-1,165,190,192,-1,165,192,167,-1,167,192,193,-1,167,193,169,-1,169,193,194,-1,169,194,191,-1,173,171,195,-1,195,171,191,-1,175,173,177,-1,177,173,195,-1,170,172,196,-1,196,172,197,-1,172,174,197,-1,197,174,198,-1,174,140,198,-1,198,140,199,-1,148,200,201,-1,148,201,146,-1,146,201,202,-1,146,202,144,-1,144,202,203,-1,144,203,142,-1,142,203,199,-1,142,199,140,-1,156,204,205,-1,156,205,154,-1,154,205,206,-1,154,206,152,-1,152,206,207,-1,152,207,150,-1,150,207,200,-1,150,200,148,-1,164,208,209,-1,164,209,162,-1,162,209,210,-1,162,210,160,-1,160,210,211,-1,160,211,158,-1,158,211,204,-1,158,204,156,-1,170,196,212,-1,170,212,168,-1,168,212,213,-1,168,213,166,-1,166,213,208,-1,166,208,164,-1,
        ]
    }
}
Shape{
    appearance Appearance {
        material  Material 	{
            diffuseColor 0.8431372549019608 0.8156862745098039 0.7529411764705882
            specularColor 0.8431372549019608 0.8156862745098039 0.7529411764705882
            ambientIntensity 0.2
            transparency 0
            shininess 0.5
        }
    }
    geometry IndexedFaceSet {
        ccw TRUE
        solid FALSE
        coord DEF co Coordinate {
            point [
                0.2729 0.0195 0.143, 0.2729 -0.0011 0.143, 0.277 0.0195 0.143, 0.2768 -0.0011 0.143, 0.2802 -0.0007 0.143, 0.2825 0.0001 0.143, 0.2843 0.0013 0.143, 0.2848 0.0017 0.143, 0.2861 0.0034 0.143, 0.287 0.0054 0.143, 0.2875 0.0078 0.143, 0.2876 0.0095 0.143, 0.2873 0.0126 0.143, 0.2866 0.0146 0.143, 0.2856 0.0161 0.143, 0.2847 0.017 0.143, 0.2804 0.0191 0.143, 0.2827 0.0183 0.143, 0.2827 0.0183 0.143
            ]
        }
        coordIndex [
            0,1,2,-1,2,1,3,-1,2,3,4,-1,4,5,2,-1,2,5,6,-1,2,6,7,-1,7,8,2,-1,2,8,9,-1,2,9,10,-1,10,11,2,-1,2,11,12,-1,2,12,13,-1,13,14,2,-1,2,14,15,-1,2,15,16,-1,16,15,17,-1,
        ]
    }
}
Shape{
    appearance Appearance {
        material  Material 	{
            diffuseColor 0.0 0.0 0.0
            specularColor 0.0 0.0 0.0
            ambientIntensity 0.2
            transparency 0
            shininess 0.5
        }
    }
    geometry IndexedFaceSet {
        ccw TRUE
        solid FALSE
        coord DEF co Coordinate {
            point [
                0.3002 0.0062 0.147, 0.2991 0.0032 0.147, 0.3091 0.0062 0.147, 0.3102 0.0032 0.147, 0.3042 0.0173 0.147, 0.3029 0.0226 0.147, 0.2927 -0.0041 0.147, 0.2965 -0.0041 0.147, 0.3044 0.0181 0.147, 0.3046 0.0192 0.147, 0.3066 0.0226 0.147, 0.3047 0.0192 0.147, 0.3049 0.018 0.147, 0.3051 0.0173 0.147, 0.3167 -0.0041 0.147, 0.3129 -0.0041 0.147, 0.3066 0.0226 0.143, 0.3167 -0.0041 0.143, 0.3029 0.0226 0.143, 0.2927 -0.0041 0.143, 0.3004 0.0161 0.143, 0.2965 -0.0041 0.143, 0.2991 0.0032 0.143, 0.3102 0.0032 0.143, 0.3004 0.0032 0.143, 0.3129 -0.0041 0.143, 0.3002 0.0062 0.143, 0.3091 0.0062 0.143, 0.3051 0.0173 0.143, 0.3047 0.0192 0.143, 0.3049 0.018 0.143, 0.3046 0.0192 0.143, 0.3042 0.0173 0.143, 0.3044 0.0181 0.143, 0.3044 0.0181 0.143
            ]
        }
        coordIndex [
            0,1,2,-1,2,1,3,-1,4,5,0,-1,0,5,6,-1,0,6,1,-1,1,6,7,-1,4,8,5,-1,5,8,9,-1,5,9,10,-1,10,9,11,-1,10,11,12,-1,12,13,10,-1,10,13,2,-1,10,2,14,-1,14,2,3,-1,14,3,15,-1,10,14,16,-1,16,14,17,-1,5,10,18,-1,18,10,16,-1,19,6,20,-1,20,6,5,-1,20,5,18,-1,7,6,21,-1,21,6,19,-1,1,7,22,-1,22,7,21,-1,23,3,24,-1,24,3,1,-1,24,1,22,-1,15,3,25,-1,25,3,23,-1,14,15,17,-1,17,15,25,-1,0,2,26,-1,26,2,27,-1,2,13,27,-1,27,13,28,-1,11,29,30,-1,11,30,12,-1,12,30,28,-1,12,28,13,-1,11,9,29,-1,29,9,31,-1,4,32,33,-1,4,33,8,-1,8,33,31,-1,8,31,9,-1,4,0,32,-1,32,0,26,-1,
        ]
    }
}
Shape{
    appearance Appearance {
        material  Material 	{
            diffuseColor 0.8431372549019608 0.8156862745098039 0.7529411764705882
            specularColor 0.8431372549019608 0.8156862745098039 0.7529411764705882
            ambientIntensity 0.2
            transparency 0
            shininess 0.5
        }
    }
    geometry IndexedFaceSet {
        ccw TRUE
        solid FALSE
        coord DEF co Coordinate {
            point [
                0.3047 0.0192 0.143, 0.3046 0.0192 0.143, 0.3049 0.018 0.143, 0.3044 0.0181 0.143, 0.3051 0.0173 0.143, 0.3042 0.0173 0.143, 0.3091 0.0062 0.143, 0.3002 0.0062 0.143, 0.3002 0.0062 0.143
            ]
        }
        coordIndex [
            0,1,2,-1,2,1,3,-1,2,3,4,-1,4,3,5,-1,4,5,6,-1,6,5,7,-1,
        ]
    }
}
Shape{
    appearance Appearance {
        material  Material 	{
            diffuseColor 0.0 0.0 0.0
            specularColor 0.0 0.0 0.0
            ambientIntensity 0.2
            transparency 0
            shininess 0.5
        }
    }
    geometry IndexedFaceSet {
        ccw TRUE
        solid FALSE
        coord DEF co Coordinate {
            point [
                0.224 -0.0434 0.147, 0.224 -0.0464 0.147, 0.224 -0.0434 0.143, 0.224 -0.0464 0.143, 0.2131 -0.0434 0.143, 0.2131 -0.0434 0.147, 0.2238 -0.0434 0.143, 0.2131 -0.0344 0.147, 0.2131 -0.0344 0.143, 0.2226 -0.0344 0.147, 0.2226 -0.0344 0.143, 0.2226 -0.0314 0.147, 0.2226 -0.0314 0.143, 0.2131 -0.0314 0.147, 0.2131 -0.0314 0.143, 0.2131 -0.0228 0.147, 0.2131 -0.0228 0.143, 0.2234 -0.0228 0.147, 0.2234 -0.0228 0.143, 0.2234 -0.0198 0.147, 0.2234 -0.0198 0.143, 0.2096 -0.0198 0.147, 0.2096 -0.0198 0.143, 0.2096 -0.0464 0.147, 0.2096 -0.0464 0.143, 0.2238 -0.0464 0.143, 0.2391 -0.0464 0.147, 0.2425 -0.0464 0.147, 0.2391 -0.0435 0.147, 0.2425 -0.0342 0.147, 0.2391 -0.0343 0.147, 0.2319 -0.0383 0.147, 0.2327 -0.0379 0.147, 0.2391 -0.0435 0.147, 0.2373 -0.043 0.147, 0.2383 -0.0446 0.147, 0.2363 -0.0437 0.147, 0.2347 -0.0375 0.147, 0.2391 -0.0369 0.147, 0.2391 -0.0387 0.147, 0.2391 -0.0391 0.147, 0.2389 -0.0405 0.147, 0.2384 -0.0417 0.147, 0.2377 -0.0426 0.147, 0.239 -0.0329 0.147, 0.2422 -0.0316 0.147, 0.2387 -0.0317 0.147, 0.2417 -0.0301 0.147, 0.2383 -0.031 0.147, 0.241 -0.029 0.147, 0.2378 -0.0305 0.147, 0.2401 -0.0282 0.147, 0.2372 -0.0301 0.147, 0.239 -0.0275 0.147, 0.2365 -0.0298 0.147, 0.2376 -0.0271 0.147, 0.2353 -0.0297 0.147, 0.2356 -0.0269 0.147, 0.2335 -0.0298 0.147, 0.2322 -0.0274 0.147, 0.2314 -0.0305 0.147, 0.2297 -0.0283 0.147, 0.229 -0.032 0.147, 0.229 -0.0287 0.147, 0.2312 -0.043 0.147, 0.2288 -0.0454 0.147, 0.2315 -0.0433 0.147, 0.2297 -0.0461 0.147, 0.2322 -0.0437 0.147, 0.231 -0.0466 0.147, 0.233 -0.044 0.147, 0.2325 -0.0469 0.147, 0.2341 -0.0441 0.147, 0.2332 -0.0469 0.147, 0.2351 -0.0467 0.147, 0.2353 -0.044 0.147, 0.2364 -0.0462 0.147, 0.2372 -0.0457 0.147, 0.2306 -0.0405 0.147, 0.2272 -0.0409 0.147, 0.2306 -0.0411 0.147, 0.2272 -0.0413 0.147, 0.2306 -0.0418 0.147, 0.2274 -0.043 0.147, 0.2309 -0.0424 0.147, 0.2278 -0.0441 0.147, 0.2285 -0.0451 0.147, 0.2335 -0.0351 0.147, 0.231 -0.0357 0.147, 0.2314 -0.0387 0.147, 0.2295 -0.0365 0.147, 0.231 -0.0391 0.147, 0.2285 -0.0374 0.147, 0.2308 -0.0398 0.147, 0.2279 -0.0383 0.147, 0.2274 -0.0395 0.147, 0.2356 -0.0269 0.143, 0.2322 -0.0274 0.143, 0.2297 -0.0283 0.143, 0.229 -0.0287 0.143, 0.229 -0.032 0.143, 0.2314 -0.0305 0.143, 0.2335 -0.0298 0.143, 0.2353 -0.0297 0.143, 0.2365 -0.0298 0.143, 0.2372 -0.0301 0.143, 0.2378 -0.0305 0.143, 0.2383 -0.031 0.143, 0.2387 -0.0317 0.143, 0.239 -0.0329 0.143, 0.2391 -0.0343 0.143, 0.2335 -0.0351 0.143, 0.231 -0.0357 0.143, 0.2295 -0.0365 0.143, 0.2285 -0.0374 0.143, 0.2279 -0.0383 0.143, 0.2274 -0.0395 0.143, 0.2272 -0.0409 0.143, 0.2272 -0.0413 0.143, 0.2274 -0.043 0.143, 0.2278 -0.0441 0.143, 0.2285 -0.0451 0.143, 0.2288 -0.0454 0.143, 0.2332 -0.0469 0.143, 0.2297 -0.0461 0.143, 0.231 -0.0466 0.143, 0.2314 -0.0467 0.143, 0.2325 -0.0469 0.143, 0.2351 -0.0467 0.143, 0.2364 -0.0462 0.143, 0.2372 -0.0457 0.143, 0.2383 -0.0446 0.143, 0.2391 -0.0435 0.143, 0.2391 -0.0435 0.143, 0.2391 -0.0464 0.143, 0.2425 -0.0464 0.143, 0.2425 -0.0342 0.143, 0.2422 -0.0316 0.143, 0.2417 -0.0301 0.143, 0.241 -0.029 0.143, 0.2401 -0.0282 0.143, 0.239 -0.0275 0.143, 0.2376 -0.0271 0.143, 0.2314 -0.0387 0.143, 0.2319 -0.0383 0.143, 0.2327 -0.0379 0.143, 0.2347 -0.0375 0.143, 0.2306 -0.0411 0.143, 0.2306 -0.0405 0.143, 0.2308 -0.0398 0.143, 0.231 -0.0391 0.143, 0.2315 -0.0433 0.143, 0.2312 -0.043 0.143, 0.2309 -0.0424 0.143, 0.2306 -0.0418 0.143, 0.2341 -0.0441 0.143, 0.233 -0.044 0.143, 0.2322 -0.0437 0.143, 0.2377 -0.0426 0.143, 0.2373 -0.043 0.143, 0.2363 -0.0437 0.143, 0.2353 -0.044 0.143, 0.2391 -0.0387 0.143, 0.2391 -0.0391 0.143, 0.2389 -0.0405 0.143, 0.2384 -0.0417 0.143, 0.2391 -0.0369 0.143, 0.2391 -0.0369 0.143
            ]
        }
        coordIndex [
            0,1,2,-1,2,1,3,-1,4,5,6,-1,6,5,0,-1,6,0,2,-1,7,5,8,-1,8,5,4,-1,9,7,10,-1,10,7,8,-1,11,9,12,-1,12,9,10,-1,13,11,14,-1,14,11,12,-1,15,13,16,-1,16,13,14,-1,17,15,18,-1,18,15,16,-1,19,17,20,-1,20,17,18,-1,21,19,22,-1,22,19,20,-1,23,21,24,-1,24,21,22,-1,3,1,25,-1,25,1,23,-1,25,23,24,-1,23,1,0,-1,0,5,23,-1,23,5,7,-1,23,7,21,-1,17,19,15,-1,15,19,21,-1,15,21,13,-1,13,21,7,-1,13,7,11,-1,11,7,9,-1,26,27,28,-1,28,27,29,-1,30,31,32,-1,33,34,35,-1,35,34,36,-1,37,38,29,-1,29,38,39,-1,39,40,29,-1,29,40,41,-1,29,41,28,-1,28,41,42,-1,28,42,33,-1,33,42,43,-1,33,43,34,-1,32,37,30,-1,30,37,29,-1,30,29,44,-1,44,29,45,-1,44,45,46,-1,46,45,47,-1,46,47,48,-1,48,47,49,-1,48,49,50,-1,50,49,51,-1,50,51,52,-1,52,51,53,-1,52,53,54,-1,54,53,55,-1,54,55,56,-1,56,55,57,-1,56,57,58,-1,58,57,59,-1,58,59,60,-1,60,59,61,-1,60,61,62,-1,62,61,63,-1,64,65,66,-1,66,65,67,-1,66,67,68,-1,68,67,69,-1,68,69,70,-1,70,69,71,-1,70,71,72,-1,71,73,72,-1,72,73,74,-1,72,74,75,-1,75,74,76,-1,75,76,36,-1,36,76,77,-1,36,77,35,-1,78,79,80,-1,80,79,81,-1,80,81,82,-1,82,81,83,-1,82,83,84,-1,84,83,85,-1,84,85,64,-1,64,85,86,-1,64,86,65,-1,30,87,31,-1,31,87,88,-1,31,88,89,-1,89,88,90,-1,89,90,91,-1,91,90,92,-1,91,92,93,-1,93,92,94,-1,93,94,78,-1,78,94,95,-1,78,95,79,-1,57,96,97,-1,57,97,59,-1,59,97,98,-1,59,98,61,-1,61,98,99,-1,61,99,63,-1,62,63,100,-1,100,63,99,-1,62,100,101,-1,62,101,60,-1,60,101,102,-1,60,102,58,-1,58,102,103,-1,58,103,56,-1,56,103,104,-1,56,104,54,-1,54,104,105,-1,54,105,52,-1,52,105,106,-1,52,106,50,-1,50,106,107,-1,50,107,48,-1,48,107,108,-1,48,108,46,-1,46,108,109,-1,46,109,44,-1,44,109,110,-1,44,110,30,-1,87,30,111,-1,111,30,110,-1,87,111,112,-1,87,112,88,-1,88,112,113,-1,88,113,90,-1,90,113,114,-1,90,114,92,-1,92,114,115,-1,92,115,94,-1,94,115,116,-1,94,116,95,-1,95,116,117,-1,95,117,79,-1,79,117,118,-1,79,118,81,-1,81,118,119,-1,81,119,83,-1,83,119,120,-1,83,120,85,-1,85,120,121,-1,85,121,86,-1,86,121,122,-1,86,122,65,-1,123,73,71,-1,65,122,124,-1,65,124,67,-1,67,124,125,-1,67,125,69,-1,69,125,126,-1,69,126,71,-1,71,126,127,-1,71,127,123,-1,73,123,128,-1,73,128,74,-1,74,128,129,-1,74,129,76,-1,76,129,130,-1,76,130,77,-1,77,130,131,-1,77,131,35,-1,35,131,132,-1,35,132,33,-1,28,33,133,-1,133,33,132,-1,26,28,134,-1,134,28,133,-1,27,26,135,-1,135,26,134,-1,29,27,136,-1,136,27,135,-1,29,136,137,-1,29,137,45,-1,45,137,138,-1,45,138,47,-1,47,138,139,-1,47,139,49,-1,49,139,140,-1,49,140,51,-1,51,140,141,-1,51,141,53,-1,53,141,142,-1,53,142,55,-1,55,142,96,-1,55,96,57,-1,89,143,144,-1,89,144,31,-1,31,144,145,-1,31,145,32,-1,32,145,146,-1,32,146,37,-1,80,147,148,-1,80,148,78,-1,78,148,149,-1,78,149,93,-1,93,149,150,-1,93,150,91,-1,91,150,143,-1,91,143,89,-1,66,151,152,-1,66,152,64,-1,64,152,153,-1,64,153,84,-1,84,153,154,-1,84,154,82,-1,82,154,147,-1,82,147,80,-1,72,155,156,-1,72,156,70,-1,70,156,157,-1,70,157,68,-1,68,157,151,-1,68,151,66,-1,43,158,159,-1,43,159,34,-1,34,159,160,-1,34,160,36,-1,36,160,161,-1,36,161,75,-1,75,161,155,-1,75,155,72,-1,39,162,163,-1,39,163,40,-1,40,163,164,-1,40,164,41,-1,41,164,165,-1,41,165,42,-1,42,165,158,-1,42,158,43,-1,39,38,162,-1,162,38,166,-1,38,37,166,-1,166,37,146,-1,
        ]
    }
}
Shape{
    appearance Appearance {
        material  Material 	{
            diffuseColor 0.8431372549019608 0.8156862745098039 0.7529411764705882
            specularColor 0.8431372549019608 0.8156862745098039 0.7529411764705882
            ambientIntensity 0.2
            transparency 0
            shininess 0.5
        }
    }
    geometry IndexedFaceSet {
        ccw TRUE
        solid FALSE
        coord DEF co Coordinate {
            point [
                0.2391 -0.0369 0.143, 0.2347 -0.0375 0.143, 0.2391 -0.0387 0.143, 0.2327 -0.0379 0.143, 0.2319 -0.0383 0.143, 0.2314 -0.0387 0.143, 0.2391 -0.0391 0.143, 0.2389 -0.0405 0.143, 0.231 -0.0391 0.143, 0.2384 -0.0417 0.143, 0.2312 -0.043 0.143, 0.2315 -0.0433 0.143, 0.2373 -0.043 0.143, 0.2309 -0.0424 0.143, 0.2363 -0.0437 0.143, 0.2353 -0.044 0.143, 0.2341 -0.0441 0.143, 0.2308 -0.0398 0.143, 0.2306 -0.0405 0.143, 0.2377 -0.0426 0.143, 0.2306 -0.0411 0.143, 0.2306 -0.0418 0.143, 0.2322 -0.0437 0.143, 0.233 -0.044 0.143, 0.233 -0.044 0.143
            ]
        }
        coordIndex [
            0,1,2,-1,2,1,3,-1,3,4,2,-1,2,4,5,-1,2,5,6,-1,6,5,7,-1,7,5,8,-1,7,8,9,-1,10,11,12,-1,10,12,13,-1,14,12,15,-1,15,12,16,-1,8,17,9,-1,9,17,18,-1,9,18,19,-1,19,18,20,-1,19,20,12,-1,12,20,21,-1,12,21,13,-1,11,22,12,-1,12,22,23,-1,12,23,16,-1,
        ]
    }
}
Shape{
    appearance Appearance {
        material  Material 	{
            diffuseColor 0.0 0.0 0.0
            specularColor 0.0 0.0 0.0
            ambientIntensity 0.2
            transparency 0
            shininess 0.5
        }
    }
    geometry IndexedFaceSet {
        ccw TRUE
        solid FALSE
        coord DEF co Coordinate {
            point [
                0.247 -0.0423 0.143, 0.247 -0.0423 0.147, 0.2482 -0.0431 0.147, 0.2525 -0.0442 0.147, 0.2525 -0.0442 0.143, 0.2503 -0.0439 0.143, 0.2503 -0.0439 0.147, 0.2486 -0.0432 0.143, 0.2482 -0.0431 0.143, 0.247 -0.0458 0.147, 0.247 -0.0458 0.143, 0.2486 -0.0463 0.143, 0.2493 -0.0466 0.147, 0.2522 -0.0469 0.143, 0.2522 -0.0469 0.147, 0.25 -0.0467 0.143, 0.2493 -0.0466 0.143, 0.2543 -0.0467 0.143, 0.255 -0.0466 0.147, 0.255 -0.0466 0.143, 0.2568 -0.046 0.143, 0.2568 -0.046 0.147, 0.2577 -0.0454 0.143, 0.2577 -0.0454 0.147, 0.2587 -0.0446 0.143, 0.2587 -0.0446 0.147, 0.2593 -0.0437 0.143, 0.2593 -0.0437 0.147, 0.2597 -0.0426 0.143, 0.2597 -0.0426 0.147, 0.2599 -0.0413 0.143, 0.2599 -0.0413 0.147, 0.2598 -0.0401 0.143, 0.2598 -0.0401 0.147, 0.2594 -0.0391 0.143, 0.2594 -0.0391 0.147, 0.2589 -0.0382 0.143, 0.2589 -0.0382 0.147, 0.2588 -0.0381 0.143, 0.2588 -0.0381 0.147, 0.258 -0.0374 0.143, 0.258 -0.0374 0.147, 0.2558 -0.0362 0.143, 0.2558 -0.0362 0.147, 0.2545 -0.0356 0.143, 0.2545 -0.0356 0.147, 0.2524 -0.0347 0.143, 0.2524 -0.0347 0.147, 0.2512 -0.034 0.143, 0.2512 -0.034 0.147, 0.2509 -0.0336 0.143, 0.2509 -0.0336 0.147, 0.2506 -0.0332 0.143, 0.2506 -0.0332 0.147, 0.2505 -0.0327 0.143, 0.2505 -0.0327 0.147, 0.2505 -0.0322 0.143, 0.2505 -0.0322 0.147, 0.2505 -0.0317 0.143, 0.2505 -0.0317 0.147, 0.2507 -0.0312 0.143, 0.2507 -0.0312 0.147, 0.251 -0.0308 0.143, 0.251 -0.0308 0.147, 0.2515 -0.0304 0.143, 0.2515 -0.0304 0.147, 0.2522 -0.03 0.143, 0.2522 -0.03 0.147, 0.2531 -0.0297 0.143, 0.2531 -0.0297 0.147, 0.2541 -0.0297 0.143, 0.2541 -0.0297 0.147, 0.2565 -0.0299 0.143, 0.2565 -0.0299 0.147, 0.2584 -0.0307 0.143, 0.2584 -0.0307 0.147, 0.259 -0.031 0.143, 0.259 -0.031 0.147, 0.259 -0.0278 0.147, 0.259 -0.0278 0.143, 0.2568 -0.0272 0.143, 0.2568 -0.0272 0.147, 0.2545 -0.0269 0.143, 0.2545 -0.0269 0.147, 0.2518 -0.0273 0.143, 0.2518 -0.0273 0.147, 0.25 -0.028 0.143, 0.25 -0.028 0.147, 0.2492 -0.0285 0.143, 0.2492 -0.0285 0.147, 0.2486 -0.029 0.143, 0.2482 -0.0293 0.147, 0.2482 -0.0293 0.143, 0.2476 -0.0302 0.143, 0.2476 -0.0302 0.147, 0.2472 -0.0313 0.143, 0.2472 -0.0313 0.147, 0.247 -0.0325 0.143, 0.247 -0.0325 0.147, 0.2472 -0.0338 0.143, 0.2472 -0.0338 0.147, 0.2475 -0.0348 0.143, 0.2475 -0.0348 0.147, 0.248 -0.0355 0.143, 0.248 -0.0355 0.147, 0.2521 -0.0381 0.143, 0.2521 -0.0381 0.147, 0.2501 -0.0372 0.147, 0.2485 -0.0361 0.143, 0.2485 -0.0361 0.147, 0.2486 -0.0361 0.143, 0.2501 -0.0372 0.143, 0.2543 -0.039 0.143, 0.2543 -0.039 0.147, 0.2556 -0.0398 0.143, 0.2556 -0.0398 0.147, 0.256 -0.0402 0.143, 0.256 -0.0402 0.147, 0.2563 -0.0406 0.143, 0.2563 -0.0406 0.147, 0.2564 -0.0412 0.143, 0.2564 -0.0412 0.147, 0.2565 -0.0416 0.143, 0.2565 -0.0416 0.147, 0.2564 -0.0422 0.143, 0.2564 -0.0422 0.147, 0.2562 -0.0427 0.143, 0.2562 -0.0427 0.147, 0.2559 -0.0431 0.143, 0.2559 -0.0431 0.147, 0.2555 -0.0435 0.143, 0.2555 -0.0435 0.147, 0.2552 -0.0437 0.143, 0.2552 -0.0437 0.147, 0.2544 -0.044 0.143, 0.2544 -0.044 0.147, 0.2527 -0.0442 0.143, 0.2527 -0.0442 0.147, 0.2765 -0.0274 0.147, 0.2799 -0.0274 0.147, 0.2765 -0.0274 0.143, 0.2799 -0.0274 0.143, 0.2713 -0.0417 0.147, 0.2713 -0.0417 0.143, 0.271 -0.0426 0.143, 0.271 -0.0426 0.147, 0.2708 -0.0433 0.143, 0.2708 -0.0433 0.147, 0.2708 -0.0433 0.147, 0.2708 -0.0433 0.143, 0.2703 -0.0417 0.147, 0.2703 -0.0417 0.143, 0.2654 -0.0274 0.147, 0.2654 -0.0274 0.143, 0.2616 -0.0274 0.147, 0.2616 -0.0274 0.143, 0.2691 -0.0464 0.147, 0.2691 -0.0464 0.143, 0.2676 -0.0499 0.143, 0.2676 -0.0499 0.147, 0.269 -0.0467 0.143, 0.267 -0.051 0.143, 0.267 -0.051 0.147, 0.2664 -0.0517 0.143, 0.2664 -0.0517 0.147, 0.2657 -0.0522 0.143, 0.2657 -0.0522 0.147, 0.265 -0.0525 0.143, 0.265 -0.0525 0.147, 0.2642 -0.0526 0.143, 0.2642 -0.0526 0.147, 0.2631 -0.0524 0.143, 0.2631 -0.0524 0.147, 0.2623 -0.0522 0.143, 0.2623 -0.0522 0.147, 0.2623 -0.0551 0.147, 0.2623 -0.0551 0.143, 0.2645 -0.0554 0.143, 0.2645 -0.0554 0.147, 0.2633 -0.0554 0.147, 0.2629 -0.0553 0.143, 0.2633 -0.0554 0.143, 0.2657 -0.0553 0.143, 0.2657 -0.0553 0.147, 0.2658 -0.0553 0.143, 0.267 -0.0548 0.147, 0.267 -0.0548 0.143, 0.2682 -0.054 0.143, 0.2682 -0.054 0.147, 0.2688 -0.0535 0.143, 0.2688 -0.0535 0.147, 0.2703 -0.0515 0.143, 0.2703 -0.0515 0.147, 0.2713 -0.0493 0.143, 0.2713 -0.0493 0.147, 0.2723 -0.0467 0.143, 0.2979 -0.0434 0.147, 0.2979 -0.0464 0.147, 0.2979 -0.0434 0.143, 0.2979 -0.0464 0.143, 0.287 -0.0434 0.147, 0.292 -0.0434 0.143, 0.287 -0.0434 0.143, 0.287 -0.0344 0.147, 0.287 -0.0344 0.143, 0.2965 -0.0344 0.147, 0.292 -0.0344 0.143, 0.2965 -0.0344 0.143, 0.2965 -0.0314 0.147, 0.2965 -0.0314 0.143, 0.287 -0.0314 0.143, 0.287 -0.0314 0.147, 0.292 -0.0314 0.143, 0.287 -0.0228 0.147, 0.287 -0.0228 0.143, 0.2973 -0.0228 0.143, 0.2973 -0.0228 0.147, 0.292 -0.0228 0.143, 0.2973 -0.0198 0.147, 0.2973 -0.0198 0.143, 0.2835 -0.0198 0.143, 0.2835 -0.0198 0.147, 0.292 -0.0198 0.143, 0.2835 -0.0464 0.147, 0.2835 -0.0464 0.143, 0.292 -0.0464 0.143, 0.319 -0.0262 0.147, 0.3215 -0.0242 0.147, 0.3181 -0.0253 0.147, 0.3206 -0.0233 0.147, 0.3162 -0.024 0.147, 0.3178 -0.0214 0.147, 0.3138 -0.0232 0.147, 0.3146 -0.0202 0.147, 0.3104 -0.0228 0.147, 0.3105 -0.0198 0.147, 0.3064 -0.0228 0.147, 0.3029 -0.0198 0.147, 0.3064 -0.0434 0.147, 0.3029 -0.0464 0.147, 0.3102 -0.0434 0.147, 0.3103 -0.0464 0.147, 0.3136 -0.043 0.147, 0.3147 -0.0459 0.147, 0.3159 -0.0422 0.147, 0.3178 -0.0447 0.147, 0.3177 -0.0411 0.147, 0.3204 -0.0429 0.147, 0.3182 -0.0406 0.147, 0.3206 -0.0427 0.147, 0.3195 -0.039 0.147, 0.3226 -0.0403 0.147, 0.3204 -0.037 0.147, 0.3239 -0.0376 0.147, 0.3209 -0.0345 0.147, 0.3246 -0.0344 0.147, 0.321 -0.0329 0.147, 0.3247 -0.0328 0.147, 0.3207 -0.0298 0.147, 0.3242 -0.029 0.147, 0.32 -0.0278 0.147, 0.3232 -0.0265 0.147, 0.3103 -0.0464 0.143, 0.3029 -0.0464 0.143, 0.3147 -0.0459 0.143, 0.3178 -0.0447 0.143, 0.3204 -0.0429 0.143, 0.3206 -0.0427 0.143, 0.3226 -0.0403 0.143, 0.3239 -0.0376 0.143, 0.3246 -0.0344 0.143, 0.3247 -0.0328 0.143, 0.3242 -0.029 0.143, 0.3232 -0.0265 0.143, 0.3215 -0.0242 0.143, 0.3206 -0.0233 0.143, 0.3178 -0.0214 0.143, 0.3146 -0.0202 0.143, 0.3105 -0.0198 0.143, 0.3029 -0.0198 0.143, 0.3104 -0.0228 0.143, 0.3064 -0.0228 0.143, 0.3064 -0.0434 0.143, 0.3102 -0.0434 0.143, 0.3182 -0.0406 0.143, 0.3177 -0.0411 0.143, 0.3159 -0.0422 0.143, 0.3136 -0.043 0.143, 0.321 -0.0329 0.143, 0.3209 -0.0345 0.143, 0.3204 -0.037 0.143, 0.3195 -0.039 0.143, 0.3181 -0.0253 0.143, 0.319 -0.0262 0.143, 0.32 -0.0278 0.143, 0.3207 -0.0298 0.143, 0.3138 -0.0232 0.143, 0.3162 -0.024 0.143, 0.3162 -0.024 0.143
            ]
        }
        coordIndex [
            0,1,2,-1,3,4,5,-1,3,5,6,-1,6,5,7,-1,6,7,2,-1,2,7,8,-1,2,8,0,-1,9,1,10,-1,10,1,0,-1,10,11,9,-1,9,11,12,-1,13,14,15,-1,15,14,12,-1,15,12,16,-1,16,12,11,-1,13,17,14,-1,14,17,18,-1,17,19,18,-1,18,19,20,-1,18,20,21,-1,21,20,22,-1,21,22,23,-1,23,22,24,-1,23,24,25,-1,25,24,26,-1,25,26,27,-1,27,26,28,-1,27,28,29,-1,29,28,30,-1,29,30,31,-1,31,30,32,-1,31,32,33,-1,33,32,34,-1,33,34,35,-1,35,34,36,-1,35,36,37,-1,37,36,38,-1,37,38,39,-1,39,38,40,-1,39,40,41,-1,41,40,42,-1,41,42,43,-1,43,42,44,-1,43,44,45,-1,45,44,46,-1,45,46,47,-1,47,46,48,-1,47,48,49,-1,49,48,50,-1,49,50,51,-1,51,50,52,-1,51,52,53,-1,53,52,54,-1,53,54,55,-1,55,54,56,-1,55,56,57,-1,57,56,58,-1,57,58,59,-1,59,58,60,-1,59,60,61,-1,61,60,62,-1,61,62,63,-1,63,62,64,-1,63,64,65,-1,65,64,66,-1,65,66,67,-1,67,66,68,-1,67,68,69,-1,69,68,70,-1,69,70,71,-1,71,70,72,-1,71,72,73,-1,73,72,74,-1,73,74,75,-1,75,74,76,-1,75,76,77,-1,78,77,79,-1,79,77,76,-1,78,79,80,-1,78,80,81,-1,81,80,82,-1,81,82,83,-1,83,82,84,-1,83,84,85,-1,85,84,86,-1,85,86,87,-1,87,86,88,-1,87,88,89,-1,88,90,89,-1,89,90,91,-1,90,92,91,-1,91,92,93,-1,91,93,94,-1,94,93,95,-1,94,95,96,-1,96,95,97,-1,96,97,98,-1,98,97,99,-1,98,99,100,-1,100,99,101,-1,100,101,102,-1,102,101,103,-1,102,103,104,-1,105,106,107,-1,104,103,108,-1,104,108,109,-1,109,108,110,-1,109,110,107,-1,107,110,111,-1,107,111,105,-1,106,105,112,-1,106,112,113,-1,113,112,114,-1,113,114,115,-1,115,114,116,-1,115,116,117,-1,117,116,118,-1,117,118,119,-1,119,118,120,-1,119,120,121,-1,121,120,122,-1,121,122,123,-1,123,122,124,-1,123,124,125,-1,125,124,126,-1,125,126,127,-1,127,126,128,-1,127,128,129,-1,129,128,130,-1,129,130,131,-1,131,130,132,-1,131,132,133,-1,133,132,134,-1,133,134,135,-1,135,134,136,-1,135,136,137,-1,137,136,4,-1,137,4,3,-1,63,65,87,-1,87,65,85,-1,119,37,117,-1,117,37,39,-1,117,39,115,-1,115,39,41,-1,115,41,113,-1,41,43,113,-1,113,43,45,-1,113,45,106,-1,106,45,47,-1,21,23,129,-1,129,23,25,-1,129,25,127,-1,127,25,27,-1,127,27,125,-1,125,27,29,-1,125,29,123,-1,123,29,31,-1,123,31,121,-1,121,31,33,-1,121,33,119,-1,119,33,35,-1,119,35,37,-1,14,3,12,-1,12,3,6,-1,12,6,9,-1,9,6,2,-1,9,2,1,-1,65,67,85,-1,85,67,69,-1,85,69,83,-1,83,69,71,-1,83,71,81,-1,81,71,73,-1,81,73,78,-1,78,73,75,-1,78,75,77,-1,129,131,21,-1,21,131,133,-1,21,133,18,-1,18,133,135,-1,18,135,14,-1,14,135,137,-1,14,137,3,-1,87,89,63,-1,63,89,91,-1,63,91,61,-1,61,91,94,-1,61,94,59,-1,59,94,96,-1,59,96,57,-1,57,96,98,-1,57,98,55,-1,55,98,100,-1,55,100,53,-1,53,100,102,-1,53,102,51,-1,51,102,104,-1,51,104,49,-1,49,104,109,-1,49,109,47,-1,47,109,107,-1,47,107,106,-1,138,139,140,-1,140,139,141,-1,142,138,143,-1,143,138,140,-1,142,143,144,-1,142,144,145,-1,145,144,146,-1,145,146,147,-1,148,147,149,-1,149,147,146,-1,150,148,151,-1,151,148,149,-1,152,150,153,-1,153,150,151,-1,154,152,155,-1,155,152,153,-1,156,154,157,-1,157,154,155,-1,158,159,160,-1,160,159,156,-1,160,156,157,-1,159,158,161,-1,159,161,162,-1,162,161,163,-1,162,163,164,-1,164,163,165,-1,164,165,166,-1,166,165,167,-1,166,167,168,-1,168,167,169,-1,168,169,170,-1,170,169,171,-1,170,171,172,-1,172,171,173,-1,172,173,174,-1,175,174,176,-1,176,174,173,-1,177,178,179,-1,175,176,180,-1,175,180,179,-1,179,180,181,-1,179,181,177,-1,178,177,182,-1,178,182,183,-1,183,182,184,-1,183,184,185,-1,184,186,185,-1,185,186,187,-1,185,187,188,-1,188,187,189,-1,188,189,190,-1,190,189,191,-1,190,191,192,-1,192,191,193,-1,192,193,194,-1,141,139,195,-1,195,139,194,-1,195,194,193,-1,145,147,194,-1,139,138,194,-1,194,138,142,-1,194,142,145,-1,152,154,150,-1,150,154,156,-1,150,156,148,-1,174,175,172,-1,172,175,179,-1,172,179,170,-1,170,179,178,-1,170,178,168,-1,168,178,183,-1,168,183,166,-1,166,183,185,-1,166,185,164,-1,164,185,188,-1,164,188,162,-1,162,188,190,-1,162,190,159,-1,159,190,192,-1,159,192,156,-1,156,192,194,-1,156,194,148,-1,148,194,147,-1,196,197,198,-1,198,197,199,-1,196,198,200,-1,200,198,201,-1,200,201,202,-1,203,200,204,-1,204,200,202,-1,203,204,205,-1,205,204,206,-1,205,206,207,-1,208,205,209,-1,209,205,207,-1,210,211,212,-1,212,211,208,-1,212,208,209,-1,213,211,214,-1,214,211,210,-1,215,216,217,-1,217,216,213,-1,217,213,214,-1,218,216,219,-1,219,216,215,-1,220,221,222,-1,222,221,218,-1,222,218,219,-1,223,221,224,-1,224,221,220,-1,223,224,197,-1,197,224,225,-1,197,225,199,-1,223,197,196,-1,196,200,223,-1,223,200,203,-1,223,203,221,-1,216,218,213,-1,213,218,221,-1,213,221,211,-1,211,221,203,-1,211,203,208,-1,208,203,205,-1,226,227,228,-1,228,227,229,-1,228,229,230,-1,230,229,231,-1,230,231,232,-1,232,231,233,-1,232,233,234,-1,234,233,235,-1,234,235,236,-1,236,235,237,-1,236,237,238,-1,238,237,239,-1,238,239,240,-1,240,239,241,-1,240,241,242,-1,242,241,243,-1,242,243,244,-1,244,243,245,-1,244,245,246,-1,246,245,247,-1,246,247,248,-1,248,247,249,-1,248,249,250,-1,250,249,251,-1,250,251,252,-1,252,251,253,-1,252,253,254,-1,254,253,255,-1,254,255,256,-1,256,255,257,-1,256,257,258,-1,258,257,259,-1,258,259,260,-1,260,259,261,-1,260,261,226,-1,226,261,227,-1,241,239,262,-1,262,239,263,-1,241,262,264,-1,241,264,243,-1,243,264,265,-1,243,265,245,-1,245,265,266,-1,245,266,247,-1,247,266,267,-1,247,267,249,-1,249,267,268,-1,249,268,251,-1,251,268,269,-1,251,269,253,-1,253,269,270,-1,253,270,255,-1,255,270,271,-1,255,271,257,-1,257,271,272,-1,257,272,259,-1,259,272,273,-1,259,273,261,-1,261,273,274,-1,261,274,227,-1,227,274,275,-1,227,275,229,-1,229,275,276,-1,229,276,231,-1,231,276,277,-1,231,277,233,-1,233,277,278,-1,233,278,235,-1,237,235,279,-1,279,235,278,-1,239,237,263,-1,263,237,279,-1,234,236,280,-1,280,236,281,-1,236,238,281,-1,281,238,282,-1,238,240,282,-1,282,240,283,-1,248,284,285,-1,248,285,246,-1,246,285,286,-1,246,286,244,-1,244,286,287,-1,244,287,242,-1,242,287,283,-1,242,283,240,-1,256,288,289,-1,256,289,254,-1,254,289,290,-1,254,290,252,-1,252,290,291,-1,252,291,250,-1,250,291,284,-1,250,284,248,-1,228,292,293,-1,228,293,226,-1,226,293,294,-1,226,294,260,-1,260,294,295,-1,260,295,258,-1,258,295,288,-1,258,288,256,-1,234,280,296,-1,234,296,232,-1,232,296,297,-1,232,297,230,-1,230,297,292,-1,230,292,228,-1,
        ]
    }
}
Shape{
    appearance Appearance {
        material  Material 	{
            diffuseColor 0.8431372549019608 0.8156862745098039 0.7529411764705882
            specularColor 0.8431372549019608 0.8156862745098039 0.7529411764705882
            ambientIntensity 0.2
            transparency 0
            shininess 0.5
        }
    }
    geometry IndexedFaceSet {
        ccw TRUE
        solid FALSE
        coord DEF co Coordinate {
            point [
                0.3064 -0.0228 0.143, 0.3064 -0.0434 0.143, 0.3104 -0.0228 0.143, 0.3102 -0.0434 0.143, 0.3136 -0.043 0.143, 0.3159 -0.0422 0.143, 0.3177 -0.0411 0.143, 0.3182 -0.0406 0.143, 0.3195 -0.039 0.143, 0.3204 -0.037 0.143, 0.3209 -0.0345 0.143, 0.321 -0.0329 0.143, 0.3207 -0.0298 0.143, 0.32 -0.0278 0.143, 0.319 -0.0262 0.143, 0.3181 -0.0253 0.143, 0.3138 -0.0232 0.143, 0.3162 -0.024 0.143, 0.3162 -0.024 0.143
            ]
        }
        coordIndex [
            0,1,2,-1,2,1,3,-1,2,3,4,-1,4,5,2,-1,2,5,6,-1,2,6,7,-1,7,8,2,-1,2,8,9,-1,2,9,10,-1,10,11,2,-1,2,11,12,-1,2,12,13,-1,13,14,2,-1,2,14,15,-1,2,15,16,-1,16,15,17,-1,
        ]
    }
}
Shape{
    appearance Appearance {
        material  Material 	{
            diffuseColor 0.0 0.0 0.0
            specularColor 0.0 0.0 0.0
            ambientIntensity 0.2
            transparency 0
            shininess 0.5
        }
    }
    geometry IndexedFaceSet {
        ccw TRUE
        solid FALSE
        coord DEF co Coordinate {
            point [
                0.3336 -0.0361 0.147, 0.3325 -0.0391 0.147, 0.3426 -0.0361 0.147, 0.3436 -0.0391 0.147, 0.3376 -0.025 0.147, 0.3363 -0.0198 0.147, 0.3261 -0.0464 0.147, 0.3299 -0.0464 0.147, 0.3378 -0.0242 0.147, 0.338 -0.0232 0.147, 0.34 -0.0198 0.147, 0.3381 -0.0232 0.147, 0.3383 -0.0243 0.147, 0.3385 -0.025 0.147, 0.3502 -0.0464 0.147, 0.3463 -0.0464 0.147, 0.34 -0.0198 0.143, 0.3502 -0.0464 0.143, 0.3363 -0.0198 0.143, 0.3261 -0.0464 0.143, 0.3299 -0.0464 0.143, 0.3325 -0.0391 0.143, 0.3436 -0.0391 0.143, 0.3463 -0.0464 0.143, 0.3336 -0.0361 0.143, 0.3426 -0.0361 0.143, 0.3385 -0.025 0.143, 0.3381 -0.0232 0.143, 0.3383 -0.0243 0.143, 0.338 -0.0232 0.143, 0.3376 -0.025 0.143, 0.3378 -0.0242 0.143, 0.3378 -0.0242 0.143
            ]
        }
        coordIndex [
            0,1,2,-1,2,1,3,-1,4,5,0,-1,0,5,6,-1,0,6,1,-1,1,6,7,-1,4,8,5,-1,5,8,9,-1,5,9,10,-1,10,9,11,-1,10,11,12,-1,12,13,10,-1,10,13,2,-1,10,2,14,-1,14,2,3,-1,14,3,15,-1,10,14,16,-1,16,14,17,-1,5,10,18,-1,18,10,16,-1,6,5,19,-1,19,5,18,-1,7,6,20,-1,20,6,19,-1,1,7,21,-1,21,7,20,-1,3,1,22,-1,22,1,21,-1,15,3,23,-1,23,3,22,-1,14,15,17,-1,17,15,23,-1,0,2,24,-1,24,2,25,-1,2,13,25,-1,25,13,26,-1,11,27,28,-1,11,28,12,-1,12,28,26,-1,12,26,13,-1,11,9,27,-1,27,9,29,-1,4,30,31,-1,4,31,8,-1,8,31,29,-1,8,29,9,-1,4,0,30,-1,30,0,24,-1,
        ]
    }
}
Shape{
    appearance Appearance {
        material  Material 	{
            diffuseColor 0.8431372549019608 0.8156862745098039 0.7529411764705882
            specularColor 0.8431372549019608 0.8156862745098039 0.7529411764705882
            ambientIntensity 0.2
            transparency 0
            shininess 0.5
        }
    }
    geometry IndexedFaceSet {
        ccw TRUE
        solid FALSE
        coord DEF co Coordinate {
            point [
                0.3381 -0.0232 0.143, 0.338 -0.0232 0.143, 0.3383 -0.0243 0.143, 0.3378 -0.0242 0.143, 0.3385 -0.025 0.143, 0.3376 -0.025 0.143, 0.3426 -0.0361 0.143, 0.3336 -0.0361 0.143, 0.3336 -0.0361 0.143
            ]
        }
        coordIndex [
            0,1,2,-1,2,1,3,-1,2,3,4,-1,4,3,5,-1,4,5,6,-1,6,5,7,-1,
        ]
    }
}
Shape{
    appearance Appearance {
        material  Material 	{
            diffuseColor 0.0 0.0 0.0
            specularColor 0.0 0.0 0.0
            ambientIntensity 0.2
            transparency 0
            shininess 0.5
        }
    }
    geometry IndexedFaceSet {
        ccw TRUE
        solid FALSE
        coord DEF co Coordinate {
            point [
                0.0917 -0.0501 0.147, 0.0945 -0.0536 0.147, 0.09 -0.0334 0.147, 0.0868 -0.0004 0.147, 0.0911 0.0018 0.147, 0.0899 0.0135 0.147, 0.1018 0.014 0.147, 0.1077 0.0001 0.147, 0.1106 0.0062 0.147, 0.1268 -0.0401 0.147, 0.1268 -0.0382 0.147, 0.1107 -0.0335 0.147, 0.109 -0.033 0.147, 0.0974 0.0144 0.147, 0.1136 -0.0358 0.147, 0.1145 -0.0374 0.147, 0.1268 -0.0419 0.147, 0.1534 -0.0241 0.147, 0.1475 -0.0141 0.147, 0.1221 -0.0274 0.147, 0.1077 -0.0329 0.147, 0.1059 -0.0331 0.147, 0.1035 -0.0214 0.147, 0.1042 -0.0337 0.147, 0.0993 -0.023 0.147, 0.1027 -0.0348 0.147, 0.0954 -0.0256 0.147, 0.1018 -0.0358 0.147, 0.0922 -0.0292 0.147, 0.1009 -0.0374 0.147, 0.1004 -0.0392 0.147, 0.1149 -0.0222 0.147, 0.1103 -0.0211 0.147, 0.1079 -0.0209 0.147, 0.1123 -0.0345 0.147, 0.1027 -0.0457 0.147, 0.1042 -0.0468 0.147, 0.0982 -0.0564 0.147, 0.106 -0.0475 0.147, 0.1597 -0.0054 0.147, 0.1612 -0.0054 0.147, 0.169 0.0049 0.147, 0.1648 -0.0058 0.147, 0.1699 0.0046 0.147, 0.1681 -0.0071 0.147, 0.1755 0.0018 0.147, 0.1807 -0.0025 0.147, 0.1057 0.0185 0.147, 0.1149 0.0113 0.147, 0.1101 0.0223 0.147, 0.1199 0.0149 0.147, 0.1148 0.0252 0.147, 0.0861 -0.0311 0.147, 0.0874 -0.0454 0.147, 0.0898 -0.0462 0.147, 0.0958 0.0029 0.147, 0.0976 0.003 0.147, 0.0996 0.0143 0.147, 0.1018 0.0025 0.147, 0.1061 0.001 0.147, 0.1189 -0.0244 0.147, 0.171 -0.0091 0.147, 0.1733 -0.0116 0.147, 0.1845 -0.0079 0.147, 0.175 -0.0149 0.147, 0.1869 -0.0137 0.147, 0.1878 -0.02 0.147, 0.1759 -0.0185 0.147, 0.176 -0.0202 0.147, 0.1869 -0.0267 0.147, 0.1755 -0.0238 0.147, 0.1845 -0.0327 0.147, 0.1742 -0.0272 0.147, 0.1807 -0.038 0.147, 0.0829 0.0107 0.147, 0.0769 0.0065 0.147, 0.0833 -0.0035 0.147, 0.0756 0.0053 0.147, 0.0807 -0.0074 0.147, 0.071 -0.0006 0.147, 0.0792 -0.0116 0.147, 0.1015 -0.0444 0.147, 0.1007 -0.0428 0.147, 0.1003 -0.041 0.147, 0.1587 0.0199 0.147, 0.1512 0.0112 0.147, 0.165 0.0127 0.147, 0.1555 0.0062 0.147, 0.1585 0.0001 0.147, 0.115 -0.0391 0.147, 0.115 -0.0409 0.147, 0.1257 -0.0466 0.147, 0.1146 -0.0428 0.147, 0.1235 -0.0509 0.147, 0.1138 -0.0444 0.147, 0.1203 -0.0544 0.147, 0.1126 -0.0458 0.147, 0.1165 -0.057 0.147, 0.1111 -0.0468 0.147, 0.1122 -0.0585 0.147, 0.1095 -0.0474 0.147, 0.1079 -0.0591 0.147, 0.1077 -0.0477 0.147, 0.107 -0.059 0.147, 0.1025 -0.0583 0.147, 0.1235 0.0286 0.147, 0.1261 0.0175 0.147, 0.1329 0.0297 0.147, 0.1331 0.0184 0.147, 0.1407 0.0289 0.147, 0.1396 0.0176 0.147, 0.1503 0.0256 0.147, 0.1455 0.0153 0.147, 0.1509 0.0116 0.147, 0.068 -0.0074 0.147, 0.0667 -0.0146 0.147, 0.0786 -0.016 0.147, 0.0667 -0.0164 0.147, 0.0789 -0.0189 0.147, 0.0676 -0.0238 0.147, 0.0802 -0.0236 0.147, 0.0703 -0.0309 0.147, 0.0827 -0.0277 0.147, 0.0747 -0.037 0.147, 0.0806 -0.0421 0.147, 0.1468 -0.0407 0.147, 0.1469 -0.0418 0.147, 0.1528 -0.0348 0.147, 0.1473 -0.0431 0.147, 0.1481 -0.0443 0.147, 0.1512 -0.0349 0.147, 0.1499 -0.0354 0.147, 0.1468 -0.0401 0.147, 0.1488 -0.0363 0.147, 0.1478 -0.0373 0.147, 0.1471 -0.0386 0.147, 0.1721 -0.0302 0.147, 0.1719 -0.0305 0.147, 0.1756 -0.0424 0.147, 0.1691 -0.0328 0.147, 0.1698 -0.0452 0.147, 0.1657 -0.0343 0.147, 0.1635 -0.0465 0.147, 0.1623 -0.035 0.147, 0.1523 -0.0465 0.147, 0.1538 -0.035 0.147, 0.1518 -0.0465 0.147, 0.1534 -0.0349 0.147, 0.1505 -0.0461 0.147, 0.1492 -0.0454 0.147, 0.1527 -0.0348 0.147, 0.1878 -0.02 0.143, 0.1869 -0.0137 0.143, 0.1862 -0.0122 0.143, 0.1845 -0.0079 0.143, 0.1819 -0.0043 0.143, 0.1807 -0.0025 0.143, 0.1755 0.0018 0.143, 0.1699 0.0046 0.143, 0.169 0.0049 0.143, 0.165 0.0127 0.143, 0.1587 0.0199 0.143, 0.1544 0.0228 0.143, 0.1503 0.0256 0.143, 0.1407 0.0289 0.143, 0.1329 0.0297 0.143, 0.1101 0.0223 0.143, 0.1109 0.0228 0.143, 0.1148 0.0252 0.143, 0.1235 0.0286 0.143, 0.1057 0.0185 0.143, 0.1018 0.014 0.143, 0.0996 0.0143 0.143, 0.0974 0.0144 0.143, 0.0899 0.0135 0.143, 0.0829 0.0107 0.143, 0.0769 0.0065 0.143, 0.0756 0.0053 0.143, 0.071 -0.0006 0.143, 0.0694 -0.0043 0.143, 0.068 -0.0074 0.143, 0.0672 -0.0122 0.143, 0.0667 -0.0146 0.143, 0.0667 -0.0164 0.143, 0.0676 -0.0238 0.143, 0.0703 -0.0309 0.143, 0.0747 -0.037 0.143, 0.0806 -0.0421 0.143, 0.0874 -0.0454 0.143, 0.0898 -0.0462 0.143, 0.0901 -0.0467 0.143, 0.0917 -0.0501 0.143, 0.0945 -0.0536 0.143, 0.0966 -0.0553 0.143, 0.0982 -0.0564 0.143, 0.1025 -0.0583 0.143, 0.107 -0.059 0.143, 0.1079 -0.0591 0.143, 0.1122 -0.0585 0.143, 0.1165 -0.057 0.143, 0.119 -0.0553 0.143, 0.1203 -0.0544 0.143, 0.1235 -0.0509 0.143, 0.1257 -0.0467 0.143, 0.1257 -0.0466 0.143, 0.1268 -0.0419 0.143, 0.1268 -0.0401 0.143, 0.1268 -0.0382 0.143, 0.1534 -0.0241 0.143, 0.1475 -0.0141 0.143, 0.1221 -0.0274 0.143, 0.1189 -0.0244 0.143, 0.1149 -0.0222 0.143, 0.1103 -0.0211 0.143, 0.1079 -0.0209 0.143, 0.1035 -0.0214 0.143, 0.0993 -0.023 0.143, 0.0954 -0.0256 0.143, 0.0922 -0.0292 0.143, 0.09 -0.0334 0.143, 0.0861 -0.0311 0.143, 0.0827 -0.0277 0.143, 0.0802 -0.0236 0.143, 0.0789 -0.0189 0.143, 0.0786 -0.016 0.143, 0.0791 -0.0122 0.143, 0.0792 -0.0116 0.143, 0.0807 -0.0074 0.143, 0.0828 -0.0043 0.143, 0.0833 -0.0035 0.143, 0.0868 -0.0004 0.143, 0.0911 0.0018 0.143, 0.0958 0.0029 0.143, 0.0976 0.003 0.143, 0.1018 0.0025 0.143, 0.1061 0.001 0.143, 0.1077 0.0001 0.143, 0.1106 0.0062 0.143, 0.1149 0.0113 0.143, 0.1199 0.0149 0.143, 0.1261 0.0175 0.143, 0.1331 0.0184 0.143, 0.1597 -0.0054 0.143, 0.1594 -0.0043 0.143, 0.1585 0.0001 0.143, 0.1555 0.0062 0.143, 0.1512 0.0112 0.143, 0.1509 0.0116 0.143, 0.1455 0.0153 0.143, 0.1396 0.0176 0.143, 0.1612 -0.0054 0.143, 0.1648 -0.0058 0.143, 0.1681 -0.0071 0.143, 0.171 -0.0091 0.143, 0.1733 -0.0116 0.143, 0.1736 -0.0122 0.143, 0.175 -0.0149 0.143, 0.1759 -0.0185 0.143, 0.176 -0.0202 0.143, 0.1755 -0.0238 0.143, 0.1742 -0.0272 0.143, 0.1721 -0.0302 0.143, 0.1719 -0.0305 0.143, 0.1691 -0.0328 0.143, 0.1657 -0.0343 0.143, 0.1623 -0.035 0.143, 0.1538 -0.035 0.143, 0.1534 -0.0349 0.143, 0.1528 -0.0348 0.143, 0.1527 -0.0348 0.143, 0.1512 -0.0349 0.143, 0.1499 -0.0354 0.143, 0.1488 -0.0363 0.143, 0.1478 -0.0373 0.143, 0.1471 -0.0386 0.143, 0.1468 -0.0401 0.143, 0.1468 -0.0407 0.143, 0.1469 -0.0418 0.143, 0.1473 -0.0431 0.143, 0.1481 -0.0443 0.143, 0.1492 -0.0454 0.143, 0.1505 -0.0461 0.143, 0.1518 -0.0465 0.143, 0.1523 -0.0465 0.143, 0.1635 -0.0465 0.143, 0.1698 -0.0452 0.143, 0.1756 -0.0424 0.143, 0.1807 -0.038 0.143, 0.1845 -0.0327 0.143, 0.1869 -0.0267 0.143, 0.1077 -0.0329 0.143, 0.109 -0.033 0.143, 0.1107 -0.0335 0.143, 0.1123 -0.0345 0.143, 0.1136 -0.0358 0.143, 0.1145 -0.0374 0.143, 0.115 -0.0391 0.143, 0.115 -0.0409 0.143, 0.1146 -0.0428 0.143, 0.1138 -0.0444 0.143, 0.1126 -0.0458 0.143, 0.1111 -0.0468 0.143, 0.1095 -0.0474 0.143, 0.1077 -0.0477 0.143, 0.106 -0.0475 0.143, 0.1042 -0.0468 0.143, 0.1027 -0.0457 0.143, 0.1015 -0.0444 0.143, 0.1007 -0.0428 0.143, 0.1003 -0.041 0.143, 0.1004 -0.0392 0.143, 0.1009 -0.0374 0.143, 0.1018 -0.0358 0.143, 0.1027 -0.0348 0.143, 0.1042 -0.0337 0.143, 0.1059 -0.0331 0.143, 0.1059 -0.0331 0.143
            ]
        }
        coordIndex [
            0,1,2,-1,3,4,5,-1,6,7,8,-1,9,10,11,-1,11,10,12,-1,5,4,13,-1,14,15,16,-1,17,18,10,-1,10,18,19,-1,10,19,12,-1,12,19,20,-1,21,22,23,-1,23,22,24,-1,23,24,25,-1,25,24,26,-1,25,26,27,-1,27,26,28,-1,27,28,29,-1,29,28,2,-1,29,2,30,-1,31,32,21,-1,21,32,33,-1,21,33,22,-1,9,11,16,-1,16,11,34,-1,16,34,14,-1,35,1,36,-1,36,1,37,-1,36,37,38,-1,39,40,41,-1,41,40,42,-1,41,42,43,-1,43,42,44,-1,43,44,45,-1,45,44,46,-1,6,8,47,-1,47,8,48,-1,47,48,49,-1,49,48,50,-1,49,50,51,-1,52,53,2,-1,2,53,54,-1,2,54,0,-1,4,55,13,-1,13,55,56,-1,13,56,57,-1,57,56,58,-1,57,58,6,-1,6,58,59,-1,6,59,7,-1,20,19,21,-1,21,19,60,-1,21,60,31,-1,44,61,46,-1,46,61,62,-1,46,62,63,-1,63,62,64,-1,63,64,65,-1,65,64,66,-1,64,67,66,-1,66,67,68,-1,66,68,69,-1,69,68,70,-1,69,70,71,-1,71,70,72,-1,71,72,73,-1,5,74,3,-1,3,74,75,-1,3,75,76,-1,76,75,77,-1,76,77,78,-1,78,77,79,-1,78,79,80,-1,35,81,1,-1,1,81,82,-1,1,82,2,-1,2,82,83,-1,2,83,30,-1,84,85,86,-1,86,85,87,-1,86,87,41,-1,41,87,88,-1,41,88,39,-1,15,89,16,-1,16,89,90,-1,16,90,91,-1,91,90,92,-1,91,92,93,-1,93,92,94,-1,93,94,95,-1,95,94,96,-1,95,96,97,-1,97,96,98,-1,97,98,99,-1,99,98,100,-1,99,100,101,-1,101,100,102,-1,101,102,103,-1,103,102,38,-1,103,38,104,-1,104,38,37,-1,51,50,105,-1,105,50,106,-1,105,106,107,-1,107,106,108,-1,107,108,109,-1,109,108,110,-1,109,110,111,-1,111,110,112,-1,111,112,84,-1,84,112,113,-1,84,113,85,-1,79,114,80,-1,80,114,115,-1,80,115,116,-1,116,115,117,-1,116,117,118,-1,118,117,119,-1,118,119,120,-1,120,119,121,-1,120,121,122,-1,122,121,123,-1,122,123,52,-1,52,123,124,-1,52,124,53,-1,125,126,127,-1,127,126,128,-1,127,128,129,-1,130,131,132,-1,131,133,132,-1,132,133,134,-1,132,134,135,-1,72,136,73,-1,73,136,137,-1,73,137,138,-1,138,137,139,-1,138,139,140,-1,140,139,141,-1,140,141,142,-1,142,141,143,-1,142,143,144,-1,144,143,145,-1,144,145,146,-1,146,145,147,-1,146,147,148,-1,148,147,127,-1,148,127,149,-1,149,127,129,-1,125,127,132,-1,132,127,150,-1,132,150,130,-1,66,151,152,-1,66,152,65,-1,65,152,153,-1,65,153,63,-1,153,154,63,-1,63,154,155,-1,63,155,46,-1,155,156,46,-1,46,156,157,-1,46,157,45,-1,45,157,158,-1,45,158,43,-1,43,158,159,-1,43,159,41,-1,41,159,160,-1,41,160,86,-1,86,160,161,-1,86,161,84,-1,84,161,111,-1,111,161,162,-1,162,163,111,-1,111,163,164,-1,111,164,109,-1,109,164,165,-1,109,165,107,-1,166,49,167,-1,167,49,51,-1,167,51,168,-1,168,51,105,-1,168,105,169,-1,169,105,107,-1,169,107,165,-1,49,166,170,-1,49,170,47,-1,47,170,171,-1,47,171,6,-1,6,171,172,-1,6,172,57,-1,57,172,173,-1,57,173,13,-1,13,173,174,-1,13,174,5,-1,5,174,175,-1,5,175,74,-1,74,175,176,-1,74,176,75,-1,75,176,177,-1,75,177,77,-1,114,79,178,-1,178,79,77,-1,178,77,177,-1,178,179,114,-1,114,179,180,-1,114,180,115,-1,115,180,181,-1,181,182,115,-1,115,182,183,-1,115,183,117,-1,117,183,184,-1,117,184,119,-1,119,184,185,-1,119,185,121,-1,121,185,186,-1,121,186,123,-1,123,186,187,-1,123,187,124,-1,124,187,188,-1,124,188,53,-1,53,188,189,-1,53,189,54,-1,54,189,190,-1,54,190,0,-1,190,191,0,-1,0,191,192,-1,0,192,1,-1,1,192,193,-1,1,193,37,-1,193,194,37,-1,37,194,195,-1,37,195,104,-1,104,195,196,-1,104,196,103,-1,103,196,197,-1,103,197,101,-1,101,197,198,-1,101,198,99,-1,99,198,199,-1,99,199,97,-1,97,199,200,-1,97,200,95,-1,200,201,95,-1,95,201,202,-1,95,202,93,-1,93,202,203,-1,93,203,91,-1,203,204,91,-1,91,204,205,-1,91,205,16,-1,16,205,206,-1,16,206,9,-1,10,9,207,-1,207,9,206,-1,17,10,208,-1,208,10,207,-1,18,17,209,-1,209,17,208,-1,19,18,210,-1,210,18,209,-1,19,210,211,-1,19,211,60,-1,60,211,212,-1,60,212,31,-1,31,212,213,-1,31,213,32,-1,32,213,214,-1,32,214,33,-1,33,214,215,-1,33,215,22,-1,22,215,216,-1,22,216,24,-1,24,216,217,-1,24,217,26,-1,26,217,218,-1,26,218,28,-1,28,218,219,-1,28,219,2,-1,2,219,220,-1,2,220,52,-1,52,220,221,-1,52,221,122,-1,122,221,222,-1,122,222,120,-1,120,222,223,-1,120,223,118,-1,118,223,224,-1,118,224,116,-1,224,225,116,-1,116,225,80,-1,225,226,80,-1,80,226,227,-1,80,227,78,-1,78,227,228,-1,78,228,76,-1,228,229,76,-1,76,229,230,-1,76,230,3,-1,3,230,231,-1,3,231,4,-1,4,231,232,-1,4,232,55,-1,55,232,233,-1,55,233,56,-1,56,233,234,-1,56,234,58,-1,58,234,235,-1,58,235,59,-1,59,235,236,-1,59,236,7,-1,7,236,237,-1,7,237,8,-1,8,237,238,-1,8,238,48,-1,48,238,239,-1,48,239,50,-1,50,239,240,-1,50,240,106,-1,106,240,241,-1,106,241,108,-1,242,39,243,-1,243,39,88,-1,243,88,244,-1,244,88,87,-1,244,87,245,-1,245,87,85,-1,245,85,246,-1,246,85,113,-1,246,113,247,-1,247,113,112,-1,247,112,248,-1,248,112,110,-1,248,110,249,-1,249,110,108,-1,249,108,241,-1,40,39,250,-1,250,39,242,-1,40,250,251,-1,40,251,42,-1,42,251,252,-1,42,252,44,-1,44,252,253,-1,44,253,61,-1,61,253,254,-1,61,254,62,-1,62,254,255,-1,62,255,64,-1,255,256,64,-1,64,256,257,-1,64,257,67,-1,67,257,258,-1,67,258,68,-1,68,258,259,-1,68,259,70,-1,70,259,260,-1,70,260,72,-1,72,260,261,-1,72,261,136,-1,136,261,262,-1,136,262,137,-1,137,262,263,-1,137,263,139,-1,139,263,264,-1,139,264,141,-1,141,264,265,-1,141,265,143,-1,145,143,266,-1,266,143,265,-1,145,266,267,-1,145,267,147,-1,147,267,268,-1,147,268,127,-1,127,268,269,-1,127,269,150,-1,150,269,270,-1,150,270,130,-1,130,270,271,-1,130,271,131,-1,131,271,272,-1,131,272,133,-1,133,272,273,-1,133,273,134,-1,134,273,274,-1,134,274,135,-1,135,274,275,-1,135,275,132,-1,132,275,276,-1,132,276,125,-1,125,276,277,-1,125,277,126,-1,126,277,278,-1,126,278,128,-1,128,278,279,-1,128,279,129,-1,129,279,280,-1,129,280,149,-1,149,280,281,-1,149,281,148,-1,148,281,282,-1,148,282,146,-1,146,282,283,-1,146,283,144,-1,142,144,284,-1,284,144,283,-1,142,284,285,-1,142,285,140,-1,140,285,286,-1,140,286,138,-1,138,286,287,-1,138,287,73,-1,73,287,288,-1,73,288,71,-1,71,288,289,-1,71,289,69,-1,69,289,151,-1,69,151,66,-1,20,290,291,-1,20,291,12,-1,12,291,292,-1,12,292,11,-1,11,292,293,-1,11,293,34,-1,34,293,294,-1,34,294,14,-1,14,294,295,-1,14,295,15,-1,15,295,296,-1,15,296,89,-1,89,296,297,-1,89,297,90,-1,90,297,298,-1,90,298,92,-1,92,298,299,-1,92,299,94,-1,94,299,300,-1,94,300,96,-1,96,300,301,-1,96,301,98,-1,98,301,302,-1,98,302,100,-1,100,302,303,-1,100,303,102,-1,102,303,304,-1,102,304,38,-1,38,304,305,-1,38,305,36,-1,36,305,306,-1,36,306,35,-1,35,306,307,-1,35,307,81,-1,81,307,308,-1,81,308,82,-1,82,308,309,-1,82,309,83,-1,83,309,310,-1,83,310,30,-1,30,310,311,-1,30,311,29,-1,29,311,312,-1,29,312,27,-1,27,312,313,-1,27,313,25,-1,25,313,314,-1,25,314,23,-1,23,314,315,-1,23,315,21,-1,21,315,290,-1,21,290,20,-1,
        ]
    }
}
Shape{
    appearance Appearance {
        material  Material 	{
            diffuseColor 0.8431372549019608 0.8156862745098039 0.7529411764705882
            specularColor 0.8431372549019608 0.8156862745098039 0.7529411764705882
            ambientIntensity 0.2
            transparency 0
            shininess 0.5
        }
    }
    geometry IndexedFaceSet {
        ccw TRUE
        solid FALSE
        coord DEF co Coordinate {
            point [
                0.1077 -0.0477 0.143, 0.1027 -0.0348 0.143, 0.1018 -0.0358 0.143, 0.1077 -0.0329 0.143, 0.109 -0.033 0.143, 0.1095 -0.0474 0.143, 0.1059 -0.0331 0.143, 0.1042 -0.0337 0.143, 0.1126 -0.0458 0.143, 0.1136 -0.0358 0.143, 0.1123 -0.0345 0.143, 0.1007 -0.0428 0.143, 0.1015 -0.0444 0.143, 0.1027 -0.0457 0.143, 0.1111 -0.0468 0.143, 0.1107 -0.0335 0.143, 0.1009 -0.0374 0.143, 0.1004 -0.0392 0.143, 0.1003 -0.041 0.143, 0.1042 -0.0468 0.143, 0.106 -0.0475 0.143, 0.1146 -0.0428 0.143, 0.115 -0.0409 0.143, 0.1138 -0.0444 0.143, 0.115 -0.0391 0.143, 0.1145 -0.0374 0.143, 0.1145 -0.0374 0.143
            ]
        }
        coordIndex [
            0,1,2,-1,3,0,4,-1,4,0,5,-1,3,6,0,-1,0,6,7,-1,0,7,1,-1,8,9,10,-1,11,12,2,-1,2,12,13,-1,5,14,4,-1,4,14,8,-1,4,8,15,-1,15,8,10,-1,16,17,2,-1,2,17,18,-1,2,18,11,-1,13,19,2,-1,2,19,20,-1,2,20,0,-1,21,22,23,-1,23,22,24,-1,23,24,8,-1,8,24,25,-1,8,25,9,-1,
        ]
    }
}