ISO-10303-21;
HEADER;
FILE_DESCRIPTION (( 'STEP AP214' ),
    '1' );
FILE_NAME ('DF40C-10DP.STEP',
    '2023-03-01T23:03:53',
    ( '' ),
    ( '' ),
    'SwSTEP 2.0',
    'SolidWorks 2022',
    '' );
FILE_SCHEMA (( 'AUTOMOTIVE_DESIGN' ));
ENDSEC;

DATA;
#1 = ORIENTED_EDGE ( 'NONE', *, *, #1670, .F. ) ;
#2 = CARTESIAN_POINT ( 'NONE',  ( -0.07401574803149606196, -0.01968503937007873988, 0.06633858267716534474 ) ) ;
#3 = DIRECTION ( 'NONE',  ( 0.8823529411764704511, 0.4705882352941180846, -0.000000000000000000 ) ) ;
#4 = CARTESIAN_POINT ( 'NONE',  ( 0.01190365910143582201, -0.01887447892542835209, 0.07460629921259842590 ) ) ;
#5 = DIRECTION ( 'NONE',  ( 1.000000000000000000, 3.837386249217209879E-15, 0.000000000000000000 ) ) ;
#6 = ORIENTED_EDGE ( 'NONE', *, *, #2202, .T. ) ;
#7 = DIRECTION ( 'NONE',  ( 0.000000000000000000, 1.000000000000000000, 0.000000000000000000 ) ) ;
#8 = MECHANICAL_DESIGN_GEOMETRIC_PRESENTATION_REPRESENTATION (  '', ( #5567 ), #2285 ) ;
#9 = CARTESIAN_POINT ( 'NONE',  ( 0.04980888922789999951, -0.02165354330708653754, 0.07224409448818898405 ) ) ;
#10 = DIMENSIONAL_EXPONENTS ( 1.000000000000000000, 0.000000000000000000, 0.000000000000000000, 0.000000000000000000, 0.000000000000000000, 0.000000000000000000, 0.000000000000000000 ) ;
#11 = ADVANCED_FACE ( 'NONE', ( #1698 ), #2196, .T. ) ;
#12 = DIRECTION ( 'NONE',  ( -3.552713678800500140E-15, -1.000000000000000000, 0.000000000000000000 ) ) ;
#13 = AXIS2_PLACEMENT_3D ( 'NONE', #5942, #770, #6556 ) ;
#14 = ORIENTED_EDGE ( 'NONE', *, *, #2885, .F. ) ;
#15 = CARTESIAN_POINT ( 'NONE',  ( -2.185478394931409712E-18, 0.000000000000000000, 0.1385826771653543288 ) ) ;
#16 = VECTOR ( 'NONE', #1967, 39.37007874015748854 ) ;
#17 = DIRECTION ( 'NONE',  ( 0.000000000000000000, 1.224606353822379970E-16, -1.000000000000000000 ) ) ;
#18 = ORIENTED_EDGE ( 'NONE', *, *, #7353, .T. ) ;
#19 = EDGE_CURVE ( 'NONE', #3984, #3948, #1020, .T. ) ;
#20 = ORIENTED_EDGE ( 'NONE', *, *, #4124, .T. ) ;
#21 = CIRCLE ( 'NONE', #4115, 0.005905511811023620231 ) ;
#22 = VERTEX_POINT ( 'NONE', #2227 ) ;
#23 =( LENGTH_UNIT ( ) NAMED_UNIT ( * ) SI_UNIT ( $, .METRE. ) );
#24 = CARTESIAN_POINT ( 'NONE',  ( -0.005511811023622117424, 0.01929133858267725182, 0.01535433070866141364 ) ) ;
#25 = ORIENTED_EDGE ( 'NONE', *, *, #4837, .T. ) ;
#26 = ORIENTED_EDGE ( 'NONE', *, *, #2173, .F. ) ;
#27 = DIRECTION ( 'NONE',  ( 1.000000000000000000, 0.000000000000000000, 0.000000000000000000 ) ) ;
#28 = AXIS2_PLACEMENT_3D ( 'NONE', #7062, #2561, #3019 ) ;
#29 = AXIS2_PLACEMENT_3D ( 'NONE', #2451, #6989, #2952 ) ;
#30 = ADVANCED_FACE ( 'NONE', ( #572 ), #3335, .F. ) ;
#31 = ADVANCED_FACE ( 'NONE', ( #4430 ), #4191, .T. ) ;
#32 = PLANE ( 'NONE',  #4613 ) ;
#33 = CARTESIAN_POINT ( 'NONE',  ( -0.08188976377952757180, -0.01968503937007866356, 0.08799212598425197596 ) ) ;
#34 = DIRECTION ( 'NONE',  ( 0.000000000000000000, 0.000000000000000000, 1.000000000000000000 ) ) ;
#35 = CARTESIAN_POINT ( 'NONE',  ( 0.02480314960629929552, -0.02165354330708653754, 0.08799212598425197596 ) ) ;
#36 = CIRCLE ( 'NONE', #5099, 0.005905511811023620231 ) ;
#37 = DIRECTION ( 'NONE',  ( -0.000000000000000000, -1.224606353822379970E-16, 1.000000000000000000 ) ) ;
#38 = ORIENTED_EDGE ( 'NONE', *, *, #5191, .F. ) ;
#39 = CARTESIAN_POINT ( 'NONE',  ( 0.01456692913385826751, -0.02165354330708653754, 0.08208661417322835052 ) ) ;
#40 = VECTOR ( 'NONE', #752, 39.37007874015748143 ) ;
#41 = ORIENTED_EDGE ( 'NONE', *, *, #1712, .T. ) ;
#42 = DIRECTION ( 'NONE',  ( 0.000000000000000000, 0.000000000000000000, -1.000000000000000000 ) ) ;
#43 = CARTESIAN_POINT ( 'NONE',  ( -0.09212598425196889818, -0.02559055118110227164, 0.01909448818897637595 ) ) ;
#44 = CARTESIAN_POINT ( 'NONE',  ( 0.01190365910143582201, -0.01887447892542835209, 0.1061023622047244097 ) ) ;
#45 = DIRECTION ( 'NONE',  ( -0.000000000000000000, -1.224606353822379970E-16, 1.000000000000000000 ) ) ;
#46 = ORIENTED_EDGE ( 'NONE', *, *, #5214, .T. ) ;
#47 = DIRECTION ( 'NONE',  ( -0.8823529411764704511, -0.4705882352941180846, 0.000000000000000000 ) ) ;
#48 = DIRECTION ( 'NONE',  ( -1.000000000000000000, -0.000000000000000000, -0.000000000000000000 ) ) ;
#49 = DIRECTION ( 'NONE',  ( 0.000000000000000000, 1.000000000000000000, -0.000000000000000000 ) ) ;
#50 = VECTOR ( 'NONE', #5388, 39.37007874015748854 ) ;
#51 = ORIENTED_EDGE ( 'NONE', *, *, #2659, .F. ) ;
#52 = DIRECTION ( 'NONE',  ( -3.552713678800500140E-15, 1.000000000000000000, 0.000000000000000000 ) ) ;
#53 = DIRECTION ( 'NONE',  ( 0.000000000000000000, 1.000000000000000000, -0.000000000000000000 ) ) ;
#54 = EDGE_CURVE ( 'NONE', #867, #2038, #1931, .T. ) ;
#55 = ADVANCED_FACE ( 'NONE', ( #1320 ), #3034, .T. ) ;
#56 = VECTOR ( 'NONE', #608, 39.37007874015748143 ) ;
#57 = LENGTH_MEASURE_WITH_UNIT ( LENGTH_MEASURE( 0.02539999999999999897 ), #1605 );
#58 = VERTEX_POINT ( 'NONE', #6390 ) ;
#59 = VERTEX_POINT ( 'NONE', #1740 ) ;
#60 = VERTEX_POINT ( 'NONE', #3554 ) ;
#61 = AXIS2_PLACEMENT_3D ( 'NONE', #3328, #5092, #1043 ) ;
#62 = ORIENTED_EDGE ( 'NONE', *, *, #3129, .T. ) ;
#63 = CARTESIAN_POINT ( 'NONE',  ( 0.008429828624363132697, -0.02072718851320048267, 0.07460629921259842590 ) ) ;
#64 = ORIENTED_EDGE ( 'NONE', *, *, #4158, .F. ) ;
#65 = ORIENTED_EDGE ( 'NONE', *, *, #404, .T. ) ;
#66 = EDGE_CURVE ( 'NONE', #2431, #5918, #6957, .T. ) ;
#67 = VERTEX_POINT ( 'NONE', #1774 ) ;
#68 = CARTESIAN_POINT ( 'NONE',  ( -0.09212598425196878715, -0.02165354330708653754, 0.01909448818897637595 ) ) ;
#69 = DIRECTION ( 'NONE',  ( 1.000000000000000000, -0.000000000000000000, 0.000000000000000000 ) ) ;
#70 = CARTESIAN_POINT ( 'NONE',  ( -0.08188976377952757180, -0.02165354330708653754, 0.08799212598425197596 ) ) ;
#71 = CARTESIAN_POINT ( 'NONE',  ( -0.07575266327003259137, -0.02072718851320056940, 0.06633858267716535861 ) ) ;
#72 = LINE ( 'NONE', #7065, #1621 ) ;
#73 = CARTESIAN_POINT ( 'NONE',  ( -0.0003937007874015315380, -0.01968503937007862192, -0.1574803149606299191 ) ) ;
#74 = ADVANCED_FACE ( 'NONE', ( #3625 ), #605, .F. ) ;
#75 = EDGE_CURVE ( 'NONE', #5262, #2097, #766, .T. ) ;
#76 = CARTESIAN_POINT ( 'NONE',  ( 0.01190365910143580813, -0.01887447892542832087, 0.07224409448818898405 ) ) ;
#77 = VERTEX_POINT ( 'NONE', #1198 ) ;
#78 = ADVANCED_FACE ( 'NONE', ( #3072 ), #5901, .F. ) ;
#79 = CARTESIAN_POINT ( 'NONE',  ( 0.009356183418249165024, -0.02246410375173678656, 0.02500000000000000139 ) ) ;
#80 = ORIENTED_EDGE ( 'NONE', *, *, #4379, .T. ) ;
#81 = DIRECTION ( 'NONE',  ( 0.000000000000000000, 0.000000000000000000, 1.000000000000000000 ) ) ;
#82 = CARTESIAN_POINT ( 'NONE',  ( -0.09212598425196889818, -0.01377952755905503986, 0.1135826771653543343 ) ) ;
#83 = FACE_OUTER_BOUND ( 'NONE', #5435, .T. ) ;
#84 = CARTESIAN_POINT ( 'NONE',  ( -0.04940944881889763191, 0.01929133858267742876, 0.1983179640278689149 ) ) ;
#85 = ORIENTED_EDGE ( 'NONE', *, *, #3201, .T. ) ;
#86 = CARTESIAN_POINT ( 'NONE',  ( 0.009356183418249208392, -0.02246410375173683166, 0.02736220472440945017 ) ) ;
#87 = CARTESIAN_POINT ( 'NONE',  ( -0.01141732283464574893, 0.01141732283464574893, 0.1232283464566929221 ) ) ;
#88 = DIRECTION ( 'NONE',  ( -1.000000000000000000, 0.000000000000000000, 0.000000000000000000 ) ) ;
#89 = ORIENTED_EDGE ( 'NONE', *, *, #5183, .F. ) ;
#90 = CARTESIAN_POINT ( 'NONE',  ( 0.02480314960629929552, -0.02165354330708653754, 0.02500000000000000139 ) ) ;
#91 = VECTOR ( 'NONE', #4276, 39.37007874015748143 ) ;
#92 = LENGTH_MEASURE_WITH_UNIT ( LENGTH_MEASURE( 0.02539999999999999897 ), #4614 );
#93 =( BOUNDED_CURVE ( )  B_SPLINE_CURVE ( 3, ( #6121, #5480, #307, #1921 ),
 .UNSPECIFIED., .F., .F. ) 
 B_SPLINE_CURVE_WITH_KNOTS ( ( 4, 4 ),
 ( 1.398114835176860860, 1.570796326794899223 ),
 .UNSPECIFIED. ) 
 CURVE ( )  GEOMETRIC_REPRESENTATION_ITEM ( )  RATIONAL_B_SPLINE_CURVE ( ( 1.000000000000000000, 0.9975166351796074249, 0.9975166351796074249, 1.000000000000000000 ) ) 
 REPRESENTATION_ITEM ( '' )  );
#94 = ORIENTED_EDGE ( 'NONE', *, *, #3615, .T. ) ;
#95 = EDGE_LOOP ( 'NONE', ( #3027, #5405, #4710, #5805, #4692, #5693, #6802 ) ) ;
#96 = AXIS2_PLACEMENT_3D ( 'NONE', #753, #1468, #5509 ) ;
#97 = VERTEX_POINT ( 'NONE', #2 ) ;
#98 = EDGE_LOOP ( 'NONE', ( #1376, #5169, #1472, #1762, #4895, #168, #5097, #3574, #631, #4405, #4137, #1707 ) ) ;
#99 = LINE ( 'NONE', #2393, #4205 ) ;
#100 = EDGE_LOOP ( 'NONE', ( #6825, #7347, #2951, #4371 ) ) ;
#101 = VECTOR ( 'NONE', #3478, 39.37007874015748143 ) ;
#102 = ORIENTED_EDGE ( 'NONE', *, *, #7047, .T. ) ;
#103 = CARTESIAN_POINT ( 'NONE',  ( 0.04980888922789999951, -0.02559055118110228552, 0.1135826771653543343 ) ) ;
#104 = CARTESIAN_POINT ( 'NONE',  ( -0.01141732283464574893, 0.01338582677165358649, 0.01535433070866141884 ) ) ;
#105 = VECTOR ( 'NONE', #150, 39.37007874015748143 ) ;
#106 = EDGE_CURVE ( 'NONE', #4070, #1055, #3462, .T. ) ;
#107 = EDGE_CURVE ( 'NONE', #3940, #4448, #5863, .T. ) ;
#108 = CARTESIAN_POINT ( 'NONE',  ( -0.01377952755905511445, -0.01456692913385819119, 0.02718270478973380463 ) ) ;
#109 = SURFACE_STYLE_FILL_AREA ( #1844 ) ;
#110 = DIRECTION ( 'NONE',  ( -0.000000000000000000, -0.000000000000000000, 1.000000000000000000 ) ) ;
#111 = CARTESIAN_POINT ( 'NONE',  ( -0.08015284854099134770, -0.02061139416396476701, 0.1135826771653543343 ) ) ;
#112 = LINE ( 'NONE', #2363, #1948 ) ;
#113 = ORIENTED_EDGE ( 'NONE', *, *, #6209, .F. ) ;
#114 = VECTOR ( 'NONE', #6073, 39.37007874015748143 ) ;
#115 = LINE ( 'NONE', #2408, #1599 ) ;
#116 = ORIENTED_EDGE ( 'NONE', *, *, #1467, .T. ) ;
#117 = EDGE_LOOP ( 'NONE', ( #7054, #3475, #5878, #1647, #7326, #7438, #6446 ) ) ;
#118 = CARTESIAN_POINT ( 'NONE',  ( -0.07401574803149606196, -0.02165354330708653754, 0.02736220472440945017 ) ) ;
#119 = AXIS2_PLACEMENT_3D ( 'NONE', #3395, #2251, #5703 ) ;
#120 = CARTESIAN_POINT ( 'NONE',  ( 0.002755905511811061314, -0.01574803149606291558, 0.08799212598425197596 ) ) ;
#121 = DIRECTION ( 'NONE',  ( 0.000000000000000000, 0.000000000000000000, -1.000000000000000000 ) ) ;
#122 = DIRECTION ( 'NONE',  ( 0.000000000000000000, 1.000000000000000000, 0.000000000000000000 ) ) ;
#123 = DIRECTION ( 'NONE',  ( -0.000000000000000000, -1.000000000000000000, -0.000000000000000000 ) ) ;
#124 = DIRECTION ( 'NONE',  ( 1.000000000000000000, 3.552713678800500140E-15, 0.000000000000000000 ) ) ;
#125 = CARTESIAN_POINT ( 'NONE',  ( -0.001181102362204663461, -0.02362204724409448786, 0.000000000000000000 ) ) ;
#126 = EDGE_CURVE ( 'NONE', #6389, #2535, #3810, .T. ) ;
#127 = VERTEX_POINT ( 'NONE', #682 ) ;
#128 = DIRECTION ( 'NONE',  ( -3.552713678800500140E-15, -1.000000000000000000, 0.000000000000000000 ) ) ;
#129 = CARTESIAN_POINT ( 'NONE',  ( 0.04980888922789999951, -0.02165354330708653754, 0.05059055118110235977 ) ) ;
#130 = AXIS2_PLACEMENT_3D ( 'NONE', #3718, #6566, #2505 ) ;
#131 = CARTESIAN_POINT ( 'NONE',  ( 0.002755905511811054809, -0.01574803149606291558, 0.04311023622047244208 ) ) ;
#132 = CARTESIAN_POINT ( 'NONE',  ( 0.04980888922789999951, -0.01574803149606291558, 0.02500000000000000139 ) ) ;
#133 = ORIENTED_EDGE ( 'NONE', *, *, #5896, .F. ) ;
#134 = VERTEX_POINT ( 'NONE', #3476 ) ;
#135 = VECTOR ( 'NONE', #5493, 39.37007874015748143 ) ;
#136 = EDGE_LOOP ( 'NONE', ( #4492, #5546, #5100, #2704 ) ) ;
#137 = ORIENTED_EDGE ( 'NONE', *, *, #4215, .T. ) ;
#138 =( NAMED_UNIT ( * ) SI_UNIT ( $, .STERADIAN. ) SOLID_ANGLE_UNIT ( ) );
#139 = DIRECTION ( 'NONE',  ( -0.000000000000000000, -0.000000000000000000, 1.000000000000000000 ) ) ;
#140 = ORIENTED_EDGE ( 'NONE', *, *, #4368, .F. ) ;
#141 = CARTESIAN_POINT ( 'NONE',  ( -0.08188976377952757180, -0.01968503937007866356, 0.1218503937007874155 ) ) ;
#142 = VECTOR ( 'NONE', #1186, 39.37007874015748854 ) ;
#143 = VERTEX_POINT ( 'NONE', #5338 ) ;
#144 = CARTESIAN_POINT ( 'NONE',  ( -0.08188976377952757180, -0.02559055118110227164, 0.08799212598425197596 ) ) ;
#145 = DIRECTION ( 'NONE',  ( 0.8823529411764704511, 0.4705882352941180846, -0.000000000000000000 ) ) ;
#146 = VECTOR ( 'NONE', #3935, 39.37007874015748143 ) ;
#147 = FACE_OUTER_BOUND ( 'NONE', #6526, .T. ) ;
#148 = DIRECTION ( 'NONE',  ( -0.000000000000000000, -1.000000000000000000, -0.000000000000000000 ) ) ;
#149 = DIRECTION ( 'NONE',  ( -1.000000000000000000, 0.000000000000000000, -0.000000000000000000 ) ) ;
#150 = DIRECTION ( 'NONE',  ( 0.000000000000000000, 1.224606353822379970E-16, -1.000000000000000000 ) ) ;
#151 = VERTEX_POINT ( 'NONE', #159 ) ;
#152 = DIRECTION ( 'NONE',  ( 0.000000000000000000, 0.000000000000000000, -1.000000000000000000 ) ) ;
#153 = ORIENTED_EDGE ( 'NONE', *, *, #2259, .F. ) ;
#154 = VECTOR ( 'NONE', #2909, 39.37007874015748143 ) ;
#155 = EDGE_CURVE ( 'NONE', #4070, #6786, #5253, .T. ) ;
#156 = DIRECTION ( 'NONE',  ( -1.000000000000000000, 0.000000000000000000, 0.000000000000000000 ) ) ;
#157 = ORIENTED_EDGE ( 'NONE', *, *, #3760, .F. ) ;
#158 = ORIENTED_EDGE ( 'NONE', *, *, #2102, .T. ) ;
#159 = CARTESIAN_POINT ( 'NONE',  ( 0.006692913385826772428, -0.01574803149606291558, 0.1194881889763779736 ) ) ;
#160 = FACE_OUTER_BOUND ( 'NONE', #6545, .T. ) ;
#161 = DIRECTION ( 'NONE',  ( -0.8823529411764704511, 0.4705882352941180846, 5.762853429752370674E-17 ) ) ;
#162 = CARTESIAN_POINT ( 'NONE',  ( -0.09212598425196889818, -0.02559055118110227164, 0.05059055118110235977 ) ) ;
#163 = LINE ( 'NONE', #4318, #1463 ) ;
#164 = CARTESIAN_POINT ( 'NONE',  ( -0.05590551181102362821, 0.01338582677165362292, 0.01535433070866142405 ) ) ;
#165 = ADVANCED_FACE ( 'NONE', ( #2995 ), #2413, .T. ) ;
#166 = VECTOR ( 'NONE', #4114, 39.37007874015748854 ) ;
#167 = DIRECTION ( 'NONE',  ( -0.000000000000000000, -1.000000000000000000, -1.224606353822379970E-16 ) ) ;
#168 = ORIENTED_EDGE ( 'NONE', *, *, #4133, .T. ) ;
#169 = PLANE ( 'NONE',  #4623 ) ;
#170 = DIRECTION ( 'NONE',  ( 0.000000000000000000, 1.000000000000000000, -0.000000000000000000 ) ) ;
#171 = CARTESIAN_POINT ( 'NONE',  ( 0.02480314960629930940, -0.02559055118110224736, 0.07224409448818898405 ) ) ;
#172 = ADVANCED_FACE ( 'NONE', ( #4151 ), #6471, .T. ) ;
#173 = EDGE_CURVE ( 'NONE', #6042, #2255, #2294, .T. ) ;
#174 = PLANE ( 'NONE',  #2320 ) ;
#175 = EDGE_LOOP ( 'NONE', ( #2466, #3254, #5758, #4674 ) ) ;
#176 = VECTOR ( 'NONE', #7045, 39.37007874015748143 ) ;
#177 = ORIENTED_EDGE ( 'NONE', *, *, #3165, .T. ) ;
#178 = CARTESIAN_POINT ( 'NONE',  ( 0.009356183418249165024, -0.02246410375173678656, 0.1037401574803149540 ) ) ;
#179 = CIRCLE ( 'NONE', #3199, 0.005905511811023621965 ) ;
#180 = ORIENTED_EDGE ( 'NONE', *, *, #4664, .T. ) ;
#181 = LINE ( 'NONE', #6274, #480 ) ;
#182 = VERTEX_POINT ( 'NONE', #1404 ) ;
#183 = CARTESIAN_POINT ( 'NONE',  ( -0.07401574803149606196, -0.01574803149606291558, 0.04311023622047244208 ) ) ;
#184 = SURFACE_STYLE_FILL_AREA ( #7136 ) ;
#185 = CIRCLE ( 'NONE', #1516, 0.005905511811023621965 ) ;
#186 = DIRECTION ( 'NONE',  ( -1.000000000000000000, 3.552713678800500140E-15, 4.350675744370770171E-31 ) ) ;
#187 = LINE ( 'NONE', #831, #5281 ) ;
#188 = CARTESIAN_POINT ( 'NONE',  ( -0.01257831730010494989, -0.01456692913385818598, 0.1126011826345706124 ) ) ;
#189 = DIRECTION ( 'NONE',  ( 0.000000000000000000, 1.000000000000000000, -0.000000000000000000 ) ) ;
#190 = EDGE_LOOP ( 'NONE', ( #4375, #588, #4740, #1969, #5447, #2226, #6898, #662, #1147, #7380, #5074, #3892 ) ) ;
#191 = LINE ( 'NONE', #4876, #4242 ) ;
#192 = CARTESIAN_POINT ( 'NONE',  ( 0.04980888922789999951, -0.02559055118110224736, 0.1037401574803149540 ) ) ;
#193 = ORIENTED_EDGE ( 'NONE', *, *, #7384, .F. ) ;
#194 = ORIENTED_EDGE ( 'NONE', *, *, #5668, .T. ) ;
#195 = CARTESIAN_POINT ( 'NONE',  ( -0.04940944881889763884, 0.01929133858267741836, 0.1192913385826771810 ) ) ;
#196 = PLANE ( 'NONE',  #1547 ) ;
#197 = FACE_OUTER_BOUND ( 'NONE', #6698, .T. ) ;
#198 = DIRECTION ( 'NONE',  ( -1.000000000000000000, 0.000000000000000000, 0.000000000000000000 ) ) ;
#199 = CARTESIAN_POINT ( 'NONE',  ( -0.07007874015748032093, -0.01574803149606291558, 0.1061023622047244097 ) ) ;
#200 = ORIENTED_EDGE ( 'NONE', *, *, #5491, .T. ) ;
#201 = EDGE_LOOP ( 'NONE', ( #1607, #3032, #1226, #1341 ) ) ;
#202 = EDGE_CURVE ( 'NONE', #2097, #969, #4232, .T. ) ;
#203 = DIRECTION ( 'NONE',  ( 0.000000000000000000, 1.000000000000000000, 0.000000000000000000 ) ) ;
#204 = EDGE_CURVE ( 'NONE', #1872, #6815, #6703, .T. ) ;
#205 = CARTESIAN_POINT ( 'NONE',  ( 0.002755905511810982818, -0.001181102362204602312, 0.1346456692913386433 ) ) ;
#206 = DIRECTION ( 'NONE',  ( -0.7071067811865421326, -2.874925156281340893E-15, 0.7071067811865529018 ) ) ;
#207 = DIRECTION ( 'NONE',  ( 0.4705882352941775371, 0.8823529411764386987, 0.000000000000000000 ) ) ;
#208 = EDGE_LOOP ( 'NONE', ( #6084, #4345, #5083, #2760 ) ) ;
#209 = ORIENTED_EDGE ( 'NONE', *, *, #5605, .F. ) ;
#210 = EDGE_CURVE ( 'NONE', #2350, #5694, #3221, .T. ) ;
#211 = LINE ( 'NONE', #1910, #2762 ) ;
#212 = EDGE_LOOP ( 'NONE', ( #1173, #2432, #485, #5318 ) ) ;
#213 = LINE ( 'NONE', #1567, #4947 ) ;
#214 = EDGE_LOOP ( 'NONE', ( #6410, #4879, #6, #6426 ) ) ;
#215 = CARTESIAN_POINT ( 'NONE',  ( 0.04980888922789999951, -0.02165354330708653754, 0.01909448818897637595 ) ) ;
#216 = AXIS2_PLACEMENT_3D ( 'NONE', #2565, #265, #2525 ) ;
#217 =( NAMED_UNIT ( * ) PLANE_ANGLE_UNIT ( ) SI_UNIT ( $, .RADIAN. ) );
#218 = ORIENTED_EDGE ( 'NONE', *, *, #6869, .F. ) ;
#219 = CARTESIAN_POINT ( 'NONE',  ( -0.08188976377952757180, -0.01968503937007866356, 0.07460629921259842590 ) ) ;
#220 = EDGE_CURVE ( 'NONE', #4092, #5422, #7221, .T. ) ;
#221 = DIRECTION ( 'NONE',  ( 0.000000000000000000, 1.000000000000000000, 0.000000000000000000 ) ) ;
#222 = VECTOR ( 'NONE', #3932, 39.37007874015748854 ) ;
#223 = DIRECTION ( 'NONE',  ( 0.000000000000000000, 0.000000000000000000, -1.000000000000000000 ) ) ;
#224 = CARTESIAN_POINT ( 'NONE',  ( 0.01456692913385826751, -0.02165354330708653754, 0.1135826771653543343 ) ) ;
#225 = ORIENTED_EDGE ( 'NONE', *, *, #3165, .F. ) ;
#226 = EDGE_LOOP ( 'NONE', ( #85, #594, #4089, #7109, #2123, #3928, #2057, #3174, #799, #6485, #2647, #263 ) ) ;
#227 = CARTESIAN_POINT ( 'NONE',  ( -0.07401574803149606196, -0.02165354330708653754, 0.1194881889763779736 ) ) ;
#228 = ORIENTED_EDGE ( 'NONE', *, *, #5752, .F. ) ;
#229 = MANIFOLD_SOLID_BREP ( 'Split1[8]', #5737 ) ;
#230 = DIRECTION ( 'NONE',  ( 0.000000000000000000, 0.000000000000000000, -1.000000000000000000 ) ) ;
#231 = EDGE_LOOP ( 'NONE', ( #2974, #715, #384, #3324 ) ) ;
#232 = VECTOR ( 'NONE', #6264, 39.37007874015748143 ) ;
#233 = VECTOR ( 'NONE', #7363, 39.37007874015748143 ) ;
#234 = ORIENTED_EDGE ( 'NONE', *, *, #1493, .F. ) ;
#235 = EDGE_CURVE ( 'NONE', #556, #5449, #2641, .T. ) ;
#236 = SURFACE_STYLE_USAGE ( .BOTH. , #804 ) ;
#237 = DIRECTION ( 'NONE',  ( 6.476300976980080477E-16, -1.000000000000000000, 0.000000000000000000 ) ) ;
#238 = LINE ( 'NONE', #2643, #1295 ) ;
#239 = FACE_OUTER_BOUND ( 'NONE', #7311, .T. ) ;
#240 = VECTOR ( 'NONE', #7172, 39.37007874015748143 ) ;
#241 = FACE_OUTER_BOUND ( 'NONE', #5116, .T. ) ;
#242 = FACE_OUTER_BOUND ( 'NONE', #6543, .T. ) ;
#243 = VECTOR ( 'NONE', #7435, 39.37007874015748854 ) ;
#244 = ORIENTED_EDGE ( 'NONE', *, *, #2233, .T. ) ;
#245 = VERTEX_POINT ( 'NONE', #6550 ) ;
#246 = DIRECTION ( 'NONE',  ( -1.000000000000000000, 0.000000000000000000, 0.000000000000000000 ) ) ;
#247 = LINE ( 'NONE', #6025, #5040 ) ;
#248 = DIRECTION ( 'NONE',  ( 0.000000000000000000, 0.000000000000000000, -1.000000000000000000 ) ) ;
#249 = STYLED_ITEM ( 'NONE', ( #2167 ), #2776 ) ;
#250 = ADVANCED_FACE ( 'NONE', ( #1362 ), #7264, .F. ) ;
#251 = LINE ( 'NONE', #1869, #2810 ) ;
#252 = CIRCLE ( 'NONE', #4099, 0.001968503937007874856 ) ;
#253 = EDGE_LOOP ( 'NONE', ( #7072, #446, #3355, #3443 ) ) ;
#254 = ORIENTED_EDGE ( 'NONE', *, *, #5231, .T. ) ;
#255 = MANIFOLD_SOLID_BREP ( 'Split1[7]', #7087 ) ;
#256 = LINE ( 'NONE', #5790, #7463 ) ;
#257 = ORIENTED_EDGE ( 'NONE', *, *, #1160, .T. ) ;
#258 =( NAMED_UNIT ( * ) SI_UNIT ( $, .STERADIAN. ) SOLID_ANGLE_UNIT ( ) );
#259 = EDGE_LOOP ( 'NONE', ( #538, #6158, #3868, #1428 ) ) ;
#260 = LINE ( 'NONE', #6036, #1347 ) ;
#261 = VECTOR ( 'NONE', #6099, 39.37007874015748143 ) ;
#262 = FACE_OUTER_BOUND ( 'NONE', #893, .T. ) ;
#263 = ORIENTED_EDGE ( 'NONE', *, *, #954, .T. ) ;
#264 = LINE ( 'NONE', #4342, #5363 ) ;
#265 = DIRECTION ( 'NONE',  ( 6.476300976980080477E-16, -1.000000000000000000, 0.000000000000000000 ) ) ;
#266 = VECTOR ( 'NONE', #3951, 39.37007874015748143 ) ;
#267 = LINE ( 'NONE', #2632, #3088 ) ;
#268 = DIRECTION ( 'NONE',  ( -0.000000000000000000, -1.224606353822379970E-16, 1.000000000000000000 ) ) ;
#269 = ORIENTED_EDGE ( 'NONE', *, *, #935, .T. ) ;
#270 = EDGE_LOOP ( 'NONE', ( #257, #193, #4199, #3144, #2039, #5152, #1755, #5502, #2007, #6005, #5603, #7461 ) ) ;
#271 = CARTESIAN_POINT ( 'NONE',  ( 0.02480314960629933368, -0.03007883464566929108, 0.05018744475462323662 ) ) ;
#272 = CARTESIAN_POINT ( 'NONE',  ( -0.07401574803149606196, -0.01968503937007873988, 0.05649606299212599908 ) ) ;
#273 = EDGE_CURVE ( 'NONE', #4146, #3662, #6626, .T. ) ;
#274 = EDGE_CURVE ( 'NONE', #127, #1105, #6271, .T. ) ;
#275 = VECTOR ( 'NONE', #558, 39.37007874015748143 ) ;
#276 = CARTESIAN_POINT ( 'NONE',  ( 0.008429828624363150044, -0.02072718851320049308, 0.05649606299212599214 ) ) ;
#277 = CARTESIAN_POINT ( 'NONE',  ( 0.02480314960629930940, -0.02559055118110224736, 0.1194881889763779875 ) ) ;
#279 = CARTESIAN_POINT ( 'NONE',  ( 0.04980888922789999951, -0.02559055118110228552, 0.08208661417322835052 ) ) ;
#278 = AXIS2_PLACEMENT_3D ( 'NONE', #2581, #4282, #7271 ) ;
#280 = LINE ( 'NONE', #848, #1206 ) ;
#281 = LINE ( 'NONE', #3749, #406 ) ;
#282 = PRESENTATION_LAYER_ASSIGNMENT (  '', '', ( #7283 ) ) ;
#283 = VECTOR ( 'NONE', #6734, 39.37007874015748143 ) ;
#284 = ORIENTED_EDGE ( 'NONE', *, *, #273, .T. ) ;
#285 = ORIENTED_EDGE ( 'NONE', *, *, #5574, .F. ) ;
#286 = CARTESIAN_POINT ( 'NONE',  ( 0.006692913385826772428, -0.02165354330708653754, 0.07460629921259842590 ) ) ;
#287 = DIRECTION ( 'NONE',  ( 3.552713678800500140E-15, -1.000000000000000000, 0.000000000000000000 ) ) ;
#289 = DIRECTION ( 'NONE',  ( 0.000000000000000000, 1.000000000000000000, -0.000000000000000000 ) ) ;
#288 = CIRCLE ( 'NONE', #6439, 0.005905511811023620231 ) ;
#290 = VECTOR ( 'NONE', #7454, 39.37007874015748143 ) ;
#291 = ORIENTED_EDGE ( 'NONE', *, *, #6896, .F. ) ;
#292 = EDGE_CURVE ( 'NONE', #3514, #3053, #5024, .T. ) ;
#293 = VERTEX_POINT ( 'NONE', #6879 ) ;
#294 = EDGE_CURVE ( 'NONE', #6375, #6004, #4488, .T. ) ;
#295 = DIRECTION ( 'NONE',  ( 0.000000000000000000, 1.000000000000000000, 0.000000000000000000 ) ) ;
#296 = DIRECTION ( 'NONE',  ( -1.000000000000000000, 0.000000000000000000, 0.000000000000000000 ) ) ;
#297 = VERTEX_POINT ( 'NONE', #6773 ) ;
#298 = LINE ( 'NONE', #4933, #4852 ) ;
#299 = AXIS2_PLACEMENT_3D ( 'NONE', #286, #889, #3791 ) ;
#300 = PLANE ( 'NONE',  #28 ) ;
#301 = ORIENTED_EDGE ( 'NONE', *, *, #2748, .T. ) ;
#302 = DIMENSIONAL_EXPONENTS ( 1.000000000000000000, 0.000000000000000000, 0.000000000000000000, 0.000000000000000000, 0.000000000000000000, 0.000000000000000000, 0.000000000000000000 ) ;
#303 = VERTEX_POINT ( 'NONE', #3953 ) ;
#304 = LINE ( 'NONE', #2926, #290 ) ;
#305 = CARTESIAN_POINT ( 'NONE',  ( 0.009356183418249208392, -0.02246410375173683166, 0.1218503937007874155 ) ) ;
#306 = EDGE_CURVE ( 'NONE', #7274, #1359, #3134, .T. ) ;
#307 = CARTESIAN_POINT ( 'NONE',  ( -0.05590551181102361433, -0.01234086329729084872, 0.1137740940687292784 ) ) ;
#308 = EDGE_CURVE ( 'NONE', #6085, #1296, #458, .T. ) ;
#309 = DIRECTION ( 'NONE',  ( 6.476300976980080477E-16, 1.000000000000000000, 1.224606353822379970E-16 ) ) ;
#310 = ORIENTED_EDGE ( 'NONE', *, *, #4237, .T. ) ;
#311 = ORIENTED_EDGE ( 'NONE', *, *, #5296, .F. ) ;
#312 = PLANE ( 'NONE',  #983 ) ;
#313 = VERTEX_POINT ( 'NONE', #6204 ) ;
#314 = MANIFOLD_SOLID_BREP ( 'Split1[11]', #5145 ) ;
#315 = DIRECTION ( 'NONE',  ( 0.000000000000000000, -0.000000000000000000, -1.000000000000000000 ) ) ;
#316 = AXIS2_PLACEMENT_3D ( 'NONE', #1470, #1351, #1962 ) ;
#317 = LENGTH_MEASURE_WITH_UNIT ( LENGTH_MEASURE( 0.02539999999999999897 ), #6054 );
#318 = LINE ( 'NONE', #3784, #4286 ) ;
#319 = EDGE_CURVE ( 'NONE', #635, #58, #5127, .T. ) ;
#320 = FACE_OUTER_BOUND ( 'NONE', #3679, .T. ) ;
#321 = ADVANCED_FACE ( 'NONE', ( #5557 ), #1041, .F. ) ;
#322 = FACE_OUTER_BOUND ( 'NONE', #2815, .T. ) ;
#323 = DIRECTION ( 'NONE',  ( -1.000000000000000000, -0.000000000000000000, -0.000000000000000000 ) ) ;
#324 = CARTESIAN_POINT ( 'NONE',  ( -0.07401574803149606196, -0.01574803149606291558, 0.02736220472440945017 ) ) ;
#325 = ORIENTED_EDGE ( 'NONE', *, *, #7095, .F. ) ;
#326 = ORIENTED_EDGE ( 'NONE', *, *, #2735, .T. ) ;
#327 = DIRECTION ( 'NONE',  ( 0.000000000000000000, 0.000000000000000000, 1.000000000000000000 ) ) ;
#328 = ADVANCED_FACE ( 'NONE', ( #389 ), #3850, .F. ) ;
#329 = CARTESIAN_POINT ( 'NONE',  ( -0.07922649374710502568, -0.01887447892542818556, 0.08208661417322835052 ) ) ;
#330 = DIRECTION ( 'NONE',  ( -0.000000000000000000, -0.000000000000000000, 1.000000000000000000 ) ) ;
#331 = ORIENTED_EDGE ( 'NONE', *, *, #584, .T. ) ;
#332 = VERTEX_POINT ( 'NONE', #490 ) ;
#333 = FILL_AREA_STYLE_COLOUR ( '', #7116 ) ;
#334 = ORIENTED_EDGE ( 'NONE', *, *, #7038, .T. ) ;
#335 = LINE ( 'NONE', #1705, #3400 ) ;
#336 = DIRECTION ( 'NONE',  ( 0.000000000000000000, 1.000000000000000000, 0.000000000000000000 ) ) ;
#337 = EDGE_LOOP ( 'NONE', ( #3526, #7460, #2725, #3713 ) ) ;
#338 = FACE_OUTER_BOUND ( 'NONE', #4122, .T. ) ;
#339 = CARTESIAN_POINT ( 'NONE',  ( -0.09212598425196889818, -0.02559055118110227164, 0.06633858267716535861 ) ) ;
#340 = CARTESIAN_POINT ( 'NONE',  ( -0.06692913385826770867, -0.01968503937007873988, 0.04074803149606297248 ) ) ;
#341 = DIRECTION ( 'NONE',  ( -0.000000000000000000, -1.224606353822379970E-16, 1.000000000000000000 ) ) ;
#342 = VERTEX_POINT ( 'NONE', #2788 ) ;
#343 = CIRCLE ( 'NONE', #1049, 0.001968503937007874856 ) ;
#344 = ORIENTED_EDGE ( 'NONE', *, *, #1677, .F. ) ;
#345 = DIRECTION ( 'NONE',  ( -0.000000000000000000, -1.224606353822379970E-16, 1.000000000000000000 ) ) ;
#346 = PLANE ( 'NONE',  #2689 ) ;
#347 = EDGE_CURVE ( 'NONE', #6221, #368, #2216, .T. ) ;
#348 = EDGE_CURVE ( 'NONE', #681, #1659, #597, .T. ) ;
#349 = VECTOR ( 'NONE', #6096, 39.37007874015748143 ) ;
#350 =( CONVERSION_BASED_UNIT ( 'INCH', #5520 ) LENGTH_UNIT ( ) NAMED_UNIT ( #6039 ) );
#351 = LINE ( 'NONE', #390, #1994 ) ;
#352 = CYLINDRICAL_SURFACE ( 'NONE', #1913, 0.002362204724409448786 ) ;
#353 = LINE ( 'NONE', #430, #6760 ) ;
#354 = DIRECTION ( 'NONE',  ( -8.673617379884032317E-15, 1.000000000000000000, 0.000000000000000000 ) ) ;
#355 = EDGE_LOOP ( 'NONE', ( #3789, #6672, #4000, #285 ) ) ;
#356 = AXIS2_PLACEMENT_3D ( 'NONE', #2682, #1443, #6013 ) ;
#357 = DIRECTION ( 'NONE',  ( 1.000000000000000000, 3.552713678800500140E-15, 0.000000000000000000 ) ) ;
#358 = EDGE_CURVE ( 'NONE', #6470, #5832, #2640, .T. ) ;
#359 = VERTEX_POINT ( 'NONE', #561 ) ;
#360 = ORIENTED_EDGE ( 'NONE', *, *, #1620, .F. ) ;
#361 = VECTOR ( 'NONE', #6696, 39.37007874015749564 ) ;
#362 = CARTESIAN_POINT ( 'NONE',  ( -0.08188976377952757180, -0.02559055118110227164, 0.05059055118110235977 ) ) ;
#363 = CARTESIAN_POINT ( 'NONE',  ( 0.008429828624363150044, -0.02072718851320047226, 0.02736220472440945017 ) ) ;
#364 = CARTESIAN_POINT ( 'NONE',  ( 0.002755905511811070855, -0.01968503937007862192, 0.02500000000000000139 ) ) ;
#365 = VECTOR ( 'NONE', #5261, 39.37007874015748854 ) ;
#366 = EDGE_CURVE ( 'NONE', #3562, #5354, #1189, .T. ) ;
#367 = EDGE_CURVE ( 'NONE', #22, #1336, #3711, .T. ) ;
#368 = VERTEX_POINT ( 'NONE', #4630 ) ;
#369 = VECTOR ( 'NONE', #3764, 39.37007874015748143 ) ;
#370 = DIRECTION ( 'NONE',  ( 0.000000000000000000, -1.000000000000000000, -1.224606353822379970E-16 ) ) ;
#371 = UNCERTAINTY_MEASURE_WITH_UNIT (LENGTH_MEASURE( 1.000000000000000082E-05 ), #6796, 'distance_accuracy_value', 'NONE');
#372 = VERTEX_POINT ( 'NONE', #71 ) ;
#373 = CYLINDRICAL_SURFACE ( 'NONE', #6906, 0.001968503937007874856 ) ;
#374 = FACE_OUTER_BOUND ( 'NONE', #6933, .T. ) ;
#375 = ORIENTED_EDGE ( 'NONE', *, *, #4225, .T. ) ;
#376 = ORIENTED_EDGE ( 'NONE', *, *, #5872, .F. ) ;
#377 = ORIENTED_EDGE ( 'NONE', *, *, #3577, .T. ) ;
#378 = FACE_OUTER_BOUND ( 'NONE', #2602, .T. ) ;
#379 = CYLINDRICAL_SURFACE ( 'NONE', #1902, 0.001968503937007874856 ) ;
#380 = DIRECTION ( 'NONE',  ( -0.000000000000000000, -1.224606353822379970E-16, 1.000000000000000000 ) ) ;
#381 = DIRECTION ( 'NONE',  ( 0.000000000000000000, 1.000000000000000000, -0.000000000000000000 ) ) ;
#382 = ORIENTED_EDGE ( 'NONE', *, *, #1031, .F. ) ;
#383 = AXIS2_PLACEMENT_3D ( 'NONE', #1989, #1416, #4291 ) ;
#384 = ORIENTED_EDGE ( 'NONE', *, *, #3970, .T. ) ;
#385 = DIRECTION ( 'NONE',  ( 0.000000000000000000, 0.000000000000000000, -1.000000000000000000 ) ) ;
#386 = AXIS2_PLACEMENT_3D ( 'NONE', #1573, #1003, #2108 ) ;
#387 = LINE ( 'NONE', #489, #6795 ) ;
#388 = AXIS2_PLACEMENT_3D ( 'NONE', #1157, #1235, #6425 ) ;
#389 = FACE_OUTER_BOUND ( 'NONE', #7325, .T. ) ;
#390 = CARTESIAN_POINT ( 'NONE',  ( 0.01456692913385826925, -0.02559055118110228552, 0.1218503937007874155 ) ) ;
#391 = CARTESIAN_POINT ( 'NONE',  ( -0.07575266327003259137, -0.02072718851320056940, 0.08208661417322835052 ) ) ;
#392 = CARTESIAN_POINT ( 'NONE',  ( -0.08188976377952757180, -0.02559055118110227164, 0.01909448818897637595 ) ) ;
#393 = EDGE_CURVE ( 'NONE', #5077, #1852, #6345, .T. ) ;
#394 = EDGE_CURVE ( 'NONE', #5936, #6153, #2902, .T. ) ;
#395 = CARTESIAN_POINT ( 'NONE',  ( 0.01283001389532192719, -0.02061139416396473925, 0.02500000000000000139 ) ) ;
#396 = ORIENTED_EDGE ( 'NONE', *, *, #7131, .F. ) ;
#397 = VECTOR ( 'NONE', #1544, 39.37007874015748143 ) ;
#398 = CARTESIAN_POINT ( 'NONE',  ( -0.1171317238735696958, -0.02559055118110228552, 0.01909448818897637595 ) ) ;
#399 = VERTEX_POINT ( 'NONE', #1729 ) ;
#400 = AXIS2_PLACEMENT_3D ( 'NONE', #1097, #6858, #3242 ) ;
#401 = ORIENTED_EDGE ( 'NONE', *, *, #497, .T. ) ;
#402 = LINE ( 'NONE', #4431, #5001 ) ;
#403 = FACE_OUTER_BOUND ( 'NONE', #533, .T. ) ;
#404 = EDGE_CURVE ( 'NONE', #4898, #2450, #459, .T. ) ;
#405 = CARTESIAN_POINT ( 'NONE',  ( 0.02480314960629933368, -0.02559055118110225083, 0.04311023622047244208 ) ) ;
#406 = VECTOR ( 'NONE', #2497, 39.37007874015748143 ) ;
#407 = ORIENTED_EDGE ( 'NONE', *, *, #2153, .F. ) ;
#408 = MANIFOLD_SOLID_BREP ( 'Split1[9]', #1771 ) ;
#409 = EDGE_CURVE ( 'NONE', #1758, #5452, #1883, .T. ) ;
#410 = EDGE_LOOP ( 'NONE', ( #6139, #7209, #7269, #7059 ) ) ;
#411 = PLANE ( 'NONE',  #4223 ) ;
#412 = EDGE_CURVE ( 'NONE', #6368, #1413, #2158, .T. ) ;
#413 = DIRECTION ( 'NONE',  ( -0.4705882352941179736, 0.8823529411764702290, 0.000000000000000000 ) ) ;
#414 = AXIS2_PLACEMENT_3D ( 'NONE', #4543, #6295, #513 ) ;
#415 = ORIENTED_EDGE ( 'NONE', *, *, #1600, .F. ) ;
#416 = CARTESIAN_POINT ( 'NONE',  ( -2.185478394931409712E-18, 0.01732283464566940906, 0.1385826771653543288 ) ) ;
#417 = FACE_OUTER_BOUND ( 'NONE', #3698, .T. ) ;
#418 = LINE ( 'NONE', #5122, #232 ) ;
#419 = ORIENTED_EDGE ( 'NONE', *, *, #6772, .F. ) ;
#420 = ORIENTED_EDGE ( 'NONE', *, *, #274, .F. ) ;
#421 = DIRECTION ( 'NONE',  ( 0.000000000000000000, 0.000000000000000000, 1.000000000000000000 ) ) ;
#422 = ORIENTED_EDGE ( 'NONE', *, *, #7131, .T. ) ;
#423 = MANIFOLD_SOLID_BREP ( 'Split1[15]', #570 ) ;
#424 = SURFACE_SIDE_STYLE ('',( #977 ) ) ;
#425 = VERTEX_POINT ( 'NONE', #5442 ) ;
#426 = VECTOR ( 'NONE', #2967, 39.37007874015748143 ) ;
#427 = PRESENTATION_STYLE_ASSIGNMENT (( #1548 ) ) ;
#428 = DIRECTION ( 'NONE',  ( -1.000000000000000000, 0.000000000000000000, 0.000000000000000000 ) ) ;
#429 = LINE ( 'NONE', #493, #4807 ) ;
#430 = CARTESIAN_POINT ( 'NONE',  ( -0.07007874015748032093, -0.02559055118110228552, 0.05649606299212599214 ) ) ;
#432 = DIRECTION ( 'NONE',  ( 0.000000000000000000, -0.000000000000000000, -1.000000000000000000 ) ) ;
#431 = VECTOR ( 'NONE', #5173, 39.37007874015748143 ) ;
#433 = ORIENTED_EDGE ( 'NONE', *, *, #4711, .T. ) ;
#434 = CARTESIAN_POINT ( 'NONE',  ( -0.1171317238735696958, -0.02559055118110228552, 0.1037401574803149540 ) ) ;
#435 = ORIENTED_EDGE ( 'NONE', *, *, #5840, .T. ) ;
#436 = VECTOR ( 'NONE', #3424, 39.37007874015748143 ) ;
#437 = DIRECTION ( 'NONE',  ( 0.000000000000000000, 0.000000000000000000, 1.000000000000000000 ) ) ;
#438 = CARTESIAN_POINT ( 'NONE',  ( -0.08188976377952757180, -0.02559055118110225083, 0.02500000000000000139 ) ) ;
#439 = CARTESIAN_POINT ( 'NONE',  ( -0.0003937007874015160881, -0.02362204724409448786, -0.1574803149606299191 ) ) ;
#440 = CARTESIAN_POINT ( 'NONE',  ( -0.07401574803149606196, -0.01574803149606291558, 0.1135826771653543343 ) ) ;
#441 = ADVANCED_FACE ( 'NONE', ( #4827 ), #5888, .T. ) ;
#442 = EDGE_CURVE ( 'NONE', #4185, #2431, #6537, .T. ) ;
#443 = ORIENTED_EDGE ( 'NONE', *, *, #2055, .F. ) ;
#444 = CARTESIAN_POINT ( 'NONE',  ( -0.07007874015748032093, -0.01968503937007873988, 0.01909448818897638289 ) ) ;
#445 = UNCERTAINTY_MEASURE_WITH_UNIT (LENGTH_MEASURE( 1.000000000000000082E-05 ), #5731, 'distance_accuracy_value', 'NONE');
#446 = ORIENTED_EDGE ( 'NONE', *, *, #6507, .T. ) ;
#447 = EDGE_CURVE ( 'NONE', #6834, #1238, #4904, .T. ) ;
#448 = ORIENTED_EDGE ( 'NONE', *, *, #478, .T. ) ;
#449 = FACE_OUTER_BOUND ( 'NONE', #7425, .T. ) ;
#450 = DIRECTION ( 'NONE',  ( 0.4705882352941775371, 0.8823529411764386987, 0.000000000000000000 ) ) ;
#451 = DIRECTION ( 'NONE',  ( -0.000000000000000000, -1.224606353822379970E-16, 1.000000000000000000 ) ) ;
#452 = ORIENTED_EDGE ( 'NONE', *, *, #1602, .T. ) ;
#453 = VERTEX_POINT ( 'NONE', #2034 ) ;
#454 = DIRECTION ( 'NONE',  ( 0.000000000000000000, 1.000000000000000000, 0.000000000000000000 ) ) ;
#455 = LINE ( 'NONE', #4450, #6801 ) ;
#456 = ORIENTED_EDGE ( 'NONE', *, *, #3989, .T. ) ;
#457 = ADVANCED_FACE ( 'NONE', ( #4869 ), #1430, .F. ) ;
#458 = LINE ( 'NONE', #1583, #6023 ) ;
#459 = CIRCLE ( 'NONE', #1421, 0.001968503937007874856 ) ;
#460 = CARTESIAN_POINT ( 'NONE',  ( 0.009356183418249208392, -0.02246410375173683166, 0.09035433070866143168 ) ) ;
#461 = CARTESIAN_POINT ( 'NONE',  ( 0.02480314960629933368, -0.01377952755905503986, 0.08208661417322835052 ) ) ;
#462 = FACE_OUTER_BOUND ( 'NONE', #4330, .T. ) ;
#463 = CARTESIAN_POINT ( 'NONE',  ( -0.07401574803149606196, -0.01968503937007873988, 0.03484251968503937480 ) ) ;
#464 = ORIENTED_EDGE ( 'NONE', *, *, #4409, .T. ) ;
#465 = DIRECTION ( 'NONE',  ( -0.000000000000000000, -1.224606353822379970E-16, 1.000000000000000000 ) ) ;
#466 = VECTOR ( 'NONE', #2777, 39.37007874015748143 ) ;
#467 = VERTEX_POINT ( 'NONE', #4939 ) ;
#468 = ORIENTED_EDGE ( 'NONE', *, *, #5336, .T. ) ;
#469 = CARTESIAN_POINT ( 'NONE',  ( -0.08188976377952757180, -0.01968503937007866356, 0.04311023622047244208 ) ) ;
#470 = DIRECTION ( 'NONE',  ( -1.000000000000000000, 0.000000000000000000, -0.000000000000000000 ) ) ;
#471 = VECTOR ( 'NONE', #4500, 39.37007874015748143 ) ;
#472 = DIRECTION ( 'NONE',  ( 0.000000000000000000, 1.000000000000000000, 0.000000000000000000 ) ) ;
#473 = ADVANCED_FACE ( 'NONE', ( #1920 ), #4264, .T. ) ;
#474 = VECTOR ( 'NONE', #7258, 39.37007874015748143 ) ;
#475 = VERTEX_POINT ( 'NONE', #1961 ) ;
#476 = CIRCLE ( 'NONE', #6027, 0.005905511811023620231 ) ;
#477 = EDGE_CURVE ( 'NONE', #1721, #6452, #4797, .T. ) ;
#478 = EDGE_CURVE ( 'NONE', #2870, #5195, #187, .T. ) ;
#479 = ORIENTED_EDGE ( 'NONE', *, *, #3022, .F. ) ;
#480 = VECTOR ( 'NONE', #4596, 39.37007874015748143 ) ;
#481 = ORIENTED_EDGE ( 'NONE', *, *, #5880, .T. ) ;
#482 = DIRECTION ( 'NONE',  ( 0.000000000000000000, 0.000000000000000000, -1.000000000000000000 ) ) ;
#483 = CARTESIAN_POINT ( 'NONE',  ( -0.08188976377952757180, -0.02559055118110227164, 0.07224409448818898405 ) ) ;
#484 = DIRECTION ( 'NONE',  ( -1.000000000000000000, -3.552713678800500140E-15, -0.000000000000000000 ) ) ;
#485 = ORIENTED_EDGE ( 'NONE', *, *, #4058, .F. ) ;
#486 = EDGE_CURVE ( 'NONE', #5356, #1863, #3210, .T. ) ;
#487 = CARTESIAN_POINT ( 'NONE',  ( -0.07007874015748032093, -0.01574803149606291558, 0.09035433070866143168 ) ) ;
#488 = ORIENTED_EDGE ( 'NONE', *, *, #3907, .T. ) ;
#489 = CARTESIAN_POINT ( 'NONE',  ( -0.07007874015748032093, -0.01377952755905503986, 0.06633858267716535861 ) ) ;
#490 = CARTESIAN_POINT ( 'NONE',  ( 0.008429828624363150044, -0.02072718851320049308, 0.08208661417322835052 ) ) ;
#491 = AXIS2_PLACEMENT_3D ( 'NONE', #2843, #2200, #472 ) ;
#492 = LINE ( 'NONE', #1011, #3908 ) ;
#493 = CARTESIAN_POINT ( 'NONE',  ( 0.008429828624363151779, -0.02072718851320047226, 0.06633858267716535861 ) ) ;
#494 = PLANE ( 'NONE',  #1798 ) ;
#495 = CARTESIAN_POINT ( 'NONE',  ( 0.02480314960629930246, -0.02165354330708653754, 0.05018744475462323662 ) ) ;
#496 = VERTEX_POINT ( 'NONE', #905 ) ;
#497 = EDGE_CURVE ( 'NONE', #3662, #1546, #3716, .T. ) ;
#498 = LINE ( 'NONE', #2724, #2308 ) ;
#499 = VECTOR ( 'NONE', #1521, 39.37007874015748143 ) ;
#500 = EDGE_LOOP ( 'NONE', ( #1353, #4562, #4358, #6768 ) ) ;
#501 = VERTEX_POINT ( 'NONE', #339 ) ;
#502 = CARTESIAN_POINT ( 'NONE',  ( -0.07667901806391851094, -0.02246410375173684901, 0.07224409448818898405 ) ) ;
#503 = CARTESIAN_POINT ( 'NONE',  ( -0.01791338582677172442, 0.01141732283464573505, 0.01535433070866141711 ) ) ;
#504 = CIRCLE ( 'NONE', #746, 0.005905511811023620231 ) ;
#505 = VERTEX_POINT ( 'NONE', #5964 ) ;
#506 = DIRECTION ( 'NONE',  ( 1.000000000000000000, 6.476300976980080477E-16, 0.000000000000000000 ) ) ;
#507 = CARTESIAN_POINT ( 'NONE',  ( -0.08188976377952757180, -0.02165354330708653754, 0.07460629921259842590 ) ) ;
#508 = VECTOR ( 'NONE', #747, 39.37007874015748143 ) ;
#509 = VERTEX_POINT ( 'NONE', #5479 ) ;
#510 = FACE_OUTER_BOUND ( 'NONE', #3533, .T. ) ;
#511 = DIRECTION ( 'NONE',  ( 0.000000000000000000, 0.000000000000000000, -1.000000000000000000 ) ) ;
#512 = VECTOR ( 'NONE', #3822, 39.37007874015748143 ) ;
#513 = DIRECTION ( 'NONE',  ( -3.552713678800500140E-15, 1.000000000000000000, 0.000000000000000000 ) ) ;
#514 = ORIENTED_EDGE ( 'NONE', *, *, #2520, .T. ) ;
#515 = VECTOR ( 'NONE', #4439, 39.37007874015748143 ) ;
#516 = AXIS2_PLACEMENT_3D ( 'NONE', #5972, #6051, #839 ) ;
#517 = ORIENTED_EDGE ( 'NONE', *, *, #6590, .T. ) ;
#518 = EDGE_CURVE ( 'NONE', #3266, #3014, #6579, .T. ) ;
#519 = ADVANCED_FACE ( 'NONE', ( #7256 ), #793, .T. ) ;
#520 = DIRECTION ( 'NONE',  ( -3.552713678800500140E-15, 1.000000000000000000, 0.000000000000000000 ) ) ;
#521 = CARTESIAN_POINT ( 'NONE',  ( -0.0003937007874015158171, -0.02362204724409446704, 0.0007874015748031506796 ) ) ;
#522 = CARTESIAN_POINT ( 'NONE',  ( 0.006692913385826772428, -0.02165354330708653754, 0.1135826771653543343 ) ) ;
#523 = ORIENTED_EDGE ( 'NONE', *, *, #4967, .F. ) ;
#524 = CARTESIAN_POINT ( 'NONE',  ( -0.05354330708661417942, -0.01456692913385834731, -0.2362204724409449064 ) ) ;
#525 = VECTOR ( 'NONE', #5723, 39.37007874015748143 ) ;
#526 = CARTESIAN_POINT ( 'NONE',  ( -0.01141732283464574893, 0.01141732283464574893, 0.1232283464566929221 ) ) ;
#527 = EDGE_CURVE ( 'NONE', #6199, #453, #1391, .T. ) ;
#528 = EDGE_CURVE ( 'NONE', #6470, #1486, #3805, .T. ) ;
#529 = DIRECTION ( 'NONE',  ( -4.500641816552991797E-31, -1.224606353822379970E-16, -1.000000000000000000 ) ) ;
#530 = DIRECTION ( 'NONE',  ( 1.000000000000000000, 0.000000000000000000, -0.000000000000000000 ) ) ;
#531 = CARTESIAN_POINT ( 'NONE',  ( -0.08188976377952757180, -0.01968503937007866356, 0.1194881889763779736 ) ) ;
#532 = CARTESIAN_POINT ( 'NONE',  ( 0.002755905511810997997, 9.790943209292624975E-18, 0.000000000000000000 ) ) ;
#533 = EDGE_LOOP ( 'NONE', ( #942, #912, #4299, #3824, #1217, #1412, #2975, #1985, #1839, #7014, #2853, #5361 ) ) ;
#534 = LINE ( 'NONE', #398, #4001 ) ;
#535 = ORIENTED_EDGE ( 'NONE', *, *, #1267, .T. ) ;
#536 = ADVANCED_FACE ( 'NONE', ( #449 ), #2738, .T. ) ;
#537 = EDGE_CURVE ( 'NONE', #1277, #867, #6524, .T. ) ;
#538 = ORIENTED_EDGE ( 'NONE', *, *, #918, .T. ) ;
#539 = DIRECTION ( 'NONE',  ( -1.000000000000000000, -0.000000000000000000, -0.000000000000000000 ) ) ;
#540 = AXIS2_PLACEMENT_3D ( 'NONE', #6095, #237, #805 ) ;
#541 = DIRECTION ( 'NONE',  ( -1.000000000000000000, 0.000000000000000000, 0.000000000000000000 ) ) ;
#542 = LINE ( 'NONE', #575, #4388 ) ;
#543 = ORIENTED_EDGE ( 'NONE', *, *, #1267, .F. ) ;
#544 = CARTESIAN_POINT ( 'NONE',  ( 0.03243176042908597900, -0.02559055118110224736, 0.1218503937007874155 ) ) ;
#545 = DIRECTION ( 'NONE',  ( 0.000000000000000000, 1.000000000000000000, -0.000000000000000000 ) ) ;
#546 = VECTOR ( 'NONE', #5246, 39.37007874015748143 ) ;
#547 = ADVANCED_FACE ( 'NONE', ( #3348 ), #379, .F. ) ;
#548 = ORIENTED_EDGE ( 'NONE', *, *, #126, .T. ) ;
#549 = CARTESIAN_POINT ( 'NONE',  ( 0.009356183418249165024, -0.02246410375173678656, 0.08799212598425197596 ) ) ;
#550 = DIRECTION ( 'NONE',  ( 0.000000000000000000, 1.000000000000000000, -0.000000000000000000 ) ) ;
#551 = VERTEX_POINT ( 'NONE', #4413 ) ;
#552 = VERTEX_POINT ( 'NONE', #5014 ) ;
#553 = LINE ( 'NONE', #2855, #2248 ) ;
#554 = FILL_AREA_STYLE ('',( #3538 ) ) ;
#555 = FACE_OUTER_BOUND ( 'NONE', #3289, .T. ) ;
#556 = VERTEX_POINT ( 'NONE', #1506 ) ;
#557 = ORIENTED_EDGE ( 'NONE', *, *, #5641, .F. ) ;
#558 = DIRECTION ( 'NONE',  ( 0.000000000000000000, 1.000000000000000000, 0.000000000000000000 ) ) ;
#559 = CARTESIAN_POINT ( 'NONE',  ( -0.1171317238735696958, -0.02559055118110228552, 0.04074803149606298636 ) ) ;
#560 = FACE_OUTER_BOUND ( 'NONE', #1851, .T. ) ;
#561 = CARTESIAN_POINT ( 'NONE',  ( 0.01456692913385826925, -0.02559055118110228552, 0.03484251968503937480 ) ) ;
#562 = CARTESIAN_POINT ( 'NONE',  ( 0.006692913385826772428, -0.02165354330708653754, 0.03484251968503937480 ) ) ;
#563 = PLANE ( 'NONE',  #5423 ) ;
#564 = DIRECTION ( 'NONE',  ( -1.000000000000000000, 0.000000000000000000, -0.000000000000000000 ) ) ;
#565 = LINE ( 'NONE', #4597, #3759 ) ;
#566 = VERTEX_POINT ( 'NONE', #6803 ) ;
#567 = ADVANCED_FACE ( 'NONE', ( #6195 ), #937, .T. ) ;
#568 = DIRECTION ( 'NONE',  ( 1.000000000000000000, 3.552713678800500140E-15, 0.000000000000000000 ) ) ;
#569 = ADVANCED_FACE ( 'NONE', ( #7352 ), #2816, .F. ) ;
#570 = CLOSED_SHELL ( 'NONE', ( #3717, #1302, #5230, #3396, #1619, #2894, #5802, #3629, #2400, #1591, #1873, #5617, #3299, #5271, #6528, #5924, #6068, #2269, #7300, #2980, #6980, #6203, #4464, #4445, #3849, #2010, #1127, #1539, #6142, #2421, #6442, #2663, #2943, #1030, #6691, #3213, #2638, #7316, #6386, #7001, #2475 ) ) ;
#571 = VERTEX_POINT ( 'NONE', #3945 ) ;
#572 = FACE_OUTER_BOUND ( 'NONE', #3071, .T. ) ;
#573 = CYLINDRICAL_SURFACE ( 'NONE', #1014, 0.005905511811023622833 ) ;
#574 = LINE ( 'NONE', #439, #471 ) ;
#575 = CARTESIAN_POINT ( 'NONE',  ( 0.002755905511811036161, -0.001181102362204602312, 0.003937007874015780937 ) ) ;
#576 = ORIENTED_EDGE ( 'NONE', *, *, #3861, .T. ) ;
#577 = CARTESIAN_POINT ( 'NONE',  ( 0.002755905511811066518, -0.01968503937007862192, 0.02500000000000000139 ) ) ;
#578 = VECTOR ( 'NONE', #7099, 39.37007874015748143 ) ;
#579 = LINE ( 'NONE', #3593, #623 ) ;
#580 = EDGE_CURVE ( 'NONE', #1790, #1509, #2107, .T. ) ;
#581 =( BOUNDED_CURVE ( )  B_SPLINE_CURVE ( 3, ( #1188, #6913, #596, #5325 ),
 .UNSPECIFIED., .F., .F. ) 
 B_SPLINE_CURVE_WITH_KNOTS ( ( 4, 4 ),
 ( 4.712388980384690562, 4.885070472002762898 ),
 .UNSPECIFIED. ) 
 CURVE ( )  GEOMETRIC_REPRESENTATION_ITEM ( )  RATIONAL_B_SPLINE_CURVE ( ( 1.000000000000000000, 0.9975166351796064257, 0.9975166351796064257, 1.000000000000000000 ) ) 
 REPRESENTATION_ITEM ( '' )  );
#582 = ORIENTED_EDGE ( 'NONE', *, *, #5484, .T. ) ;
#583 = DIRECTION ( 'NONE',  ( 0.000000000000000000, 1.000000000000000000, 0.000000000000000000 ) ) ;
#584 = EDGE_CURVE ( 'NONE', #1640, #60, #3238, .T. ) ;
#585 = ORIENTED_EDGE ( 'NONE', *, *, #5023, .F. ) ;
#586 = VECTOR ( 'NONE', #1508, 39.37007874015748143 ) ;
#587 = CARTESIAN_POINT ( 'NONE',  ( -0.01141732283464575066, 0.01338582677165358649, 0.1232283464566929221 ) ) ;
#588 = ORIENTED_EDGE ( 'NONE', *, *, #5421, .F. ) ;
#589 = DIMENSIONAL_EXPONENTS ( 1.000000000000000000, 0.000000000000000000, 0.000000000000000000, 0.000000000000000000, 0.000000000000000000, 0.000000000000000000, 0.000000000000000000 ) ;
#590 = VERTEX_POINT ( 'NONE', #4978 ) ;
#591 = CIRCLE ( 'NONE', #5910, 0.005905511811023621965 ) ;
#592 = ORIENTED_EDGE ( 'NONE', *, *, #1467, .F. ) ;
#593 = DIRECTION ( 'NONE',  ( 0.000000000000000000, 0.000000000000000000, 1.000000000000000000 ) ) ;
#594 = ORIENTED_EDGE ( 'NONE', *, *, #4495, .F. ) ;
#595 = FACE_OUTER_BOUND ( 'NONE', #231, .T. ) ;
#596 = CARTESIAN_POINT ( 'NONE',  ( -0.01142906256897916438, -0.01247649506134556122, 0.1137504373656964690 ) ) ;
#597 = LINE ( 'NONE', #5203, #842 ) ;
#598 = DIRECTION ( 'NONE',  ( 0.000000000000000000, 0.000000000000000000, -1.000000000000000000 ) ) ;
#599 = CARTESIAN_POINT ( 'NONE',  ( -0.07922649374710502568, -0.01887447892542818556, 0.03484251968503937480 ) ) ;
#600 = FACE_OUTER_BOUND ( 'NONE', #646, .T. ) ;
#601 = CARTESIAN_POINT ( 'NONE',  ( 0.01190365910143580813, -0.01887447892542832087, 0.1135826771653543343 ) ) ;
#602 = CARTESIAN_POINT ( 'NONE',  ( 0.01456692913385826751, -0.02165354330708653754, 0.1061023622047244097 ) ) ;
#603 = AXIS2_PLACEMENT_3D ( 'NONE', #4810, #4327, #4851 ) ;
#604 = EDGE_LOOP ( 'NONE', ( #3624, #6279, #2304, #5674 ) ) ;
#605 = PLANE ( 'NONE',  #2857 ) ;
#606 = EDGE_CURVE ( 'NONE', #1973, #6660, #7426, .T. ) ;
#607 = AXIS2_PLACEMENT_3D ( 'NONE', #5843, #4695, #5193 ) ;
#608 = DIRECTION ( 'NONE',  ( -4.500641816552991797E-31, -1.224606353822379970E-16, -1.000000000000000000 ) ) ;
#609 = ADVANCED_FACE ( 'NONE', ( #3384 ), #2176, .T. ) ;
#610 = CARTESIAN_POINT ( 'NONE',  ( 0.002755905511811066518, -0.01968503937007862192, 0.1037401574803149540 ) ) ;
#611 = DIRECTION ( 'NONE',  ( 0.4705882352941007651, -0.8823529411764794439, 0.000000000000000000 ) ) ;
#612 = ORIENTED_EDGE ( 'NONE', *, *, #4495, .T. ) ;
#613 = DIRECTION ( 'NONE',  ( 3.552713678800500140E-15, -1.000000000000000000, 0.000000000000000000 ) ) ;
#614 = CIRCLE ( 'NONE', #2546, 0.001968503937007874856 ) ;
#615 = ORIENTED_EDGE ( 'NONE', *, *, #4160, .F. ) ;
#616 = LINE ( 'NONE', #4197, #4248 ) ;
#617 = PLANE ( 'NONE',  #1918 ) ;
#618 = VECTOR ( 'NONE', #5158, 39.37007874015748143 ) ;
#619 = ORIENTED_EDGE ( 'NONE', *, *, #5293, .T. ) ;
#620 = DIRECTION ( 'NONE',  ( 1.000000000000000000, 0.000000000000000000, -0.000000000000000000 ) ) ;
#621 = EDGE_CURVE ( 'NONE', #3803, #1394, #343, .T. ) ;
#622 = DIRECTION ( 'NONE',  ( 0.000000000000000000, 0.000000000000000000, 1.000000000000000000 ) ) ;
#623 = VECTOR ( 'NONE', #1327, 39.37007874015748143 ) ;
#624 = CARTESIAN_POINT ( 'NONE',  ( -0.08188976377952757180, -0.01968503937007866356, 0.02736220472440945017 ) ) ;
#625 = VERTEX_POINT ( 'NONE', #5687 ) ;
#626 = ORIENTED_EDGE ( 'NONE', *, *, #3379, .T. ) ;
#627 = ORIENTED_EDGE ( 'NONE', *, *, #4019, .F. ) ;
#628 = EDGE_CURVE ( 'NONE', #7424, #5648, #7390, .T. ) ;
#629 = EDGE_CURVE ( 'NONE', #399, #6640, #4380, .T. ) ;
#630 = AXIS2_PLACEMENT_3D ( 'NONE', #1879, #4173, #6494 ) ;
#631 = ORIENTED_EDGE ( 'NONE', *, *, #7249, .T. ) ;
#632 =( CONVERSION_BASED_UNIT ( 'INCH', #3572 ) LENGTH_UNIT ( ) NAMED_UNIT ( #3339 ) );
#633 = DIRECTION ( 'NONE',  ( 0.7071067811865500152, -0.7071067811865450192, 0.000000000000000000 ) ) ;
#634 = VERTEX_POINT ( 'NONE', #6764 ) ;
#635 = VERTEX_POINT ( 'NONE', #5586 ) ;
#636 = CARTESIAN_POINT ( 'NONE',  ( 0.006692913385826772428, -0.02165354330708653754, 0.1061023622047244097 ) ) ;
#637 = VECTOR ( 'NONE', #5776, 39.37007874015748143 ) ;
#638 = DIRECTION ( 'NONE',  ( 1.000000000000000000, 0.000000000000000000, 0.000000000000000000 ) ) ;
#639 = DIRECTION ( 'NONE',  ( -1.000000000000000000, 0.000000000000000000, 0.000000000000000000 ) ) ;
#640 = CYLINDRICAL_SURFACE ( 'NONE', #5650, 0.001968503937007874856 ) ;
#641 = VECTOR ( 'NONE', #4665, 39.37007874015748143 ) ;
#642 = DIRECTION ( 'NONE',  ( -0.4705882352941007651, 0.8823529411764794439, 0.000000000000000000 ) ) ;
#643 = ORIENTED_EDGE ( 'NONE', *, *, #6671, .F. ) ;
#644 = DIRECTION ( 'NONE',  ( 0.000000000000000000, -1.000000000000000000, -1.224606353822379970E-16 ) ) ;
#645 = VECTOR ( 'NONE', #5202, 39.37007874015748143 ) ;
#646 = EDGE_LOOP ( 'NONE', ( #1966, #5634, #3387, #6469 ) ) ;
#647 = DIRECTION ( 'NONE',  ( -0.000000000000000000, -1.000000000000000000, -0.000000000000000000 ) ) ;
#648 = CARTESIAN_POINT ( 'NONE',  ( 0.006692913385826768091, -0.01968503937007860805, 0.04074803149606298636 ) ) ;
#649 = DIRECTION ( 'NONE',  ( 3.552713678800500140E-15, -1.000000000000000000, 0.000000000000000000 ) ) ;
#650 = CARTESIAN_POINT ( 'NONE',  ( 0.000000000000000000, -0.01220472440944870250, 0.02718270478973382198 ) ) ;
#651 = EDGE_LOOP ( 'NONE', ( #1318, #2256, #2029, #4250 ) ) ;
#652 = PLANE ( 'NONE',  #2774 ) ;
#653 = LINE ( 'NONE', #164, #1098 ) ;
#654 = DIRECTION ( 'NONE',  ( 0.000000000000000000, -0.000000000000000000, -1.000000000000000000 ) ) ;
#655 = CIRCLE ( 'NONE', #1742, 0.001968503937007873988 ) ;
#656 = ORIENTED_EDGE ( 'NONE', *, *, #1419, .F. ) ;
#657 = LINE ( 'NONE', #5833, #6327 ) ;
#658 = DIRECTION ( 'NONE',  ( -1.000000000000000000, -0.000000000000000000, -0.000000000000000000 ) ) ;
#659 = CIRCLE ( 'NONE', #2591, 0.001968503937007874856 ) ;
#660 = EDGE_CURVE ( 'NONE', #2765, #2542, #2136, .T. ) ;
#661 = ADVANCED_FACE ( 'NONE', ( #1572 ), #2276, .F. ) ;
#662 = ORIENTED_EDGE ( 'NONE', *, *, #4329, .F. ) ;
#663 = VERTEX_POINT ( 'NONE', #3677 ) ;
#664 = ORIENTED_EDGE ( 'NONE', *, *, #4859, .T. ) ;
#665 = ORIENTED_EDGE ( 'NONE', *, *, #1580, .F. ) ;
#666 = CARTESIAN_POINT ( 'NONE',  ( -0.06692913385826770867, -0.01968503937007873988, 0.01909448818897638636 ) ) ;
#667 = ORIENTED_EDGE ( 'NONE', *, *, #5989, .F. ) ;
#668 = ORIENTED_EDGE ( 'NONE', *, *, #4884, .F. ) ;
#669 = VERTEX_POINT ( 'NONE', #4775 ) ;
#670 = CARTESIAN_POINT ( 'NONE',  ( -0.07401574803149606196, -0.01574803149606291558, 0.09035433070866143168 ) ) ;
#671 = ADVANCED_FACE ( 'NONE', ( #1680 ), #7120, .T. ) ;
#672 = DIRECTION ( 'NONE',  ( 0.4705882352941179736, 0.8823529411764702290, 0.000000000000000000 ) ) ;
#673 = SURFACE_STYLE_USAGE ( .BOTH. , #4750 ) ;
#674 = CARTESIAN_POINT ( 'NONE',  ( 0.002755905511811056110, -0.01574803149606291558, 0.1135826771653543343 ) ) ;
#675 = LINE ( 'NONE', #6464, #4680 ) ;
#676 = PLANE ( 'NONE',  #4588 ) ;
#677 = ORIENTED_EDGE ( 'NONE', *, *, #713, .T. ) ;
#678 = CARTESIAN_POINT ( 'NONE',  ( -0.04940944881889765272, -0.01456692913385819119, 0.02519685039370077317 ) ) ;
#679 = VERTEX_POINT ( 'NONE', #6521 ) ;
#680 = EDGE_CURVE ( 'NONE', #2089, #6369, #5949, .T. ) ;
#681 = VERTEX_POINT ( 'NONE', #7462 ) ;
#682 = CARTESIAN_POINT ( 'NONE',  ( 0.002755905511811063482, -0.01968503937007862192, 0.09783464566929132855 ) ) ;
#683 = DIRECTION ( 'NONE',  ( 0.000000000000000000, -1.000000000000000000, -1.224606353822379970E-16 ) ) ;
#684 = DIRECTION ( 'NONE',  ( 1.000000000000000000, -0.000000000000000000, 0.000000000000000000 ) ) ;
#685 = DIRECTION ( 'NONE',  ( -1.776356839400248493E-15, 1.000000000000000000, 1.776356839400248493E-15 ) ) ;
#686 = CARTESIAN_POINT ( 'NONE',  ( 0.0007874015748031260682, -0.001181102362204602312, 0.1366141732283464860 ) ) ;
#687 = CARTESIAN_POINT ( 'NONE',  ( 0.01190365910143582201, -0.01887447892542835209, 0.09035433070866143168 ) ) ;
#688 = DIRECTION ( 'NONE',  ( 0.000000000000000000, 1.000000000000000000, 1.224606353822379970E-16 ) ) ;
#689 = EDGE_LOOP ( 'NONE', ( #4645, #2429, #2253, #1834 ) ) ;
#690 = DIRECTION ( 'NONE',  ( -0.000000000000000000, -0.000000000000000000, 1.000000000000000000 ) ) ;
#691 = CARTESIAN_POINT ( 'NONE',  ( 0.02480314960629933368, -0.03007883464566929108, 0.06593547625068622853 ) ) ;
#692 = CARTESIAN_POINT ( 'NONE',  ( 0.02298294153144818733, -0.02165354330708653754, 0.05885826771653544093 ) ) ;
#693 = CARTESIAN_POINT ( 'NONE',  ( 0.02480314960629930940, -0.02559055118110224736, 0.1037401574803149540 ) ) ;
#694 = EDGE_LOOP ( 'NONE', ( #7375, #6568, #7254, #6325 ) ) ;
#695 = ORIENTED_EDGE ( 'NONE', *, *, #2047, .T. ) ;
#696 = STYLED_ITEM ( 'NONE', ( #4180 ), #423 ) ;
#697 = ORIENTED_EDGE ( 'NONE', *, *, #4914, .F. ) ;
#698 = EDGE_CURVE ( 'NONE', #4016, #6452, #777, .T. ) ;
#699 = ORIENTED_EDGE ( 'NONE', *, *, #6732, .F. ) ;
#700 = CARTESIAN_POINT ( 'NONE',  ( 0.000000000000000000, 0.000000000000000000, 0.000000000000000000 ) ) ;
#701 = ADVANCED_FACE ( 'NONE', ( #5153 ), #4584, .T. ) ;
#702 = DIRECTION ( 'NONE',  ( 0.000000000000000000, 1.000000000000000000, 0.000000000000000000 ) ) ;
#703 = ORIENTED_EDGE ( 'NONE', *, *, #5700, .T. ) ;
#704 = VECTOR ( 'NONE', #3715, 39.37007874015748143 ) ;
#705 = ORIENTED_EDGE ( 'NONE', *, *, #3492, .F. ) ;
#706 = CYLINDRICAL_SURFACE ( 'NONE', #4970, 0.001968503937007874856 ) ;
#707 = PLANE ( 'NONE',  #5819 ) ;
#708 = AXIS2_PLACEMENT_3D ( 'NONE', #7473, #4490, #4559 ) ;
#709 = PRESENTATION_LAYER_ASSIGNMENT (  '', '', ( #2622 ) ) ;
#710 = LINE ( 'NONE', #2901, #2814 ) ;
#711 = SURFACE_STYLE_USAGE ( .BOTH. , #6462 ) ;
#712 = CARTESIAN_POINT ( 'NONE',  ( -0.07667901806391835828, -0.02246410375173656104, 0.01909448818897637595 ) ) ;
#713 = EDGE_CURVE ( 'NONE', #669, #1575, #736, .T. ) ;
#714 = CARTESIAN_POINT ( 'NONE',  ( -0.1171317238735696958, -0.02559055118110228552, 0.1135826771653543343 ) ) ;
#715 = ORIENTED_EDGE ( 'NONE', *, *, #7181, .F. ) ;
#716 = CARTESIAN_POINT ( 'NONE',  ( 0.006692913385826768091, -0.01968503937007860805, 0.05059055118110235977 ) ) ;
#717 = ORIENTED_EDGE ( 'NONE', *, *, #1602, .F. ) ;
#718 = AXIS2_PLACEMENT_3D ( 'NONE', #5470, #1952, #295 ) ;
#719 = LINE ( 'NONE', #6886, #4856 ) ;
#720 = ORIENTED_EDGE ( 'NONE', *, *, #1312, .T. ) ;
#721 = ORIENTED_EDGE ( 'NONE', *, *, #7204, .F. ) ;
#722 = CARTESIAN_POINT ( 'NONE',  ( 0.006692913385826772428, -0.02165354330708653754, 0.01909448818897637595 ) ) ;
#723 = AXIS2_PLACEMENT_3D ( 'NONE', #3075, #729, #7112 ) ;
#724 = DIRECTION ( 'NONE',  ( 0.7071067811865436870, 0.000000000000000000, -0.7071067811865513475 ) ) ;
#725 = ADVANCED_FACE ( 'NONE', ( #1867 ), #5389, .F. ) ;
#726 = ADVANCED_FACE ( 'NONE', ( #6905 ), #4547, .T. ) ;
#727 = DIRECTION ( 'NONE',  ( 0.000000000000000000, 0.000000000000000000, 1.000000000000000000 ) ) ;
#728 = EDGE_CURVE ( 'NONE', #7179, #6954, #4163, .T. ) ;
#729 = DIRECTION ( 'NONE',  ( 0.8823529411764704511, 0.4705882352941180846, -0.000000000000000000 ) ) ;
#730 = DIRECTION ( 'NONE',  ( 1.000000000000000000, -0.000000000000000000, 0.000000000000000000 ) ) ;
#731 = CARTESIAN_POINT ( 'NONE',  ( -0.01791338582677173136, 0.01929133858267724488, 0.01535433070866141884 ) ) ;
#732 =( GEOMETRIC_REPRESENTATION_CONTEXT ( 3 ) GLOBAL_UNCERTAINTY_ASSIGNED_CONTEXT ( ( #371 ) ) GLOBAL_UNIT_ASSIGNED_CONTEXT ( ( #6796, #7456, #6831 ) ) REPRESENTATION_CONTEXT ( 'NONE', 'WORKASPACE' ) );
#733 = LINE ( 'NONE', #5348, #1316 ) ;
#734 = ORIENTED_EDGE ( 'NONE', *, *, #6311, .F. ) ;
#735 = CARTESIAN_POINT ( 'NONE',  ( -0.07401574803149606196, -0.01968503937007873988, -0.2362204724409449064 ) ) ;
#736 = LINE ( 'NONE', #129, #3001 ) ;
#737 = AXIS2_PLACEMENT_3D ( 'NONE', #2729, #5108, #5573 ) ;
#738 = CARTESIAN_POINT ( 'NONE',  ( 0.008429828624363150044, -0.02072718851320049308, 0.1037401574803149540 ) ) ;
#739 = ORIENTED_EDGE ( 'NONE', *, *, #5983, .F. ) ;
#740 = VECTOR ( 'NONE', #4007, 39.37007874015748854 ) ;
#741 = ORIENTED_EDGE ( 'NONE', *, *, #824, .F. ) ;
#742 = VERTEX_POINT ( 'NONE', #5727 ) ;
#743 = DIRECTION ( 'NONE',  ( 0.000000000000000000, 1.000000000000000000, 0.000000000000000000 ) ) ;
#744 = VERTEX_POINT ( 'NONE', #6480 ) ;
#745 = DIRECTION ( 'NONE',  ( -3.552713678800500140E-15, 1.000000000000000000, 0.000000000000000000 ) ) ;
#746 = AXIS2_PLACEMENT_3D ( 'NONE', #1435, #2530, #4226 ) ;
#747 = DIRECTION ( 'NONE',  ( -1.000000000000000000, -3.552713678800500140E-15, -0.000000000000000000 ) ) ;
#748 = LENGTH_MEASURE_WITH_UNIT ( LENGTH_MEASURE( 0.02539999999999999897 ), #1958 );
#749 = EDGE_CURVE ( 'NONE', #60, #4070, #4809, .T. ) ;
#750 = EDGE_CURVE ( 'NONE', #1276, #2131, #4202, .T. ) ;
#751 = AXIS2_PLACEMENT_3D ( 'NONE', #2517, #5960, #4300 ) ;
#752 = DIRECTION ( 'NONE',  ( -1.000000000000000000, 3.675174314182740233E-15, 0.000000000000000000 ) ) ;
#753 = CARTESIAN_POINT ( 'NONE',  ( -0.08188976377952757180, -0.01968503937007866356, 0.1037401574803149540 ) ) ;
#754 = CARTESIAN_POINT ( 'NONE',  ( -0.01145245457551642351, -0.01261060923215913225, 0.1137270453591591873 ) ) ;
#755 = DIRECTION ( 'NONE',  ( 0.000000000000000000, 0.000000000000000000, -1.000000000000000000 ) ) ;
#756 = VERTEX_POINT ( 'NONE', #4245 ) ;
#757 = DIRECTION ( 'NONE',  ( -0.000000000000000000, -1.000000000000000000, -0.000000000000000000 ) ) ;
#758 = ORIENTED_EDGE ( 'NONE', *, *, #358, .F. ) ;
#759 = VECTOR ( 'NONE', #4494, 39.37007874015748143 ) ;
#760 = CARTESIAN_POINT ( 'NONE',  ( 0.008429828624363132697, -0.02072718851320048267, 0.1061023622047244097 ) ) ;
#761 = ORIENTED_EDGE ( 'NONE', *, *, #7398, .T. ) ;
#762 = EDGE_CURVE ( 'NONE', #5313, #293, #3046, .T. ) ;
#763 = ADVANCED_FACE ( 'NONE', ( #3640 ), #5426, .T. ) ;
#764 = ORIENTED_EDGE ( 'NONE', *, *, #5691, .T. ) ;
#765 = VECTOR ( 'NONE', #6226, 39.37007874015748143 ) ;
#766 = LINE ( 'NONE', #6924, #3826 ) ;
#767 = LINE ( 'NONE', #5521, #6454 ) ;
#768 = CARTESIAN_POINT ( 'NONE',  ( -0.08188976377952757180, -0.02165354330708653754, 0.05649606299212599214 ) ) ;
#769 = CARTESIAN_POINT ( 'NONE',  ( -0.07007874015748032093, -0.01574803149606291558, 0.01909448818897637595 ) ) ;
#770 = DIRECTION ( 'NONE',  ( 0.000000000000000000, 1.224606353822379970E-16, -1.000000000000000000 ) ) ;
#771 = LINE ( 'NONE', #5418, #6912 ) ;
#772 = CIRCLE ( 'NONE', #1234, 0.001968503937007873988 ) ;
#773 = EDGE_CURVE ( 'NONE', #7091, #877, #553, .T. ) ;
#774 = VERTEX_POINT ( 'NONE', #6336 ) ;
#775 = ORIENTED_EDGE ( 'NONE', *, *, #5657, .F. ) ;
#776 = LINE ( 'NONE', #735, #426 ) ;
#777 = LINE ( 'NONE', #5987, #4436 ) ;
#778 = FACE_OUTER_BOUND ( 'NONE', #3814, .T. ) ;
#779 = CARTESIAN_POINT ( 'NONE',  ( 0.006692913385826772428, -0.02165354330708653754, 0.03484251968503937480 ) ) ;
#780 = ORIENTED_EDGE ( 'NONE', *, *, #1711, .F. ) ;
#781 = ADVANCED_FACE ( 'NONE', ( #3461 ), #5761, .F. ) ;
#782 = VECTOR ( 'NONE', #2884, 39.37007874015748143 ) ;
#783 = EDGE_LOOP ( 'NONE', ( #3010, #3971, #6117, #3726 ) ) ;
#784 = CARTESIAN_POINT ( 'NONE',  ( -0.07575266327003248035, -0.02072718851320058328, 0.02736220472440945017 ) ) ;
#785 = AXIS2_PLACEMENT_3D ( 'NONE', #2013, #4315, #6627 ) ;
#786 = EDGE_LOOP ( 'NONE', ( #4907, #1809, #2686, #4511 ) ) ;
#787 = PLANE ( 'NONE',  #1927 ) ;
#788 = ORIENTED_EDGE ( 'NONE', *, *, #3567, .T. ) ;
#789 = CARTESIAN_POINT ( 'NONE',  ( -0.08015284854099134770, -0.02061139416396475660, 0.05649606299212599214 ) ) ;
#790 = DIRECTION ( 'NONE',  ( 0.000000000000000000, 1.224606353822379970E-16, -1.000000000000000000 ) ) ;
#791 = VECTOR ( 'NONE', #1392, 39.37007874015748143 ) ;
#792 = LINE ( 'NONE', #1466, #2453 ) ;
#793 = PLANE ( 'NONE',  #941 ) ;
#794 = DIRECTION ( 'NONE',  ( 0.000000000000000000, -0.000000000000000000, -1.000000000000000000 ) ) ;
#795 = LINE ( 'NONE', #3102, #6262 ) ;
#796 = ORIENTED_EDGE ( 'NONE', *, *, #1266, .T. ) ;
#797 = ORIENTED_EDGE ( 'NONE', *, *, #7154, .F. ) ;
#798 = FACE_OUTER_BOUND ( 'NONE', #4988, .T. ) ;
#799 = ORIENTED_EDGE ( 'NONE', *, *, #2459, .T. ) ;
#800 = CARTESIAN_POINT ( 'NONE',  ( -0.05590551181102363515, 0.01141732283464561189, 0.1179179637429043082 ) ) ;
#801 = ORIENTED_EDGE ( 'NONE', *, *, #4952, .T. ) ;
#802 = ORIENTED_EDGE ( 'NONE', *, *, #5006, .T. ) ;
#803 = AXIS2_PLACEMENT_3D ( 'NONE', #722, #4036, #4761 ) ;
#804 = SURFACE_SIDE_STYLE ('',( #7194 ) ) ;
#805 = DIRECTION ( 'NONE',  ( 1.000000000000000000, 6.476300976980080477E-16, 0.000000000000000000 ) ) ;
#806 = FACE_OUTER_BOUND ( 'NONE', #4190, .T. ) ;
#807 = DIRECTION ( 'NONE',  ( 0.000000000000000000, 0.000000000000000000, 1.000000000000000000 ) ) ;
#808 = EDGE_CURVE ( 'NONE', #3159, #6456, #4960, .T. ) ;
#809 = EDGE_CURVE ( 'NONE', #887, #3414, #1489, .T. ) ;
#810 = CARTESIAN_POINT ( 'NONE',  ( -0.07007874015748032093, -0.01574803149606291558, 0.05885826771653544093 ) ) ;
#811 = DIRECTION ( 'NONE',  ( 0.000000000000000000, 1.000000000000000000, 0.000000000000000000 ) ) ;
#812 = VERTEX_POINT ( 'NONE', #6180 ) ;
#813 = ORIENTED_EDGE ( 'NONE', *, *, #4824, .T. ) ;
#814 = CARTESIAN_POINT ( 'NONE',  ( -0.07007874015748032093, -0.01968503937007873988, 0.1194881889763779875 ) ) ;
#815 = CARTESIAN_POINT ( 'NONE',  ( -0.07575266327003267464, -0.02072718851320047226, 0.04311023622047244208 ) ) ;
#816 = EDGE_CURVE ( 'NONE', #4207, #1161, #7450, .T. ) ;
#817 = DIRECTION ( 'NONE',  ( -3.552713678800500140E-15, 1.000000000000000000, 0.000000000000000000 ) ) ;
#818 = CARTESIAN_POINT ( 'NONE',  ( -0.07667901806391851094, -0.02246410375173684901, 0.02500000000000000139 ) ) ;
#819 = EDGE_LOOP ( 'NONE', ( #1158, #813, #5192, #4999 ) ) ;
#820 = ORIENTED_EDGE ( 'NONE', *, *, #3445, .F. ) ;
#821 = ADVANCED_FACE ( 'NONE', ( #403 ), #2695, .F. ) ;
#822 = FACE_OUTER_BOUND ( 'NONE', #6125, .T. ) ;
#823 = ORIENTED_EDGE ( 'NONE', *, *, #5873, .T. ) ;
#824 = EDGE_CURVE ( 'NONE', #1487, #7430, #4290, .T. ) ;
#825 = ORIENTED_EDGE ( 'NONE', *, *, #220, .T. ) ;
#826 = CARTESIAN_POINT ( 'NONE',  ( 0.01456692913385826751, -0.02559055118110226817, 0.07224409448818898405 ) ) ;
#827 = VECTOR ( 'NONE', #4514, 39.37007874015748143 ) ;
#828 = EDGE_LOOP ( 'NONE', ( #1838, #1339, #4408, #2808 ) ) ;
#829 = VERTEX_POINT ( 'NONE', #925 ) ;
#830 = PLANE ( 'NONE',  #5228 ) ;
#831 = CARTESIAN_POINT ( 'NONE',  ( -0.04940944881889765966, 0.01141732283464570730, 0.01535433070866141884 ) ) ;
#832 = VECTOR ( 'NONE', #3197, 39.37007874015748143 ) ;
#833 = LINE ( 'NONE', #5403, #5379 ) ;
#834 = DIRECTION ( 'NONE',  ( -1.000000000000000000, -0.000000000000000000, -0.000000000000000000 ) ) ;
#835 = EDGE_LOOP ( 'NONE', ( #557, #2134, #291, #5686, #902, #4293, #3262, #5359, #6743, #6530, #6759, #3276 ) ) ;
#836 = EDGE_LOOP ( 'NONE', ( #6352, #5544, #758, #6416 ) ) ;
#837 = CARTESIAN_POINT ( 'NONE',  ( -0.07667901806391835828, -0.02246410375173656104, 0.05649606299212599214 ) ) ;
#838 = ORIENTED_EDGE ( 'NONE', *, *, #7081, .T. ) ;
#839 = DIRECTION ( 'NONE',  ( -1.000000000000000000, 0.000000000000000000, 0.000000000000000000 ) ) ;
#840 = EDGE_LOOP ( 'NONE', ( #4150, #6319, #2596, #6488 ) ) ;
#841 = VECTOR ( 'NONE', #2752, 39.37007874015748143 ) ;
#842 = VECTOR ( 'NONE', #2863, 39.37007874015748143 ) ;
#843 = CARTESIAN_POINT ( 'NONE',  ( -0.04940944881889763191, 0.01141732283464562923, 0.1179179637429043220 ) ) ;
#844 = FACE_OUTER_BOUND ( 'NONE', #2159, .T. ) ;
#845 = CARTESIAN_POINT ( 'NONE',  ( 0.01190365910143580813, -0.01887447892542832087, 0.05649606299212599214 ) ) ;
#846 = CARTESIAN_POINT ( 'NONE',  ( -0.1171317238735696958, -0.02165354330708653754, 0.1135826771653543343 ) ) ;
#847 = VECTOR ( 'NONE', #4053, 39.37007874015748143 ) ;
#848 = CARTESIAN_POINT ( 'NONE',  ( -0.05590551181102362821, 0.01338582677165362292, 0.1232283464566929221 ) ) ;
#849 = DIRECTION ( 'NONE',  ( -0.000000000000000000, -1.224606353822379970E-16, 1.000000000000000000 ) ) ;
#850 = CIRCLE ( 'NONE', #6275, 0.005905511811023621965 ) ;
#851 = EDGE_CURVE ( 'NONE', #3347, #1413, #3756, .T. ) ;
#852 = VERTEX_POINT ( 'NONE', #2619 ) ;
#853 = EDGE_CURVE ( 'NONE', #6090, #1956, #2091, .T. ) ;
#854 = ORIENTED_EDGE ( 'NONE', *, *, #3859, .T. ) ;
#855 = CARTESIAN_POINT ( 'NONE',  ( 0.04980888922789999951, -0.02559055118110228552, 0.1194881889763779736 ) ) ;
#856 = DIRECTION ( 'NONE',  ( -0.000000000000000000, -1.224606353822379970E-16, 1.000000000000000000 ) ) ;
#857 = CARTESIAN_POINT ( 'NONE',  ( 0.01456692913385826751, -0.01968503937007866356, 0.06633858267716535861 ) ) ;
#858 = ADVANCED_FACE ( 'NONE', ( #6749 ), #2586, .T. ) ;
#859 = AXIS2_PLACEMENT_3D ( 'NONE', #2587, #248, #3236 ) ;
#860 = EDGE_LOOP ( 'NONE', ( #1259, #2892, #2568, #6318 ) ) ;
#861 = CARTESIAN_POINT ( 'NONE',  ( 0.002755905511811056110, -0.01574803149606291558, 0.05059055118110235977 ) ) ;
#862 = CARTESIAN_POINT ( 'NONE',  ( 0.002755905511810937715, 0.01732283464566941947, 0.003937007874015747977 ) ) ;
#863 = ORIENTED_EDGE ( 'NONE', *, *, #4214, .F. ) ;
#864 = DIRECTION ( 'NONE',  ( -5.084870673310913741E-17, 2.711931025765824031E-17, -1.000000000000000000 ) ) ;
#865 = CIRCLE ( 'NONE', #6181, 0.001968503937007874856 ) ;
#866 = DIRECTION ( 'NONE',  ( -0.000000000000000000, 0.000000000000000000, 1.000000000000000000 ) ) ;
#867 = VERTEX_POINT ( 'NONE', #5002 ) ;
#868 = ADVANCED_FACE ( 'NONE', ( #4400 ), #5534, .T. ) ;
#869 = EDGE_CURVE ( 'NONE', #2255, #1336, #6715, .T. ) ;
#870 = DIRECTION ( 'NONE',  ( -0.8823529411764704511, 0.4705882352941180846, 5.762853429752370674E-17 ) ) ;
#871 = CARTESIAN_POINT ( 'NONE',  ( -0.08188976377952757180, -0.01968503937007866356, 0.05059055118110235977 ) ) ;
#872 = VECTOR ( 'NONE', #4754, 39.37007874015748143 ) ;
#873 = CARTESIAN_POINT ( 'NONE',  ( 0.01456692913385826751, -0.02165354330708653754, 0.01909448818897637595 ) ) ;
#874 = ORIENTED_EDGE ( 'NONE', *, *, #6133, .T. ) ;
#875 = ORIENTED_EDGE ( 'NONE', *, *, #6450, .F. ) ;
#876 = LINE ( 'NONE', #6621, #16 ) ;
#877 = VERTEX_POINT ( 'NONE', #5499 ) ;
#878 = FACE_OUTER_BOUND ( 'NONE', #3270, .T. ) ;
#879 = CIRCLE ( 'NONE', #4847, 0.005905511811023620231 ) ;
#880 = EDGE_CURVE ( 'NONE', #4508, #143, #3827, .T. ) ;
#881 = PLANE ( 'NONE',  #5722 ) ;
#882 = FACE_OUTER_BOUND ( 'NONE', #2230, .T. ) ;
#884 = CARTESIAN_POINT ( 'NONE',  ( -0.07401574803149606196, -0.02165354330708653754, 0.05885826771653544093 ) ) ;
#883 = CIRCLE ( 'NONE', #5088, 0.001968503937007874856 ) ;
#885 = CARTESIAN_POINT ( 'NONE',  ( -0.07401574803149606196, -0.01968503937007873988, -0.2362204724409449064 ) ) ;
#886 = LINE ( 'NONE', #1483, #2081 ) ;
#887 = VERTEX_POINT ( 'NONE', #329 ) ;
#888 = ORIENTED_EDGE ( 'NONE', *, *, #5794, .F. ) ;
#889 = DIRECTION ( 'NONE',  ( 0.000000000000000000, 0.000000000000000000, -1.000000000000000000 ) ) ;
#890 = DIRECTION ( 'NONE',  ( 0.000000000000000000, 0.000000000000000000, -1.000000000000000000 ) ) ;
#892 = LINE ( 'NONE', #5465, #4357 ) ;
#891 = VECTOR ( 'NONE', #3506, 39.37007874015748143 ) ;
#893 = EDGE_LOOP ( 'NONE', ( #1297, #2981, #2675, #1403 ) ) ;
#894 = CARTESIAN_POINT ( 'NONE',  ( 0.006692913385826772428, -0.02165354330708653754, 0.05649606299212599214 ) ) ;
#895 = EDGE_CURVE ( 'NONE', #127, #5356, #1526, .T. ) ;
#896 = ADVANCED_FACE ( 'NONE', ( #959 ), #4925, .F. ) ;
#897 = ORIENTED_EDGE ( 'NONE', *, *, #1601, .T. ) ;
#898 = PLANE ( 'NONE',  #400 ) ;
#899 = VECTOR ( 'NONE', #690, 39.37007874015748143 ) ;
#900 = SURFACE_STYLE_FILL_AREA ( #965 ) ;
#901 = VERTEX_POINT ( 'NONE', #1454 ) ;
#902 = ORIENTED_EDGE ( 'NONE', *, *, #3120, .F. ) ;
#903 = DIRECTION ( 'NONE',  ( -0.8823529411764704511, 0.4705882352941180846, 5.762853429752370674E-17 ) ) ;
#904 = AXIS2_PLACEMENT_3D ( 'NONE', #2228, #1126, #5636 ) ;
#905 = CARTESIAN_POINT ( 'NONE',  ( -0.07007874015748032093, -0.01574803149606291558, 0.09783464566929132855 ) ) ;
#906 = DIRECTION ( 'NONE',  ( -0.000000000000000000, 0.000000000000000000, 1.000000000000000000 ) ) ;
#907 = DIRECTION ( 'NONE',  ( 0.000000000000000000, -0.000000000000000000, -1.000000000000000000 ) ) ;
#908 = ORIENTED_EDGE ( 'NONE', *, *, #5668, .F. ) ;
#909 = EDGE_LOOP ( 'NONE', ( #376, #717, #3366, #3215, #6570, #5068, #1465, #3251, #668, #3096, #4501, #5582 ) ) ;
#910 = DIRECTION ( 'NONE',  ( -0.000000000000000000, -1.224606353822379970E-16, 1.000000000000000000 ) ) ;
#911 = CARTESIAN_POINT ( 'NONE',  ( 0.002755905511811067386, -0.01968503937007862192, 0.000000000000000000 ) ) ;
#912 = ORIENTED_EDGE ( 'NONE', *, *, #5646, .F. ) ;
#913 = VECTOR ( 'NONE', #4870, 39.37007874015748143 ) ;
#914 =( LENGTH_UNIT ( ) NAMED_UNIT ( * ) SI_UNIT ( $, .METRE. ) );
#915 = CARTESIAN_POINT ( 'NONE',  ( 0.002755905511811061314, -0.01574803149606291558, 0.04074803149606298636 ) ) ;
#916 = DIRECTION ( 'NONE',  ( -1.000000000000000000, -0.000000000000000000, -0.000000000000000000 ) ) ;
#917 = CARTESIAN_POINT ( 'NONE',  ( -0.001181102362204682977, -0.02362204724409449133, -1.825529676434960779E-17 ) ) ;
#918 = EDGE_CURVE ( 'NONE', #7053, #744, #7313, .T. ) ;
#919 =( BOUNDED_CURVE ( )  B_SPLINE_CURVE ( 3, ( #7151, #1405, #3704, #6012 ),
 .UNSPECIFIED., .F., .F. ) 
 B_SPLINE_CURVE_WITH_KNOTS ( ( 4, 4 ),
 ( 1.570796326794902109, 2.968911161971761636 ),
 .UNSPECIFIED. ) 
 CURVE ( )  GEOMETRIC_REPRESENTATION_ITEM ( )  RATIONAL_B_SPLINE_CURVE ( ( 1.000000000000000000, 0.8436327171262345548, 0.8436327171262345548, 1.000000000000000000 ) ) 
 REPRESENTATION_ITEM ( '' )  );
#920 = DIRECTION ( 'NONE',  ( -1.000000000000000000, 0.000000000000000000, 0.000000000000000000 ) ) ;
#921 = CARTESIAN_POINT ( 'NONE',  ( -0.1171317238735696958, -0.01377952755905503986, 0.01909448818897637595 ) ) ;
#922 = ORIENTED_EDGE ( 'NONE', *, *, #2978, .T. ) ;
#923 = ORIENTED_EDGE ( 'NONE', *, *, #7226, .F. ) ;
#924 = LINE ( 'NONE', #2584, #3076 ) ;
#925 = CARTESIAN_POINT ( 'NONE',  ( -0.07401574803149606196, -0.01574803149606291558, 0.08799212598425197596 ) ) ;
#926 = CARTESIAN_POINT ( 'NONE',  ( 0.002755905511811012308, -0.01968503937007862192, 0.1346456692913385877 ) ) ;
#927 = ORIENTED_EDGE ( 'NONE', *, *, #4337, .F. ) ;
#928 = ORIENTED_EDGE ( 'NONE', *, *, #945, .T. ) ;
#929 = DIRECTION ( 'NONE',  ( 0.000000000000000000, 1.224606353822379970E-16, -1.000000000000000000 ) ) ;
#930 = ORIENTED_EDGE ( 'NONE', *, *, #6270, .T. ) ;
#931 = FACE_OUTER_BOUND ( 'NONE', #1018, .T. ) ;
#932 = FILL_AREA_STYLE_COLOUR ( '', #6800 ) ;
#933 = EDGE_LOOP ( 'NONE', ( #643, #1258, #3367, #1146 ) ) ;
#934 = EDGE_CURVE ( 'NONE', #6413, #6761, #247, .T. ) ;
#935 = EDGE_CURVE ( 'NONE', #1852, #4110, #3719, .T. ) ;
#936 = DIRECTION ( 'NONE',  ( 0.000000000000000000, 1.224606353822379970E-16, -1.000000000000000000 ) ) ;
#937 = PLANE ( 'NONE',  #2140 ) ;
#938 = FACE_OUTER_BOUND ( 'NONE', #2486, .T. ) ;
#939 = LINE ( 'NONE', #1922, #7237 ) ;
#940 = EDGE_LOOP ( 'NONE', ( #825, #4006, #46, #665, #2318, #6794, #4482, #5462, #3119, #4716, #7205, #4066 ) ) ;
#941 = AXIS2_PLACEMENT_3D ( 'NONE', #6498, #2483, #7138 ) ;
#942 = ORIENTED_EDGE ( 'NONE', *, *, #2730, .F. ) ;
#943 = CYLINDRICAL_SURFACE ( 'NONE', #6059, 0.001968503937007874856 ) ;
#944 = ORIENTED_EDGE ( 'NONE', *, *, #1864, .F. ) ;
#945 = EDGE_CURVE ( 'NONE', #6153, #3674, #1662, .T. ) ;
#946 = FACE_OUTER_BOUND ( 'NONE', #6187, .T. ) ;
#947 = CARTESIAN_POINT ( 'NONE',  ( 0.002755905511811056110, -0.01574803149606291558, 0.06633858267716535861 ) ) ;
#948 = LINE ( 'NONE', #1586, #7350 ) ;
#949 = CARTESIAN_POINT ( 'NONE',  ( 0.006692913385826772428, -0.02165354330708653754, 0.08799212598425197596 ) ) ;
#950 = AXIS2_PLACEMENT_3D ( 'NONE', #2987, #2949, #6952 ) ;
#951 = CARTESIAN_POINT ( 'NONE',  ( -0.07667901806391835828, -0.02246410375173656104, 0.08799212598425197596 ) ) ;
#952 = VERTEX_POINT ( 'NONE', #2163 ) ;
#953 = EDGE_CURVE ( 'NONE', #501, #3729, #3370, .T. ) ;
#954 = EDGE_CURVE ( 'NONE', #4848, #4017, #6788, .T. ) ;
#955 = EDGE_CURVE ( 'NONE', #5680, #6085, #6282, .T. ) ;
#956 = EDGE_LOOP ( 'NONE', ( #325, #6063, #62, #2327, #1256, #5209 ) ) ;
#957 = VECTOR ( 'NONE', #451, 39.37007874015748143 ) ;
#958 = DIRECTION ( 'NONE',  ( 0.000000000000000000, 1.000000000000000000, 1.224606353822379970E-16 ) ) ;
#959 = FACE_OUTER_BOUND ( 'NONE', #7018, .T. ) ;
#960 = DIRECTION ( 'NONE',  ( -0.000000000000000000, 0.000000000000000000, 1.000000000000000000 ) ) ;
#961 = AXIS2_PLACEMENT_3D ( 'NONE', #6361, #49, #807 ) ;
#962 = EDGE_LOOP ( 'NONE', ( #2354, #1965, #2203, #7340 ) ) ;
#963 = AXIS2_PLACEMENT_3D ( 'NONE', #1423, #370, #7130 ) ;
#964 = DIRECTION ( 'NONE',  ( 0.000000000000000000, 1.000000000000000000, 1.224606353822379970E-16 ) ) ;
#965 = FILL_AREA_STYLE ('',( #932 ) ) ;
#966 = ORIENTED_EDGE ( 'NONE', *, *, #5133, .F. ) ;
#967 = VECTOR ( 'NONE', #5307, 39.37007874015748143 ) ;
#968 = ADVANCED_FACE ( 'NONE', ( #7444 ), #2229, .F. ) ;
#969 = VERTEX_POINT ( 'NONE', #503 ) ;
#970 = CARTESIAN_POINT ( 'NONE',  ( -0.09212598425196889818, -0.03007883464566929108, 0.06593547625068622853 ) ) ;
#971 = DIRECTION ( 'NONE',  ( 0.000000000000000000, 0.000000000000000000, -1.000000000000000000 ) ) ;
#972 = CARTESIAN_POINT ( 'NONE',  ( 0.01456692913385826925, -0.02559055118110228552, 0.05059055118110235977 ) ) ;
#973 = LINE ( 'NONE', #4415, #6385 ) ;
#974 = VERTEX_POINT ( 'NONE', #5175 ) ;
#975 = ORIENTED_EDGE ( 'NONE', *, *, #5580, .T. ) ;
#976 = CARTESIAN_POINT ( 'NONE',  ( -0.09212598425196889818, -0.01377952755905503986, 0.09783464566929132855 ) ) ;
#977 = SURFACE_STYLE_FILL_AREA ( #3847 ) ;
#978 = LINE ( 'NONE', #3921, #5845 ) ;
#979 = CARTESIAN_POINT ( 'NONE',  ( 0.01283001389532191679, -0.02061139416396473578, 0.1061023622047244097 ) ) ;
#980 = DIRECTION ( 'NONE',  ( 0.000000000000000000, 0.000000000000000000, 1.000000000000000000 ) ) ;
#981 = CYLINDRICAL_SURFACE ( 'NONE', #1696, 0.005905511811023620231 ) ;
#982 = VERTEX_POINT ( 'NONE', #3901 ) ;
#983 = AXIS2_PLACEMENT_3D ( 'NONE', #271, #4184, #2604 ) ;
#984 = EDGE_CURVE ( 'NONE', #952, #4207, #2296, .T. ) ;
#985 = CARTESIAN_POINT ( 'NONE',  ( -0.1171317238735696958, -0.02559055118110228552, 0.08208661417322835052 ) ) ;
#986 = EDGE_CURVE ( 'NONE', #4076, #6885, #2749, .T. ) ;
#987 = ORIENTED_EDGE ( 'NONE', *, *, #3493, .T. ) ;
#988 = VECTOR ( 'NONE', #4484, 39.37007874015748143 ) ;
#989 = VECTOR ( 'NONE', #48, 39.37007874015748143 ) ;
#990 = EDGE_LOOP ( 'NONE', ( #3050, #922, #1360, #2583 ) ) ;
#991 = CARTESIAN_POINT ( 'NONE',  ( 0.002755905511811070855, -0.01968503937007862192, 0.000000000000000000 ) ) ;
#992 = DIRECTION ( 'NONE',  ( 0.000000000000000000, 1.000000000000000000, 0.000000000000000000 ) ) ;
#993 = DIRECTION ( 'NONE',  ( -0.000000000000000000, 0.000000000000000000, 1.000000000000000000 ) ) ;
#994 = EDGE_CURVE ( 'NONE', #1224, #5898, #6032, .T. ) ;
#995 = AXIS2_PLACEMENT_3D ( 'NONE', #7070, #1399, #4795 ) ;
#996 = ORIENTED_EDGE ( 'NONE', *, *, #5431, .F. ) ;
#997 = CIRCLE ( 'NONE', #1117, 0.005905511811023621965 ) ;
#998 = EDGE_CURVE ( 'NONE', #5042, #2542, #6824, .T. ) ;
#999 = EDGE_CURVE ( 'NONE', #1575, #59, #1092, .T. ) ;
#1000 = VERTEX_POINT ( 'NONE', #6926 ) ;
#1001 = ORIENTED_EDGE ( 'NONE', *, *, #1291, .F. ) ;
#1002 = DIRECTION ( 'NONE',  ( 0.000000000000000000, 1.000000000000000000, 0.000000000000000000 ) ) ;
#1003 = DIRECTION ( 'NONE',  ( 0.000000000000000000, 1.224606353822379970E-16, -1.000000000000000000 ) ) ;
#1004 = CARTESIAN_POINT ( 'NONE',  ( -0.08188976377952757180, -0.01968503937007866356, 0.07224409448818898405 ) ) ;
#1005 = AXIS2_PLACEMENT_3D ( 'NONE', #3336, #3, #3369 ) ;
#1006 = ORIENTED_EDGE ( 'NONE', *, *, #3472, .F. ) ;
#1007 = ORIENTED_EDGE ( 'NONE', *, *, #2173, .T. ) ;
#1008 = CARTESIAN_POINT ( 'NONE',  ( 0.02480314960629933368, -0.02559055118110227164, 0.03484251968503937480 ) ) ;
#1009 = DIRECTION ( 'NONE',  ( -0.000000000000000000, -1.000000000000000000, -0.000000000000000000 ) ) ;
#1010 = ORIENTED_EDGE ( 'NONE', *, *, #6639, .T. ) ;
#1011 = CARTESIAN_POINT ( 'NONE',  ( -0.07667901806391849706, -0.02246410375173685248, 0.05885826771653544093 ) ) ;
#1012 = PLANE ( 'NONE',  #708 ) ;
#1013 = CARTESIAN_POINT ( 'NONE',  ( -0.06614173228346456601, 0.01732283464566923906, 0.1385826771653543565 ) ) ;
#1015 = FACE_OUTER_BOUND ( 'NONE', #3620, .T. ) ;
#1014 = AXIS2_PLACEMENT_3D ( 'NONE', #3964, #2838, #2162 ) ;
#1016 = VERTEX_POINT ( 'NONE', #4039 ) ;
#1017 = DIRECTION ( 'NONE',  ( 0.000000000000000000, 0.000000000000000000, 1.000000000000000000 ) ) ;
#1018 = EDGE_LOOP ( 'NONE', ( #1534, #1286, #1995, #6401 ) ) ;
#1019 = AXIS2_PLACEMENT_3D ( 'NONE', #5628, #6237, #5661 ) ;
#1020 = LINE ( 'NONE', #3405, #2733 ) ;
#1021 = ADVANCED_FACE ( 'NONE', ( #1164 ), #3407, .F. ) ;
#1022 = DIRECTION ( 'NONE',  ( -0.000000000000000000, -0.000000000000000000, 1.000000000000000000 ) ) ;
#1023 = EDGE_CURVE ( 'NONE', #7383, #3228, #2839, .T. ) ;
#1024 = DIRECTION ( 'NONE',  ( 0.000000000000000000, 0.000000000000000000, -1.000000000000000000 ) ) ;
#1025 = CARTESIAN_POINT ( 'NONE',  ( 0.01190365910143580813, -0.01887447892542832087, 0.08799212598425197596 ) ) ;
#1026 = EDGE_LOOP ( 'NONE', ( #3588, #80, #3458, #244 ) ) ;
#1027 = ADVANCED_FACE ( 'NONE', ( #2260 ), #4569, .F. ) ;
#1028 = EDGE_LOOP ( 'NONE', ( #1830, #6582, #1613, #2394 ) ) ;
#1029 = ORIENTED_EDGE ( 'NONE', *, *, #4079, .T. ) ;
#1030 = ADVANCED_FACE ( 'NONE', ( #2873 ), #2198, .T. ) ;
#1031 = EDGE_CURVE ( 'NONE', #7420, #3899, #574, .T. ) ;
#1032 = EDGE_CURVE ( 'NONE', #1413, #1401, #5034, .T. ) ;
#1033 = DIRECTION ( 'NONE',  ( 0.000000000000000000, 1.224606353822379970E-16, -1.000000000000000000 ) ) ;
#1034 = DIRECTION ( 'NONE',  ( -1.000000000000000000, -0.000000000000000000, -0.000000000000000000 ) ) ;
#1035 = LINE ( 'NONE', #5082, #3137 ) ;
#1036 = ORIENTED_EDGE ( 'NONE', *, *, #6921, .F. ) ;
#1037 = ORIENTED_EDGE ( 'NONE', *, *, #7277, .T. ) ;
#1038 = DIRECTION ( 'NONE',  ( 0.000000000000000000, 1.000000000000000000, 1.224606353822379970E-16 ) ) ;
#1039 = ORIENTED_EDGE ( 'NONE', *, *, #5893, .T. ) ;
#1040 = CARTESIAN_POINT ( 'NONE',  ( 0.006692913385826772428, -0.02165354330708653754, 0.06633858267716535861 ) ) ;
#1041 = PLANE ( 'NONE',  #2515 ) ;
#1042 = AXIS2_PLACEMENT_3D ( 'NONE', #33, #5162, #4061 ) ;
#1043 = DIRECTION ( 'NONE',  ( -1.000000000000000000, 0.000000000000000000, 0.000000000000000000 ) ) ;
#1044 = LINE ( 'NONE', #7434, #1439 ) ;
#1045 = FACE_OUTER_BOUND ( 'NONE', #6127, .T. ) ;
#1046 = CARTESIAN_POINT ( 'NONE',  ( -0.07007874015748032093, -0.02559055118110228552, 0.04074803149606298636 ) ) ;
#1047 = ORIENTED_EDGE ( 'NONE', *, *, #2846, .T. ) ;
#1048 = LINE ( 'NONE', #2191, #759 ) ;
#1049 = AXIS2_PLACEMENT_3D ( 'NONE', #3282, #1071, #1002 ) ;
#1050 = ORIENTED_EDGE ( 'NONE', *, *, #6921, .T. ) ;
#1051 = ORIENTED_EDGE ( 'NONE', *, *, #2351, .T. ) ;
#1052 = CARTESIAN_POINT ( 'NONE',  ( -0.06181102362204724671, 0.01929133858267747734, 0.1983179640278689149 ) ) ;
#1053 = CARTESIAN_POINT ( 'NONE',  ( 0.01456692913385826751, -0.01968503937007866356, 0.1037401574803149540 ) ) ;
#1054 = VECTOR ( 'NONE', #4004, 39.37007874015748143 ) ;
#1055 = VERTEX_POINT ( 'NONE', #6435 ) ;
#1056 = CARTESIAN_POINT ( 'NONE',  ( 0.006692913385826772428, -0.01968503937007860805, 0.000000000000000000 ) ) ;
#1057 = CARTESIAN_POINT ( 'NONE',  ( -0.07401574803149606196, -0.02165354330708653754, 0.03484251968503937480 ) ) ;
#1058 = EDGE_CURVE ( 'NONE', #2878, #6725, #3518, .T. ) ;
#1059 = ADVANCED_FACE ( 'NONE', ( #6960 ), #4234, .T. ) ;
#1060 = AXIS2_PLACEMENT_3D ( 'NONE', #1731, #3468, #5771 ) ;
#1061 = AXIS2_PLACEMENT_3D ( 'NONE', #6129, #3188, #1441 ) ;
#1062 = ORIENTED_EDGE ( 'NONE', *, *, #6315, .F. ) ;
#1063 = FACE_OUTER_BOUND ( 'NONE', #7089, .T. ) ;
#1064 = VECTOR ( 'NONE', #3594, 39.37007874015748143 ) ;
#1065 = ADVANCED_FACE ( 'NONE', ( #83 ), #4719, .F. ) ;
#1066 = CARTESIAN_POINT ( 'NONE',  ( 0.006692913385826772428, -0.02165354330708653754, 0.08208661417322835052 ) ) ;
#1067 = EDGE_CURVE ( 'NONE', #6375, #6686, #2335, .T. ) ;
#1068 = ORIENTED_EDGE ( 'NONE', *, *, #6540, .F. ) ;
#1069 = VECTOR ( 'NONE', #5539, 39.37007874015748143 ) ;
#1070 = ORIENTED_EDGE ( 'NONE', *, *, #6451, .T. ) ;
#1071 = DIRECTION ( 'NONE',  ( 0.000000000000000000, 1.224606353822379970E-16, -1.000000000000000000 ) ) ;
#1072 = CARTESIAN_POINT ( 'NONE',  ( -0.07007874015748032093, -0.01968503937007873988, 0.05649606299212600602 ) ) ;
#1073 = DIRECTION ( 'NONE',  ( 0.000000000000000000, 0.000000000000000000, -1.000000000000000000 ) ) ;
#1074 = EDGE_LOOP ( 'NONE', ( #3936, #1255, #4461, #3231 ) ) ;
#1075 = ORIENTED_EDGE ( 'NONE', *, *, #6208, .F. ) ;
#1076 = CARTESIAN_POINT ( 'NONE',  ( -0.09212598425196863450, -0.02559055118110226817, 0.04074803149606298636 ) ) ;
#1077 = STYLED_ITEM ( 'NONE', ( #1709 ), #2792 ) ;
#1078 = DIRECTION ( 'NONE',  ( -0.000000000000000000, -1.224606353822379970E-16, 1.000000000000000000 ) ) ;
#1079 = EDGE_CURVE ( 'NONE', #4207, #6258, #2958, .T. ) ;
#1080 = COLOUR_RGB ( '',0.6470588235294117974, 0.5176470588235293491, 0.000000000000000000 ) ;
#1081 = FACE_OUTER_BOUND ( 'NONE', #201, .T. ) ;
#1082 = CARTESIAN_POINT ( 'NONE',  ( 0.002755905511811070855, -0.01968503937007862192, 0.06633858267716535861 ) ) ;
#1083 = CARTESIAN_POINT ( 'NONE',  ( -0.07007874015748030705, 0.01732283464566928069, 0.02992125984251968809 ) ) ;
#1084 = CARTESIAN_POINT ( 'NONE',  ( 0.002755905511811056110, -0.01574803149606291558, 0.08208661417322835052 ) ) ;
#1085 = ORIENTED_EDGE ( 'NONE', *, *, #75, .F. ) ;
#1086 = DIRECTION ( 'NONE',  ( -0.000000000000000000, -1.224606353822379970E-16, 1.000000000000000000 ) ) ;
#1087 = EDGE_CURVE ( 'NONE', #5743, #303, #5295, .T. ) ;
#1088 = VECTOR ( 'NONE', #6241, 39.37007874015748143 ) ;
#1089 = VERTEX_POINT ( 'NONE', #4073 ) ;
#1090 = ORIENTED_EDGE ( 'NONE', *, *, #4177, .T. ) ;
#1091 = DIRECTION ( 'NONE',  ( 3.471251693045447857E-15, -0.9851275630313903742, -0.1718245749473394368 ) ) ;
#1092 = LINE ( 'NONE', #1596, #1054 ) ;
#1094 = AXIS2_PLACEMENT_3D ( 'NONE', #7068, #3065, #5485 ) ;
#1093 = CARTESIAN_POINT ( 'NONE',  ( 0.008429828624363132697, -0.02072718851320048267, 0.09035433070866143168 ) ) ;
#1095 = ORIENTED_EDGE ( 'NONE', *, *, #5641, .T. ) ;
#1096 = CYLINDRICAL_SURFACE ( 'NONE', #491, 0.005905511811023620231 ) ;
#1097 = CARTESIAN_POINT ( 'NONE',  ( -0.1171317238735696958, -0.01377952755905503986, 0.08208661417322835052 ) ) ;
#1098 = VECTOR ( 'NONE', #6999, 39.37007874015748143 ) ;
#1099 = ORIENTED_EDGE ( 'NONE', *, *, #7282, .T. ) ;
#1100 = CARTESIAN_POINT ( 'NONE',  ( 0.008429828624363132697, -0.02072718851320048267, 0.02736220472440945017 ) ) ;
#1101 = DIRECTION ( 'NONE',  ( 4.350675744370770171E-31, -1.545670522905158356E-45, 1.000000000000000000 ) ) ;
#1102 = VECTOR ( 'NONE', #1017, 39.37007874015748143 ) ;
#1103 = ORIENTED_EDGE ( 'NONE', *, *, #7234, .F. ) ;
#1104 = COLOUR_RGB ( '',0.6470588235294117974, 0.5176470588235293491, 0.000000000000000000 ) ;
#1105 = VERTEX_POINT ( 'NONE', #610 ) ;
#1106 = DIRECTION ( 'NONE',  ( 0.000000000000000000, 0.000000000000000000, 1.000000000000000000 ) ) ;
#1107 = ADVANCED_FACE ( 'NONE', ( #6512 ), #6393, .T. ) ;
#1108 = DIRECTION ( 'NONE',  ( -0.000000000000000000, -1.224606353822379970E-16, 1.000000000000000000 ) ) ;
#1109 = EDGE_CURVE ( 'NONE', #1911, #5234, #3074, .T. ) ;
#1110 = DIRECTION ( 'NONE',  ( 1.000000000000000000, 0.000000000000000000, 0.000000000000000000 ) ) ;
#1111 = ORIENTED_EDGE ( 'NONE', *, *, #6639, .F. ) ;
#1112 = EDGE_LOOP ( 'NONE', ( #2315, #225, #25, #3110 ) ) ;
#1113 = DIRECTION ( 'NONE',  ( 0.000000000000000000, 0.000000000000000000, 1.000000000000000000 ) ) ;
#1114 = AXIS2_PLACEMENT_3D ( 'NONE', #4736, #7085, #7124 ) ;
#1115 = CARTESIAN_POINT ( 'NONE',  ( 0.04980888922789999951, -0.02165354330708653754, 0.08799212598425197596 ) ) ;
#1116 = CARTESIAN_POINT ( 'NONE',  ( 0.04980888922789999951, -0.02559055118110224736, 0.02500000000000000139 ) ) ;
#1117 = AXIS2_PLACEMENT_3D ( 'NONE', #4101, #1150, #1230 ) ;
#1118 = CARTESIAN_POINT ( 'NONE',  ( 0.01456692913385826925, -0.02559055118110228552, 0.06633858267716535861 ) ) ;
#1119 = ADVANCED_FACE ( 'NONE', ( #5256 ), #5380, .F. ) ;
#1120 = CARTESIAN_POINT ( 'NONE',  ( 0.006692913385826772428, -0.01574803149606291558, 0.08208661417322835052 ) ) ;
#1121 = CARTESIAN_POINT ( 'NONE',  ( -0.01141732283464569515, 0.01141732283464573158, 0.02066471342245011777 ) ) ;
#1122 = CARTESIAN_POINT ( 'NONE',  ( -0.01791338582677174524, 0.01929133858267730733, 0.1232283464566928943 ) ) ;
#1123 = DIRECTION ( 'NONE',  ( 0.000000000000000000, 0.000000000000000000, 1.000000000000000000 ) ) ;
#1124 = EDGE_LOOP ( 'NONE', ( #2353, #1473, #7245, #3410 ) ) ;
#1125 = ORIENTED_EDGE ( 'NONE', *, *, #1171, .T. ) ;
#1126 = DIRECTION ( 'NONE',  ( 0.000000000000000000, 1.224606353822379970E-16, -1.000000000000000000 ) ) ;
#1127 = ADVANCED_FACE ( 'NONE', ( #6473 ), #196, .T. ) ;
#1128 = VECTOR ( 'NONE', #4521, 39.37007874015748854 ) ;
#1129 = CARTESIAN_POINT ( 'NONE',  ( -0.01257831730010488570, -0.01456692913385819292, 0.02598149453078359844 ) ) ;
#1130 = CYLINDRICAL_SURFACE ( 'NONE', #1604, 0.002362204724409448786 ) ;
#1131 = ORIENTED_EDGE ( 'NONE', *, *, #2509, .F. ) ;
#1132 = DIRECTION ( 'NONE',  ( 1.000000000000000000, 8.202091352894185491E-17, 4.702532375659349745E-16 ) ) ;
#1133 = CARTESIAN_POINT ( 'NONE',  ( 0.01456692913385826751, -0.01968503937007866356, 0.04311023622047244208 ) ) ;
#1134 = VECTOR ( 'NONE', #2526, 39.37007874015748143 ) ;
#1135 = ORIENTED_EDGE ( 'NONE', *, *, #3120, .T. ) ;
#1136 = LINE ( 'NONE', #5112, #2702 ) ;
#1137 = DIRECTION ( 'NONE',  ( 0.000000000000000000, 0.9851275630313905962, 0.1718245749473387707 ) ) ;
#1138 = LINE ( 'NONE', #1639, #2935 ) ;
#1139 = VERTEX_POINT ( 'NONE', #2914 ) ;
#1140 = CLOSED_SHELL ( 'NONE', ( #3937, #1107, #2420, #2349, #726, #4287, #457, #3895, #3628, #3664, #6218, #4921, #725, #6432 ) ) ;
#1141 = ORIENTED_EDGE ( 'NONE', *, *, #5135, .F. ) ;
#1142 = DIRECTION ( 'NONE',  ( 0.000000000000000000, 1.000000000000000000, 0.000000000000000000 ) ) ;
#1143 = ORIENTED_EDGE ( 'NONE', *, *, #6110, .T. ) ;
#1144 = CARTESIAN_POINT ( 'NONE',  ( -0.1171317238735696958, -0.02165354330708653754, 0.09783464566929132855 ) ) ;
#1145 = DIRECTION ( 'NONE',  ( -0.7071067811865450192, -0.7071067811865500152, 0.000000000000000000 ) ) ;
#1146 = ORIENTED_EDGE ( 'NONE', *, *, #1079, .T. ) ;
#1147 = ORIENTED_EDGE ( 'NONE', *, *, #3663, .F. ) ;
#1148 = PLANE ( 'NONE',  #1343 ) ;
#1149 = EDGE_CURVE ( 'NONE', #774, #1276, #3630, .T. ) ;
#1150 = DIRECTION ( 'NONE',  ( -0.000000000000000000, -0.000000000000000000, 1.000000000000000000 ) ) ;
#1151 = EDGE_CURVE ( 'NONE', #1676, #681, #3557, .T. ) ;
#1152 = DIRECTION ( 'NONE',  ( 0.000000000000000000, 0.000000000000000000, -1.000000000000000000 ) ) ;
#1153 = DIRECTION ( 'NONE',  ( 1.000000000000000000, 0.000000000000000000, 0.000000000000000000 ) ) ;
#1154 = DIRECTION ( 'NONE',  ( -1.000000000000000000, 0.000000000000000000, -0.000000000000000000 ) ) ;
#1155 = DIMENSIONAL_EXPONENTS ( 1.000000000000000000, 0.000000000000000000, 0.000000000000000000, 0.000000000000000000, 0.000000000000000000, 0.000000000000000000, 0.000000000000000000 ) ;
#1156 = DIRECTION ( 'NONE',  ( 0.000000000000000000, 0.000000000000000000, 1.000000000000000000 ) ) ;
#1157 = CARTESIAN_POINT ( 'NONE',  ( 0.006692913385826772428, -0.02165354330708653754, 0.02500000000000000139 ) ) ;
#1158 = ORIENTED_EDGE ( 'NONE', *, *, #6251, .T. ) ;
#1159 = LINE ( 'NONE', #2991, #637 ) ;
#1160 = EDGE_CURVE ( 'NONE', #6761, #5076, #6864, .T. ) ;
#1161 = VERTEX_POINT ( 'NONE', #768 ) ;
#1162 = DIRECTION ( 'NONE',  ( 0.000000000000000000, 1.224606353822379970E-16, -1.000000000000000000 ) ) ;
#1163 = LINE ( 'NONE', #2763, #431 ) ;
#1164 = FACE_OUTER_BOUND ( 'NONE', #3450, .T. ) ;
#1165 = LINE ( 'NONE', #5782, #6569 ) ;
#1166 = ORIENTED_EDGE ( 'NONE', *, *, #4360, .F. ) ;
#1167 = CARTESIAN_POINT ( 'NONE',  ( -0.005511811023622117424, 0.01929133858267725876, 0.1232283464566929221 ) ) ;
#1168 = FACE_OUTER_BOUND ( 'NONE', #5226, .T. ) ;
#1169 = ADVANCED_FACE ( 'NONE', ( #2457 ), #4766, .T. ) ;
#1170 = EDGE_CURVE ( 'NONE', #6177, #7161, #2494, .T. ) ;
#1171 = EDGE_CURVE ( 'NONE', #1449, #4640, #5781, .T. ) ;
#1172 = CARTESIAN_POINT ( 'NONE',  ( 0.01283001389532193066, -0.02061139416396472537, 0.03484251968503937480 ) ) ;
#1173 = ORIENTED_EDGE ( 'NONE', *, *, #1402, .F. ) ;
#1174 = AXIS2_PLACEMENT_3D ( 'NONE', #5560, #5455, #4278 ) ;
#1175 = CYLINDRICAL_SURFACE ( 'NONE', #2585, 0.005905511811023621965 ) ;
#1176 = AXIS2_PLACEMENT_3D ( 'NONE', #6238, #1691, #5701 ) ;
#1177 = LINE ( 'NONE', #3495, #525 ) ;
#1178 = ORIENTED_EDGE ( 'NONE', *, *, #4133, .F. ) ;
#1179 = ORIENTED_EDGE ( 'NONE', *, *, #7377, .F. ) ;
#1180 = ORIENTED_EDGE ( 'NONE', *, *, #3860, .T. ) ;
#1181 = VECTOR ( 'NONE', #1382, 39.37007874015748143 ) ;
#1182 = ORIENTED_EDGE ( 'NONE', *, *, #1023, .T. ) ;
#1183 = LINE ( 'NONE', #4170, #847 ) ;
#1184 = VERTEX_POINT ( 'NONE', #845 ) ;
#1185 = VERTEX_POINT ( 'NONE', #391 ) ;
#1186 = DIRECTION ( 'NONE',  ( 0.4705882352940230495, 0.8823529411765209662, 0.000000000000000000 ) ) ;
#1187 = AXIS2_PLACEMENT_3D ( 'NONE', #7229, #4155, #3297 ) ;
#1188 = CARTESIAN_POINT ( 'NONE',  ( -0.01141732283464566740, -0.01220472440944873546, 0.1137978392235854258 ) ) ;
#1189 = LINE ( 'NONE', #5810, #6968 ) ;
#1190 = CARTESIAN_POINT ( 'NONE',  ( -0.01165885201768298261, -0.01379395456724698092, 0.1135206479169925814 ) ) ;
#1191 = CARTESIAN_POINT ( 'NONE',  ( -0.1171317238735696958, -0.01574803149606291558, 0.01909448818897637595 ) ) ;
#1192 = AXIS2_PLACEMENT_3D ( 'NONE', #1996, #2555, #5996 ) ;
#1193 = CARTESIAN_POINT ( 'NONE',  ( -0.09212598425196863450, -0.02559055118110226817, 0.07224409448818898405 ) ) ;
#1194 = ORIENTED_EDGE ( 'NONE', *, *, #4675, .T. ) ;
#1195 = CARTESIAN_POINT ( 'NONE',  ( 0.04980888922789999951, -0.02165354330708653754, 0.02500000000000000139 ) ) ;
#1196 = AXIS2_PLACEMENT_3D ( 'NONE', #3794, #1455, #5391 ) ;
#1197 = ORIENTED_EDGE ( 'NONE', *, *, #1637, .F. ) ;
#1198 = CARTESIAN_POINT ( 'NONE',  ( -0.07007874015748032093, -0.01968503937007873988, 0.06633858267716534474 ) ) ;
#1199 = DIRECTION ( 'NONE',  ( 0.000000000000000000, -1.000000000000000000, -1.224606353822379970E-16 ) ) ;
#1200 = DIRECTION ( 'NONE',  ( 0.000000000000000000, -1.000000000000000000, -1.224606353822379970E-16 ) ) ;
#1201 = DIRECTION ( 'NONE',  ( 0.4705882352941318514, -0.8823529411764629016, 0.000000000000000000 ) ) ;
#1202 = ADVANCED_FACE ( 'NONE', ( #806 ), #6056, .F. ) ;
#1203 = ADVANCED_FACE ( 'NONE', ( #6628 ), #2577, .F. ) ;
#1204 = ORIENTED_EDGE ( 'NONE', *, *, #4058, .T. ) ;
#1205 = LINE ( 'NONE', #1704, #6897 ) ;
#1206 = VECTOR ( 'NONE', #1366, 39.37007874015748143 ) ;
#1207 = DIRECTION ( 'NONE',  ( 0.000000000000000000, 1.000000000000000000, -0.000000000000000000 ) ) ;
#1208 = LINE ( 'NONE', #3525, #4341 ) ;
#1209 = VECTOR ( 'NONE', #2280, 39.37007874015748143 ) ;
#1210 = ORIENTED_EDGE ( 'NONE', *, *, #1417, .T. ) ;
#1211 = LINE ( 'NONE', #3006, #50 ) ;
#1212 = ADVANCED_FACE ( 'NONE', ( #882 ), #2610, .F. ) ;
#1213 = CARTESIAN_POINT ( 'NONE',  ( 0.006692913385826772428, -0.01968503937007860805, 0.000000000000000000 ) ) ;
#1214 = VECTOR ( 'NONE', #3690, 39.37007874015748143 ) ;
#1215 =( CONVERSION_BASED_UNIT ( 'INCH', #57 ) LENGTH_UNIT ( ) NAMED_UNIT ( #4010 ) );
#1216 = ORIENTED_EDGE ( 'NONE', *, *, #1170, .T. ) ;
#1217 = ORIENTED_EDGE ( 'NONE', *, *, #3761, .F. ) ;
#1218 = ORIENTED_EDGE ( 'NONE', *, *, #773, .F. ) ;
#1219 = AXIS2_PLACEMENT_3D ( 'NONE', #7362, #4387, #3356 ) ;
#1220 = AXIS2_PLACEMENT_3D ( 'NONE', #4067, #6387, #156 ) ;
#1221 = VERTEX_POINT ( 'NONE', #6595 ) ;
#1222 = ADVANCED_FACE ( 'NONE', ( #320 ), #3817, .T. ) ;
#1223 = CARTESIAN_POINT ( 'NONE',  ( -0.07575266327003259137, -0.02072718851320056940, 0.1194881889763779736 ) ) ;
#1224 = VERTEX_POINT ( 'NONE', #1406 ) ;
#1225 = ORIENTED_EDGE ( 'NONE', *, *, #1032, .F. ) ;
#1226 = ORIENTED_EDGE ( 'NONE', *, *, #1855, .F. ) ;
#1227 = DIRECTION ( 'NONE',  ( 0.000000000000000000, 1.224606353822379970E-16, -1.000000000000000000 ) ) ;
#1228 = PRESENTATION_LAYER_ASSIGNMENT (  '', '', ( #4731 ) ) ;
#1229 = CIRCLE ( 'NONE', #5468, 0.001968503937007874856 ) ;
#1230 = DIRECTION ( 'NONE',  ( -1.000000000000000000, -7.228014483236696555E-16, 0.000000000000000000 ) ) ;
#1231 = CARTESIAN_POINT ( 'NONE',  ( -0.1171317238735696958, -0.02165354330708653754, 0.03484251968503937480 ) ) ;
#1232 = DIRECTION ( 'NONE',  ( -0.000000000000000000, 1.000000000000000000, 1.224606353822379970E-16 ) ) ;
#1233 = DIRECTION ( 'NONE',  ( -0.000000000000000000, -1.224606353822379970E-16, 1.000000000000000000 ) ) ;
#1234 = AXIS2_PLACEMENT_3D ( 'NONE', #1066, #3380, #5684 ) ;
#1235 = DIRECTION ( 'NONE',  ( 0.000000000000000000, 0.000000000000000000, -1.000000000000000000 ) ) ;
#1236 = VERTEX_POINT ( 'NONE', #947 ) ;
#1237 = CARTESIAN_POINT ( 'NONE',  ( -0.07401574803149606196, -0.02165354330708653754, 0.03484251968503937480 ) ) ;
#1238 = VERTEX_POINT ( 'NONE', #3190 ) ;
#1239 = AXIS2_PLACEMENT_3D ( 'NONE', #3281, #6329, #3415 ) ;
#1240 = ORIENTED_EDGE ( 'NONE', *, *, #6122, .T. ) ;
#1241 = DIRECTION ( 'NONE',  ( 1.000000000000000000, 3.552713678800500140E-15, 0.000000000000000000 ) ) ;
#1242 = DIRECTION ( 'NONE',  ( -0.000000000000000000, -0.000000000000000000, 1.000000000000000000 ) ) ;
#1243 = CARTESIAN_POINT ( 'NONE',  ( 0.008429828624363151779, -0.02072718851320047226, 0.09783464566929132855 ) ) ;
#1244 = CARTESIAN_POINT ( 'NONE',  ( 0.008429828624363151779, -0.02072718851320047226, 0.01909448818897637595 ) ) ;
#1246 = DIRECTION ( 'NONE',  ( -0.000000000000000000, -1.224606353822379970E-16, 1.000000000000000000 ) ) ;
#1245 = VECTOR ( 'NONE', #3563, 39.37007874015748143 ) ;
#1247 = CARTESIAN_POINT ( 'NONE',  ( -0.1171317238735696958, -0.02165354330708653754, 0.08208661417322835052 ) ) ;
#1248 = ADVANCED_FACE ( 'NONE', ( #5489 ), #3705, .T. ) ;
#1249 = CARTESIAN_POINT ( 'NONE',  ( 0.02480314960629933368, -0.03007883464566929108, 0.1289276022349381823 ) ) ;
#1250 = CIRCLE ( 'NONE', #5975, 0.001968503937007874856 ) ;
#1251 = EDGE_LOOP ( 'NONE', ( #5882, #5136, #7466, #5968 ) ) ;
#1252 = DIRECTION ( 'NONE',  ( -0.4705882352941318514, 0.8823529411764629016, 0.000000000000000000 ) ) ;
#1253 = VECTOR ( 'NONE', #3284, 39.37007874015748143 ) ;
#1254 = DIRECTION ( 'NONE',  ( -1.000000000000000000, 0.000000000000000000, -0.000000000000000000 ) ) ;
#1255 = ORIENTED_EDGE ( 'NONE', *, *, #1411, .T. ) ;
#1256 = ORIENTED_EDGE ( 'NONE', *, *, #994, .T. ) ;
#1257 = EDGE_CURVE ( 'NONE', #6199, #467, #4353, .T. ) ;
#1258 = ORIENTED_EDGE ( 'NONE', *, *, #3769, .F. ) ;
#1259 = ORIENTED_EDGE ( 'NONE', *, *, #3724, .F. ) ;
#1260 = CARTESIAN_POINT ( 'NONE',  ( -0.09212598425196889818, -0.03007883464566929108, 0.03443941325856019614 ) ) ;
#1261 = DIRECTION ( 'NONE',  ( 0.000000000000000000, 1.224606353822379970E-16, -1.000000000000000000 ) ) ;
#1262 = VERTEX_POINT ( 'NONE', #277 ) ;
#1263 = LINE ( 'NONE', #3575, #508 ) ;
#1264 = DIRECTION ( 'NONE',  ( 1.000000000000000000, 3.714925613834969786E-15, -0.000000000000000000 ) ) ;
#1265 = EDGE_CURVE ( 'NONE', #1510, #5181, #4883, .T. ) ;
#1266 = EDGE_CURVE ( 'NONE', #852, #2089, #238, .T. ) ;
#1267 = EDGE_CURVE ( 'NONE', #4815, #756, #2537, .T. ) ;
#1268 = LINE ( 'NONE', #3466, #1728 ) ;
#1269 =( NAMED_UNIT ( * ) PLANE_ANGLE_UNIT ( ) SI_UNIT ( $, .RADIAN. ) );
#1270 = CARTESIAN_POINT ( 'NONE',  ( 0.01456692913385826751, -0.01968503937007866356, 0.02736220472440945017 ) ) ;
#1271 = LINE ( 'NONE', #3581, #3725 ) ;
#1272 = ORIENTED_EDGE ( 'NONE', *, *, #3202, .F. ) ;
#1273 = DIRECTION ( 'NONE',  ( 0.000000000000000000, 1.000000000000000000, 0.000000000000000000 ) ) ;
#1274 = ORIENTED_EDGE ( 'NONE', *, *, #4575, .F. ) ;
#1275 = LINE ( 'NONE', #4034, #5944 ) ;
#1276 = VERTEX_POINT ( 'NONE', #3224 ) ;
#1277 = VERTEX_POINT ( 'NONE', #7266 ) ;
#1278 = CARTESIAN_POINT ( 'NONE',  ( -0.09030577617711772753, -0.02165354330708653754, 0.1061023622047244097 ) ) ;
#1279 = LINE ( 'NONE', #5780, #5004 ) ;
#1280 = CARTESIAN_POINT ( 'NONE',  ( 0.01456692913385826751, -0.02165354330708653754, 0.1218503937007874155 ) ) ;
#1281 = DIRECTION ( 'NONE',  ( 1.000000000000000000, 0.000000000000000000, 0.000000000000000000 ) ) ;
#1282 = CLOSED_SHELL ( 'NONE', ( #569, #55, #3033, #2988, #250, #5742, #6021, #441, #3781, #2579, #6343, #6484, #31, #5346 ) ) ;
#1283 = DIRECTION ( 'NONE',  ( 0.4705882352941179736, -0.8823529411764702290, 0.000000000000000000 ) ) ;
#1284 = FACE_OUTER_BOUND ( 'NONE', #5397, .T. ) ;
#1285 = CARTESIAN_POINT ( 'NONE',  ( -0.04940944881889763191, 0.01141732283464562923, 0.1232283464566929221 ) ) ;
#1286 = ORIENTED_EDGE ( 'NONE', *, *, #1067, .T. ) ;
#1287 = CARTESIAN_POINT ( 'NONE',  ( -0.09212598425196889818, -0.01377952755905503986, 0.06633858267716535861 ) ) ;
#1288 = DIRECTION ( 'NONE',  ( -0.4705882352941318514, 0.8823529411764629016, 0.000000000000000000 ) ) ;
#1289 = VECTOR ( 'NONE', #1718, 39.37007874015748143 ) ;
#1290 = FILL_AREA_STYLE ('',( #4732 ) ) ;
#1291 = EDGE_CURVE ( 'NONE', #3562, #6747, #5979, .T. ) ;
#1292 = EDGE_CURVE ( 'NONE', #2350, #2932, #3243, .T. ) ;
#1293 = CARTESIAN_POINT ( 'NONE',  ( -0.04940944881889763191, 0.01929133858267742876, 0.1983179640278689149 ) ) ;
#1294 = ORIENTED_EDGE ( 'NONE', *, *, #3432, .F. ) ;
#1295 = VECTOR ( 'NONE', #916, 39.37007874015748143 ) ;
#1296 = VERTEX_POINT ( 'NONE', #7152 ) ;
#1297 = ORIENTED_EDGE ( 'NONE', *, *, #1782, .F. ) ;
#1298 = DIRECTION ( 'NONE',  ( 0.000000000000000000, 0.000000000000000000, -1.000000000000000000 ) ) ;
#1299 = ORIENTED_EDGE ( 'NONE', *, *, #1515, .F. ) ;
#1300 = LINE ( 'NONE', #4784, #2887 ) ;
#1301 = VECTOR ( 'NONE', #268, 39.37007874015748143 ) ;
#1302 = ADVANCED_FACE ( 'NONE', ( #1519 ), #352, .F. ) ;
#1303 = EDGE_CURVE ( 'NONE', #2131, #5615, #6705, .T. ) ;
#1304 = CARTESIAN_POINT ( 'NONE',  ( -0.1171317238735696958, -0.01574803149606291558, 0.05649606299212599214 ) ) ;
#1305 = FILL_AREA_STYLE_COLOUR ( '', #6917 ) ;
#1306 = CIRCLE ( 'NONE', #2042, 0.001968503937007874856 ) ;
#1307 = PLANE ( 'NONE',  #5602 ) ;
#1308 = CARTESIAN_POINT ( 'NONE',  ( -0.07007874015748032093, -0.02559055118110228552, 0.08799212598425197596 ) ) ;
#1309 = CARTESIAN_POINT ( 'NONE',  ( -0.07922649374710502568, -0.01887447892542818556, 0.02500000000000000139 ) ) ;
#1310 = FACE_OUTER_BOUND ( 'NONE', #2820, .T. ) ;
#1311 = ORIENTED_EDGE ( 'NONE', *, *, #1580, .T. ) ;
#1312 = EDGE_CURVE ( 'NONE', #6938, #552, #3668, .T. ) ;
#1313 = FACE_OUTER_BOUND ( 'NONE', #3540, .T. ) ;
#1314 = ORIENTED_EDGE ( 'NONE', *, *, #1687, .F. ) ;
#1315 = EDGE_CURVE ( 'NONE', #4076, #2436, #5129, .T. ) ;
#1316 = VECTOR ( 'NONE', #167, 39.37007874015748143 ) ;
#1317 = CARTESIAN_POINT ( 'NONE',  ( 0.01190365910143580813, -0.01887447892542832087, 0.04074803149606298636 ) ) ;
#1318 = ORIENTED_EDGE ( 'NONE', *, *, #6482, .T. ) ;
#1319 = ORIENTED_EDGE ( 'NONE', *, *, #5506, .T. ) ;
#1320 = FACE_OUTER_BOUND ( 'NONE', #4737, .T. ) ;
#1321 = CIRCLE ( 'NONE', #4816, 0.001968503937007874856 ) ;
#1322 = CARTESIAN_POINT ( 'NONE',  ( -0.08188976377952757180, -0.01968503937007866356, 0.05059055118110235977 ) ) ;
#1323 = DIRECTION ( 'NONE',  ( 0.000000000000000000, -0.000000000000000000, -1.000000000000000000 ) ) ;
#1324 = CARTESIAN_POINT ( 'NONE',  ( -0.07401574803149606196, -0.01574803149606291558, 0.1218503937007874155 ) ) ;
#1325 = EDGE_CURVE ( 'NONE', #5106, #297, #429, .T. ) ;
#1326 = CARTESIAN_POINT ( 'NONE',  ( 0.006692913385826768091, -0.01968503937007860805, 0.1135826771653543343 ) ) ;
#1327 = DIRECTION ( 'NONE',  ( -0.000000000000000000, 0.000000000000000000, 1.000000000000000000 ) ) ;
#1328 = CARTESIAN_POINT ( 'NONE',  ( -0.07401574803149606196, -0.01968503937007873988, -0.2362204724409449064 ) ) ;
#1329 = VERTEX_POINT ( 'NONE', #3360 ) ;
#1330 = DIRECTION ( 'NONE',  ( 0.000000000000000000, 0.000000000000000000, -1.000000000000000000 ) ) ;
#1331 = DIRECTION ( 'NONE',  ( 0.000000000000000000, 0.000000000000000000, 1.000000000000000000 ) ) ;
#1332 = VECTOR ( 'NONE', #993, 39.37007874015748143 ) ;
#1333 = FACE_OUTER_BOUND ( 'NONE', #7236, .T. ) ;
#1334 = MECHANICAL_DESIGN_GEOMETRIC_PRESENTATION_REPRESENTATION (  '', ( #4702 ), #6661 ) ;
#1335 = DIRECTION ( 'NONE',  ( -0.4705882352941007651, 0.8823529411764794439, 0.000000000000000000 ) ) ;
#1336 = VERTEX_POINT ( 'NONE', #2865 ) ;
#1337 = VECTOR ( 'NONE', #4156, 39.37007874015748143 ) ;
#1338 = ORIENTED_EDGE ( 'NONE', *, *, #4935, .T. ) ;
#1339 = ORIENTED_EDGE ( 'NONE', *, *, #1079, .F. ) ;
#1340 = LINE ( 'NONE', #4254, #6757 ) ;
#1341 = ORIENTED_EDGE ( 'NONE', *, *, #2651, .F. ) ;
#1342 = CARTESIAN_POINT ( 'NONE',  ( -0.03267716535433074637, 0.01830708661417322983, 0.0009842519685039369942 ) ) ;
#1343 = AXIS2_PLACEMENT_3D ( 'NONE', #5695, #2941, #4626 ) ;
#1344 = ORIENTED_EDGE ( 'NONE', *, *, #955, .F. ) ;
#1345 = CARTESIAN_POINT ( 'NONE',  ( -0.07922649374710502568, -0.01887447892542818556, 0.07224409448818898405 ) ) ;
#1346 = LINE ( 'NONE', #3172, #5213 ) ;
#1347 = VECTOR ( 'NONE', #4785, 39.37007874015748143 ) ;
#1348 = ADVANCED_FACE ( 'NONE', ( #7334 ), #563, .T. ) ;
#1349 = CARTESIAN_POINT ( 'NONE',  ( -0.05263880110148464603, 0.01929133858267743570, 0.1232283464566929221 ) ) ;
#1350 = CARTESIAN_POINT ( 'NONE',  ( 0.002755905511811070855, -0.01968503937007862192, 0.07224409448818898405 ) ) ;
#1351 = DIRECTION ( 'NONE',  ( -0.7071067811865475727, -2.512147933894037900E-15, 0.7071067811865475727 ) ) ;
#1352 = CARTESIAN_POINT ( 'NONE',  ( 0.04980888922789999951, -0.01574803149606291558, 0.05649606299212599214 ) ) ;
#1353 = ORIENTED_EDGE ( 'NONE', *, *, #3223, .T. ) ;
#1354 = ORIENTED_EDGE ( 'NONE', *, *, #6673, .T. ) ;
#1355 = PLANE ( 'NONE',  #1094 ) ;
#1356 = ORIENTED_EDGE ( 'NONE', *, *, #3022, .T. ) ;
#1357 = CIRCLE ( 'NONE', #4726, 0.005905511811023620231 ) ;
#1358 = CARTESIAN_POINT ( 'NONE',  ( -0.07401574803149606196, -0.02165354330708653754, 0.07460629921259842590 ) ) ;
#1359 = VERTEX_POINT ( 'NONE', #6169 ) ;
#1360 = ORIENTED_EDGE ( 'NONE', *, *, #1826, .F. ) ;
#1361 = EDGE_CURVE ( 'NONE', #3323, #4756, #2250, .T. ) ;
#1362 = FACE_OUTER_BOUND ( 'NONE', #6198, .T. ) ;
#1363 = DIRECTION ( 'NONE',  ( 0.000000000000000000, 0.000000000000000000, -1.000000000000000000 ) ) ;
#1364 = DIRECTION ( 'NONE',  ( -0.4705882352941007651, 0.8823529411764794439, 0.000000000000000000 ) ) ;
#1365 = DIRECTION ( 'NONE',  ( 1.000000000000000000, 3.552713678800500140E-15, 0.000000000000000000 ) ) ;
#1366 = DIRECTION ( 'NONE',  ( -0.000000000000000000, 1.000000000000000000, 0.000000000000000000 ) ) ;
#1367 = PLANE ( 'NONE',  #2195 ) ;
#1368 = CIRCLE ( 'NONE', #5594, 0.005905511811023621965 ) ;
#1369 = ORIENTED_EDGE ( 'NONE', *, *, #3605, .F. ) ;
#1370 = EDGE_CURVE ( 'NONE', #6302, #1837, #5026, .T. ) ;
#1371 = ORIENTED_EDGE ( 'NONE', *, *, #954, .F. ) ;
#1372 = CARTESIAN_POINT ( 'NONE',  ( -0.09212598425196850960, -0.02165354330708653754, 0.07224409448818898405 ) ) ;
#1373 = AXIS2_PLACEMENT_3D ( 'NONE', #4868, #903, #7255 ) ;
#1374 = CARTESIAN_POINT ( 'NONE',  ( -0.09212598425196889818, -0.03007883464566932924, 0.1289276022349381823 ) ) ;
#1375 = CARTESIAN_POINT ( 'NONE',  ( -0.08188976377952757180, -0.01968503937007866356, 0.09783464566929132855 ) ) ;
#1376 = ORIENTED_EDGE ( 'NONE', *, *, #5678, .T. ) ;
#1377 = FACE_OUTER_BOUND ( 'NONE', #6945, .T. ) ;
#1378 = VERTEX_POINT ( 'NONE', #3329 ) ;
#1379 = CIRCLE ( 'NONE', #2946, 0.005905511811023620231 ) ;
#1380 = ORIENTED_EDGE ( 'NONE', *, *, #4117, .F. ) ;
#1381 = ORIENTED_EDGE ( 'NONE', *, *, #6680, .T. ) ;
#1382 = DIRECTION ( 'NONE',  ( -0.000000000000000000, -1.224606353822379970E-16, 1.000000000000000000 ) ) ;
#1383 = VECTOR ( 'NONE', #5066, 39.37007874015748143 ) ;
#1384 = ORIENTED_EDGE ( 'NONE', *, *, #4505, .T. ) ;
#1385 = FILL_AREA_STYLE ('',( #333 ) ) ;
#1386 = VERTEX_POINT ( 'NONE', #1120 ) ;
#1387 = CARTESIAN_POINT ( 'NONE',  ( -0.07007874015748032093, -0.01574803149606291558, 0.1194881889763779875 ) ) ;
#1388 = DIRECTION ( 'NONE',  ( -0.000000000000000000, -1.000000000000000000, -1.224606353822379970E-16 ) ) ;
#1389 = AXIS2_PLACEMENT_3D ( 'NONE', #5596, #428, #2249 ) ;
#1390 = CARTESIAN_POINT ( 'NONE',  ( -0.07575266327003267464, -0.02072718851320047226, 0.1218503937007874155 ) ) ;
#1391 = LINE ( 'NONE', #1308, #1542 ) ;
#1392 = DIRECTION ( 'NONE',  ( -1.000000000000000000, -8.202091352894185491E-17, -4.702532375659349745E-16 ) ) ;
#1393 = PLANE ( 'NONE',  #5045 ) ;
#1394 = VERTEX_POINT ( 'NONE', #2150 ) ;
#1395 = ORIENTED_EDGE ( 'NONE', *, *, #2062, .T. ) ;
#1396 = FACE_OUTER_BOUND ( 'NONE', #1112, .T. ) ;
#1397 = ORIENTED_EDGE ( 'NONE', *, *, #5783, .T. ) ;
#1398 = ADVANCED_FACE ( 'NONE', ( #2287 ), #1012, .F. ) ;
#1399 = DIRECTION ( 'NONE',  ( 6.476300976980080477E-16, -1.000000000000000000, 0.000000000000000000 ) ) ;
#1400 = ADVANCED_FACE ( 'NONE', ( #5057 ), #7367, .T. ) ;
#1401 = VERTEX_POINT ( 'NONE', #6881 ) ;
#1402 = EDGE_CURVE ( 'NONE', #6090, #2350, #3922, .T. ) ;
#1403 = ORIENTED_EDGE ( 'NONE', *, *, #2707, .T. ) ;
#1404 = CARTESIAN_POINT ( 'NONE',  ( -0.07401574803149606196, -0.01574803149606291558, 0.1194881889763779736 ) ) ;
#1405 = CARTESIAN_POINT ( 'NONE',  ( -0.05474451734556436827, -0.01456692913385835078, 0.1126011826345706540 ) ) ;
#1406 = CARTESIAN_POINT ( 'NONE',  ( -0.01145245457551640270, -0.01261060923215897613, 0.02485563180619510676 ) ) ;
#1407 = VERTEX_POINT ( 'NONE', #6843 ) ;
#1408 = CARTESIAN_POINT ( 'NONE',  ( -0.06692913385826770867, -0.01968503937007873988, 0.0007874015748031119736 ) ) ;
#1409 = PLANE ( 'NONE',  #5196 ) ;
#1410 = CARTESIAN_POINT ( 'NONE',  ( 0.006692913385826772428, -0.01574803149606291558, 0.04311023622047244208 ) ) ;
#1411 = EDGE_CURVE ( 'NONE', #4908, #5032, #1044, .T. ) ;
#1412 = ORIENTED_EDGE ( 'NONE', *, *, #7232, .F. ) ;
#1413 = VERTEX_POINT ( 'NONE', #2218 ) ;
#1414 = CARTESIAN_POINT ( 'NONE',  ( -0.1171317238735696958, -0.02165354330708653754, 0.08799212598425197596 ) ) ;
#1415 = DIRECTION ( 'NONE',  ( 0.4705882352941179736, -0.8823529411764702290, 0.000000000000000000 ) ) ;
#1416 = DIRECTION ( 'NONE',  ( 0.000000000000000000, 1.224606353822379970E-16, -1.000000000000000000 ) ) ;
#1417 = EDGE_CURVE ( 'NONE', #6755, #6613, #1653, .T. ) ;
#1418 = EDGE_CURVE ( 'NONE', #425, #3674, #4200, .T. ) ;
#1419 = EDGE_CURVE ( 'NONE', #2395, #1872, #3295, .T. ) ;
#1420 = EDGE_LOOP ( 'NONE', ( #5917, #2668, #6213, #4529 ) ) ;
#1421 = AXIS2_PLACEMENT_3D ( 'NONE', #6983, #1152, #5245 ) ;
#1422 = DIRECTION ( 'NONE',  ( 0.000000000000000000, 1.000000000000000000, -0.000000000000000000 ) ) ;
#1423 = CARTESIAN_POINT ( 'NONE',  ( -0.09030577617711772753, -0.02165354330708653754, 0.1218503937007874155 ) ) ;
#1424 = ORIENTED_EDGE ( 'NONE', *, *, #4420, .F. ) ;
#1425 = DIRECTION ( 'NONE',  ( -5.084870673310913741E-17, 2.711931025765824031E-17, -1.000000000000000000 ) ) ;
#1426 = VECTOR ( 'NONE', #856, 39.37007874015748143 ) ;
#1427 = CARTESIAN_POINT ( 'NONE',  ( -0.09212598425196888430, -0.02559055118110228552, 0.1289276022349381823 ) ) ;
#1428 = ORIENTED_EDGE ( 'NONE', *, *, #7436, .F. ) ;
#1429 = FACE_OUTER_BOUND ( 'NONE', #604, .T. ) ;
#1430 = PLANE ( 'NONE',  #2626 ) ;
#1431 = CARTESIAN_POINT ( 'NONE',  ( 0.04980888922789999951, -0.02165354330708653754, 0.1037401574803149540 ) ) ;
#1432 = CARTESIAN_POINT ( 'NONE',  ( 0.002755905511811065217, -0.02559055118110228552, 0.08799212598425197596 ) ) ;
#1433 = ORIENTED_EDGE ( 'NONE', *, *, #773, .T. ) ;
#1434 = ORIENTED_EDGE ( 'NONE', *, *, #7038, .F. ) ;
#1435 = CARTESIAN_POINT ( 'NONE',  ( -0.07401574803149606196, -0.02165354330708653754, 0.1037401574803149540 ) ) ;
#1436 = EDGE_LOOP ( 'NONE', ( #4165, #1099, #2769, #2908 ) ) ;
#1437 = DIRECTION ( 'NONE',  ( -1.000000000000000000, 0.000000000000000000, -0.000000000000000000 ) ) ;
#1438 = ORIENTED_EDGE ( 'NONE', *, *, #2047, .F. ) ;
#1439 = VECTOR ( 'NONE', #4522, 39.37007874015748143 ) ;
#1440 = VECTOR ( 'NONE', #7024, 39.37007874015748854 ) ;
#1441 = DIRECTION ( 'NONE',  ( 0.000000000000000000, 1.000000000000000000, 0.000000000000000000 ) ) ;
#1442 = LINE ( 'NONE', #3745, #1615 ) ;
#1443 = DIRECTION ( 'NONE',  ( 0.000000000000000000, 1.224606353822379970E-16, -1.000000000000000000 ) ) ;
#1444 = CARTESIAN_POINT ( 'NONE',  ( 0.04980888922789999951, -0.01574803149606291558, 0.1037401574803149540 ) ) ;
#1445 = AXIS2_PLACEMENT_3D ( 'NONE', #1459, #6571, #7211 ) ;
#1446 = LINE ( 'NONE', #7230, #4838 ) ;
#1447 = DIRECTION ( 'NONE',  ( -0.000000000000000000, 0.000000000000000000, 1.000000000000000000 ) ) ;
#1448 = VECTOR ( 'NONE', #4767, 39.37007874015748143 ) ;
#1449 = VERTEX_POINT ( 'NONE', #2828 ) ;
#1450 = ORIENTED_EDGE ( 'NONE', *, *, #1537, .T. ) ;
#1451 = EDGE_CURVE ( 'NONE', #4092, #4183, #3994, .T. ) ;
#1452 = CARTESIAN_POINT ( 'NONE',  ( -0.07575266327003259137, -0.02072718851320056940, 0.05059055118110235977 ) ) ;
#1453 = ADVANCED_FACE ( 'NONE', ( #1551 ), #3852, .T. ) ;
#1454 = CARTESIAN_POINT ( 'NONE',  ( 0.008429828624363150044, -0.02072718851320049308, 0.07224409448818898405 ) ) ;
#1455 = DIRECTION ( 'NONE',  ( 0.8823529411764704511, 0.4705882352941180846, -0.000000000000000000 ) ) ;
#1456 = CIRCLE ( 'NONE', #3985, 0.005905511811023621965 ) ;
#1457 = ORIENTED_EDGE ( 'NONE', *, *, #3931, .T. ) ;
#1458 = EDGE_CURVE ( 'NONE', #1719, #6159, #6206, .T. ) ;
#1459 = CARTESIAN_POINT ( 'NONE',  ( -0.07007874015748032093, 0.000000000000000000, 0.000000000000000000 ) ) ;
#1460 = CARTESIAN_POINT ( 'NONE',  ( 0.04980888922789999951, -0.01574803149606291558, 0.01909448818897637595 ) ) ;
#1461 = ORIENTED_EDGE ( 'NONE', *, *, #3929, .F. ) ;
#1462 = LINE ( 'NONE', #7287, #7273 ) ;
#1463 = VECTOR ( 'NONE', #1896, 39.37007874015748143 ) ;
#1464 = LINE ( 'NONE', #6535, #7387 ) ;
#1465 = ORIENTED_EDGE ( 'NONE', *, *, #3308, .F. ) ;
#1466 = CARTESIAN_POINT ( 'NONE',  ( 0.01456692913385826751, -0.02165354330708653754, 0.02736220472440945017 ) ) ;
#1467 = EDGE_CURVE ( 'NONE', #663, #5313, #675, .T. ) ;
#1468 = DIRECTION ( 'NONE',  ( 0.000000000000000000, 1.224606353822379970E-16, -1.000000000000000000 ) ) ;
#1469 = AXIS2_PLACEMENT_3D ( 'NONE', #6313, #5740, #3510 ) ;
#1470 = CARTESIAN_POINT ( 'NONE',  ( 0.0007874015748031299713, -0.001181102362204602312, 0.001968503937007873988 ) ) ;
#1471 = CARTESIAN_POINT ( 'NONE',  ( 0.04980888922789999951, -0.02165354330708653754, 0.09783464566929132855 ) ) ;
#1472 = ORIENTED_EDGE ( 'NONE', *, *, #6553, .T. ) ;
#1473 = ORIENTED_EDGE ( 'NONE', *, *, #4188, .T. ) ;
#1474 = LINE ( 'NONE', #2182, #5683 ) ;
#1475 = DIRECTION ( 'NONE',  ( 1.000000000000000000, 0.000000000000000000, 0.000000000000000000 ) ) ;
#1476 = AXIS2_PLACEMENT_3D ( 'NONE', #5542, #545, #6326 ) ;
#1477 = DIRECTION ( 'NONE',  ( 0.000000000000000000, 1.224606353822379970E-16, -1.000000000000000000 ) ) ;
#1478 = DIRECTION ( 'NONE',  ( 0.000000000000000000, 1.224606353822379970E-16, -1.000000000000000000 ) ) ;
#1479 = PRESENTATION_LAYER_ASSIGNMENT (  '', '', ( #4725 ) ) ;
#1481 = DIRECTION ( 'NONE',  ( 0.000000000000000000, 1.000000000000000000, 0.000000000000000000 ) ) ;
#1480 = VECTOR ( 'NONE', #3701, 39.37007874015748143 ) ;
#1482 = CARTESIAN_POINT ( 'NONE',  ( -0.07922649374710502568, -0.01887447892542818556, 0.08799212598425197596 ) ) ;
#1483 = CARTESIAN_POINT ( 'NONE',  ( 0.01190365910143582548, -0.01887447892542834862, 0.1037401574803149540 ) ) ;
#1484 = MECHANICAL_DESIGN_GEOMETRIC_PRESENTATION_REPRESENTATION (  '', ( #4731 ), #6683 ) ;
#1485 = VECTOR ( 'NONE', #4878, 39.37007874015748143 ) ;
#1486 = VERTEX_POINT ( 'NONE', #4632 ) ;
#1487 = VERTEX_POINT ( 'NONE', #35 ) ;
#1488 = CYLINDRICAL_SURFACE ( 'NONE', #299, 0.005905511811023621965 ) ;
#1489 = LINE ( 'NONE', #7278, #1426 ) ;
#1491 = DIRECTION ( 'NONE',  ( -1.000000000000000000, -3.552713678800500140E-15, -0.000000000000000000 ) ) ;
#1490 = AXIS2_PLACEMENT_3D ( 'NONE', #2548, #3049, #4853 ) ;
#1492 = ADVANCED_FACE ( 'NONE', ( #1310 ), #640, .F. ) ;
#1493 = EDGE_CURVE ( 'NONE', #453, #829, #4707, .T. ) ;
#1494 = VECTOR ( 'NONE', #1843, 39.37007874015748143 ) ;
#1495 = EDGE_LOOP ( 'NONE', ( #1871, #4544, #3570, #6675, #1671, #38, #1772, #1272 ) ) ;
#1496 = ORIENTED_EDGE ( 'NONE', *, *, #3800, .F. ) ;
#1497 = DIRECTION ( 'NONE',  ( -1.000000000000000000, 2.168404344971008868E-15, 0.000000000000000000 ) ) ;
#1498 = UNCERTAINTY_MEASURE_WITH_UNIT (LENGTH_MEASURE( 1.000000000000000082E-05 ), #350, 'distance_accuracy_value', 'NONE');
#1499 = ORIENTED_EDGE ( 'NONE', *, *, #2060, .T. ) ;
#1500 = DIRECTION ( 'NONE',  ( 1.000000000000000000, 0.000000000000000000, 0.000000000000000000 ) ) ;
#1501 = AXIS2_PLACEMENT_3D ( 'NONE', #5720, #6290, #583 ) ;
#1502 = PRESENTATION_STYLE_ASSIGNMENT (( #4373 ) ) ;
#1503 = EDGE_CURVE ( 'NONE', #6609, #6302, #2325, .T. ) ;
#1504 = PLANE ( 'NONE',  #1987 ) ;
#1505 = AXIS2_PLACEMENT_3D ( 'NONE', #3152, #5454, #4881 ) ;
#1506 = CARTESIAN_POINT ( 'NONE',  ( -0.07007874015748032093, -0.01574803149606291558, 0.02500000000000000139 ) ) ;
#1507 = LINE ( 'NONE', #1431, #7193 ) ;
#1508 = DIRECTION ( 'NONE',  ( -1.000000000000000000, 0.000000000000000000, -0.000000000000000000 ) ) ;
#1509 = VERTEX_POINT ( 'NONE', #7026 ) ;
#1510 = VERTEX_POINT ( 'NONE', #2404 ) ;
#1511 = LINE ( 'NONE', #6234, #1955 ) ;
#1512 = ORIENTED_EDGE ( 'NONE', *, *, #3422, .T. ) ;
#1513 = SURFACE_STYLE_USAGE ( .BOTH. , #2786 ) ;
#1514 = EDGE_CURVE ( 'NONE', #4607, #634, #7108, .T. ) ;
#1515 = EDGE_CURVE ( 'NONE', #1546, #4096, #1767, .T. ) ;
#1516 = AXIS2_PLACEMENT_3D ( 'NONE', #4706, #3580, #4103 ) ;
#1517 = EDGE_CURVE ( 'NONE', #5967, #2407, #5284, .T. ) ;
#1518 = DIRECTION ( 'NONE',  ( 0.000000000000000000, 1.000000000000000000, 0.000000000000000000 ) ) ;
#1519 = FACE_OUTER_BOUND ( 'NONE', #5647, .T. ) ;
#1520 = DIRECTION ( 'NONE',  ( 0.000000000000000000, -1.000000000000000000, -1.224606353822379970E-16 ) ) ;
#1521 = DIRECTION ( 'NONE',  ( 1.000000000000000000, 8.202091352894185491E-17, 4.702532375659349745E-16 ) ) ;
#1522 = LINE ( 'NONE', #5601, #512 ) ;
#1523 = ORIENTED_EDGE ( 'NONE', *, *, #1151, .T. ) ;
#1524 = EDGE_LOOP ( 'NONE', ( #5600, #5156, #3862, #4231, #4447, #2144, #5477, #5505, #4698, #4367, #3205, #2569 ) ) ;
#1525 = CARTESIAN_POINT ( 'NONE',  ( -0.07667901806391835828, -0.02246410375173656104, 0.04074803149606298636 ) ) ;
#1526 = LINE ( 'NONE', #2545, #704 ) ;
#1527 = CARTESIAN_POINT ( 'NONE',  ( -0.08015284854099133383, -0.02061139416396472537, 0.06633858267716535861 ) ) ;
#1528 = ORIENTED_EDGE ( 'NONE', *, *, #393, .F. ) ;
#1529 = APPLICATION_CONTEXT ( 'automotive_design' ) ;
#1530 = EDGE_LOOP ( 'NONE', ( #5439, #4858, #7357, #5137 ) ) ;
#1531 = CARTESIAN_POINT ( 'NONE',  ( -0.01141732283464574893, 0.01141732283464576801, 0.1179179637429042249 ) ) ;
#1532 = DIRECTION ( 'NONE',  ( 0.000000000000000000, 1.224606353822379970E-16, -1.000000000000000000 ) ) ;
#1533 = ORIENTED_EDGE ( 'NONE', *, *, #1058, .F. ) ;
#1534 = ORIENTED_EDGE ( 'NONE', *, *, #294, .F. ) ;
#1535 = DIRECTION ( 'NONE',  ( 1.000000000000000000, 0.000000000000000000, 0.000000000000000000 ) ) ;
#1536 = DIRECTION ( 'NONE',  ( 0.000000000000000000, 1.224606353822379970E-16, -1.000000000000000000 ) ) ;
#1537 = EDGE_CURVE ( 'NONE', #2932, #974, #5247, .T. ) ;
#1538 = CARTESIAN_POINT ( 'NONE',  ( -0.09975459507475552268, -0.02559055118110224736, 0.1061023622047244097 ) ) ;
#1539 = ADVANCED_FACE ( 'NONE', ( #4064 ), #1846, .T. ) ;
#1540 = CARTESIAN_POINT ( 'NONE',  ( -0.01468319221962641717, 0.01141732283464574893, -0.2173488123630673563 ) ) ;
#1541 = ORIENTED_EDGE ( 'NONE', *, *, #2648, .F. ) ;
#1542 = VECTOR ( 'NONE', #5368, 39.37007874015748143 ) ;
#1543 = ORIENTED_EDGE ( 'NONE', *, *, #7243, .T. ) ;
#1544 = DIRECTION ( 'NONE',  ( -5.084870673310913741E-17, 2.711931025765824031E-17, -1.000000000000000000 ) ) ;
#1545 =( NAMED_UNIT ( * ) PLANE_ANGLE_UNIT ( ) SI_UNIT ( $, .RADIAN. ) );
#1546 = VERTEX_POINT ( 'NONE', #4182 ) ;
#1547 = AXIS2_PLACEMENT_3D ( 'NONE', #4678, #649, #4113 ) ;
#1548 = SURFACE_STYLE_USAGE ( .BOTH. , #4990 ) ;
#1549 = CARTESIAN_POINT ( 'NONE',  ( -0.09212598425196889818, -0.02559055118110227164, 0.09783464566929132855 ) ) ;
#1550 = EDGE_CURVE ( 'NONE', #2507, #2387, #3616, .T. ) ;
#1551 = FACE_OUTER_BOUND ( 'NONE', #6050, .T. ) ;
#1552 = CARTESIAN_POINT ( 'NONE',  ( 0.02298294153144818733, -0.02165354330708653754, 0.1061023622047244097 ) ) ;
#1553 = LINE ( 'NONE', #3362, #7135 ) ;
#1554 = ORIENTED_EDGE ( 'NONE', *, *, #6029, .F. ) ;
#1555 = VECTOR ( 'NONE', #6273, 39.37007874015748143 ) ;
#1556 = PLANE ( 'NONE',  #3176 ) ;
#1557 = ORIENTED_EDGE ( 'NONE', *, *, #3944, .F. ) ;
#1558 = VERTEX_POINT ( 'NONE', #111 ) ;
#1559 = AXIS2_PLACEMENT_3D ( 'NONE', #4211, #1422, #3093 ) ;
#1560 = FACE_OUTER_BOUND ( 'NONE', #828, .T. ) ;
#1561 = EDGE_CURVE ( 'NONE', #3454, #245, #1271, .T. ) ;
#1562 = DIRECTION ( 'NONE',  ( -0.000000000000000000, -0.000000000000000000, 1.000000000000000000 ) ) ;
#1563 = LINE ( 'NONE', #5609, #5184 ) ;
#1564 = CIRCLE ( 'NONE', #6883, 0.005905511811023620231 ) ;
#1565 = ORIENTED_EDGE ( 'NONE', *, *, #2175, .T. ) ;
#1566 = ORIENTED_EDGE ( 'NONE', *, *, #366, .F. ) ;
#1567 = CARTESIAN_POINT ( 'NONE',  ( -0.09212598425196888430, -0.02559055118110224736, 0.06593547625068622853 ) ) ;
#1568 = UNCERTAINTY_MEASURE_WITH_UNIT (LENGTH_MEASURE( 1.000000000000000082E-05 ), #4304, 'distance_accuracy_value', 'NONE');
#1569 = SURFACE_STYLE_USAGE ( .BOTH. , #3279 ) ;
#1570 = ORIENTED_EDGE ( 'NONE', *, *, #1292, .F. ) ;
#1571 = CIRCLE ( 'NONE', #386, 0.005905511811023620231 ) ;
#1572 = FACE_OUTER_BOUND ( 'NONE', #5049, .T. ) ;
#1573 = CARTESIAN_POINT ( 'NONE',  ( -0.08188976377952757180, -0.01968503937007866356, 0.01909448818897637595 ) ) ;
#1574 = DIRECTION ( 'NONE',  ( -3.552713678800500140E-15, 1.000000000000000000, -0.000000000000000000 ) ) ;
#1575 = VERTEX_POINT ( 'NONE', #5891 ) ;
#1576 = VECTOR ( 'NONE', #3116, 39.37007874015748143 ) ;
#1577 = CARTESIAN_POINT ( 'NONE',  ( -0.07007874015748032093, 0.000000000000000000, 0.000000000000000000 ) ) ;
#1578 = CARTESIAN_POINT ( 'NONE',  ( 0.02480314960629932675, -0.02165354330708653754, 0.06633858267716535861 ) ) ;
#1579 = ORIENTED_EDGE ( 'NONE', *, *, #4755, .F. ) ;
#1580 = EDGE_CURVE ( 'NONE', #97, #77, #4752, .T. ) ;
#1581 = EDGE_CURVE ( 'NONE', #7393, #1509, #5812, .T. ) ;
#1582 = VECTOR ( 'NONE', #7297, 39.37007874015748143 ) ;
#1583 = CARTESIAN_POINT ( 'NONE',  ( 0.02480314960629933368, -0.01377952755905503986, 0.09783464566929132855 ) ) ;
#1584 = CARTESIAN_POINT ( 'NONE',  ( 0.008429828624363132697, -0.02072718851320048267, 0.05885826771653544093 ) ) ;
#1585 = DIRECTION ( 'NONE',  ( 1.000000000000000000, 6.476300976980080477E-16, 0.000000000000000000 ) ) ;
#1586 = CARTESIAN_POINT ( 'NONE',  ( 0.01456692913385826751, -0.02165354330708653754, 0.09035433070866143168 ) ) ;
#1587 = DIRECTION ( 'NONE',  ( -0.000000000000000000, -1.224606353822379970E-16, 1.000000000000000000 ) ) ;
#1588 = ORIENTED_EDGE ( 'NONE', *, *, #5853, .T. ) ;
#1589 = VECTOR ( 'NONE', #1207, 39.37007874015748143 ) ;
#1590 = DIRECTION ( 'NONE',  ( -1.000000000000000000, 0.000000000000000000, 0.000000000000000000 ) ) ;
#1591 = ADVANCED_FACE ( 'NONE', ( #4595 ), #6916, .F. ) ;
#1592 = ORIENTED_EDGE ( 'NONE', *, *, #4301, .T. ) ;
#1593 = VECTOR ( 'NONE', #1437, 39.37007874015748143 ) ;
#1594 = VERTEX_POINT ( 'NONE', #599 ) ;
#1595 = DIRECTION ( 'NONE',  ( 0.000000000000000000, 1.224606353822379970E-16, -1.000000000000000000 ) ) ;
#1596 = CARTESIAN_POINT ( 'NONE',  ( 0.01456692913385826751, -0.02165354330708653754, 0.05885826771653544093 ) ) ;
#1597 = CARTESIAN_POINT ( 'NONE',  ( -0.09212598425196863450, -0.02559055118110228552, 0.1194881889763779875 ) ) ;
#1598 = DIMENSIONAL_EXPONENTS ( 1.000000000000000000, 0.000000000000000000, 0.000000000000000000, 0.000000000000000000, 0.000000000000000000, 0.000000000000000000, 0.000000000000000000 ) ;
#1599 = VECTOR ( 'NONE', #7030, 39.37007874015748143 ) ;
#1600 = EDGE_CURVE ( 'NONE', #5106, #6613, #4563, .T. ) ;
#1601 = EDGE_CURVE ( 'NONE', #5895, #6839, #6985, .T. ) ;
#1602 = EDGE_CURVE ( 'NONE', #3014, #4875, #3547, .T. ) ;
#1603 = ORIENTED_EDGE ( 'NONE', *, *, #4486, .F. ) ;
#1604 = AXIS2_PLACEMENT_3D ( 'NONE', #650, #5, #5257 ) ;
#1605 =( LENGTH_UNIT ( ) NAMED_UNIT ( * ) SI_UNIT ( $, .METRE. ) );
#1606 = ORIENTED_EDGE ( 'NONE', *, *, #3341, .T. ) ;
#1607 = ORIENTED_EDGE ( 'NONE', *, *, #6959, .F. ) ;
#1608 = DIRECTION ( 'NONE',  ( 0.000000000000000000, 1.224606353822379970E-16, -1.000000000000000000 ) ) ;
#1609 = DIRECTION ( 'NONE',  ( 0.000000000000000000, 1.224606353822379970E-16, -1.000000000000000000 ) ) ;
#1610 = CARTESIAN_POINT ( 'NONE',  ( -0.07401574803149606196, -0.01968503937007873988, 0.05059055118110235283 ) ) ;
#1611 = AXIS2_PLACEMENT_3D ( 'NONE', #5755, #2235, #2305 ) ;
#1612 = ORIENTED_EDGE ( 'NONE', *, *, #106, .T. ) ;
#1613 = ORIENTED_EDGE ( 'NONE', *, *, #5733, .F. ) ;
#1614 = CARTESIAN_POINT ( 'NONE',  ( -0.07575266327003248035, -0.02072718851320058328, 0.09035433070866143168 ) ) ;
#1615 = VECTOR ( 'NONE', #529, 39.37007874015748143 ) ;
#1616 = CARTESIAN_POINT ( 'NONE',  ( -0.05590551181102362821, 0.01141732283464574199, 0.01535433070866142231 ) ) ;
#1617 = DIRECTION ( 'NONE',  ( -3.552713678800500140E-15, -1.000000000000000000, 0.000000000000000000 ) ) ;
#1618 = CARTESIAN_POINT ( 'NONE',  ( -0.07401574803149606196, -0.01574803149606291558, 0.01909448818897637595 ) ) ;
#1619 = ADVANCED_FACE ( 'NONE', ( #3807 ), #1393, .F. ) ;
#1620 = EDGE_CURVE ( 'NONE', #7408, #2871, #939, .T. ) ;
#1622 = LINE ( 'NONE', #5562, #6053 ) ;
#1621 = VECTOR ( 'NONE', #149, 39.37007874015748143 ) ;
#1623 = FACE_OUTER_BOUND ( 'NONE', #2120, .T. ) ;
#1624 = ORIENTED_EDGE ( 'NONE', *, *, #3683, .F. ) ;
#1625 = ORIENTED_EDGE ( 'NONE', *, *, #7096, .T. ) ;
#1626 = CARTESIAN_POINT ( 'NONE',  ( -0.08015284854099133383, -0.02061139416396472537, 0.08208661417322835052 ) ) ;
#1627 = CARTESIAN_POINT ( 'NONE',  ( -0.03366141732283468857, 0.01830708661417322983, 0.1375984251968504213 ) ) ;
#1628 = EDGE_CURVE ( 'NONE', #5615, #1863, #5160, .T. ) ;
#1629 = EDGE_CURVE ( 'NONE', #3948, #4566, #5966, .T. ) ;
#1630 = ORIENTED_EDGE ( 'NONE', *, *, #2650, .T. ) ;
#1631 = CARTESIAN_POINT ( 'NONE',  ( -0.06811023622047243653, 0.01929133858267749815, 0.1983179640278689149 ) ) ;
#1632 = LINE ( 'NONE', #4537, #3765 ) ;
#1633 =( BOUNDED_CURVE ( )  B_SPLINE_CURVE ( 3, ( #754, #1190, #188, #3025 ),
 .UNSPECIFIED., .F., .F. ) 
 B_SPLINE_CURVE_WITH_KNOTS ( ( 4, 4 ),
 ( 3.314274145207861899, 4.712388980384684345 ),
 .UNSPECIFIED. ) 
 CURVE ( )  GEOMETRIC_REPRESENTATION_ITEM ( )  RATIONAL_B_SPLINE_CURVE ( ( 1.000000000000000000, 0.8436327171262425484, 0.8436327171262425484, 1.000000000000000000 ) ) 
 REPRESENTATION_ITEM ( '' )  );
#1634 = ORIENTED_EDGE ( 'NONE', *, *, #5135, .T. ) ;
#1635 = EDGE_CURVE ( 'NONE', #1676, #4566, #1306, .T. ) ;
#1636 = CARTESIAN_POINT ( 'NONE',  ( -0.09212598425196850960, -0.02165354330708653754, 0.04311023622047244208 ) ) ;
#1637 = EDGE_CURVE ( 'NONE', #1386, #3562, #795, .T. ) ;
#1638 = EDGE_LOOP ( 'NONE', ( #2737, #5311, #3237, #5141 ) ) ;
#1639 = CARTESIAN_POINT ( 'NONE',  ( -0.03415373700769307186, -0.01456692913385826751, 0.02718270478973382198 ) ) ;
#1640 = VERTEX_POINT ( 'NONE', #873 ) ;
#1641 = ORIENTED_EDGE ( 'NONE', *, *, #1628, .T. ) ;
#1642 = CARTESIAN_POINT ( 'NONE',  ( -0.06692913385826770867, -0.01968503937007873988, 0.05059055118110235283 ) ) ;
#1643 = DIRECTION ( 'NONE',  ( 0.000000000000000000, -1.000000000000000000, -1.224606353822379970E-16 ) ) ;
#1644 = ADVANCED_FACE ( 'NONE', ( #2037 ), #5481, .F. ) ;
#1645 = PLANE ( 'NONE',  #7348 ) ;
#1646 = ORIENTED_EDGE ( 'NONE', *, *, #1917, .T. ) ;
#1647 = ORIENTED_EDGE ( 'NONE', *, *, #107, .F. ) ;
#1648 = LINE ( 'NONE', #6876, #266 ) ;
#1649 = LENGTH_MEASURE_WITH_UNIT ( LENGTH_MEASURE( 0.02539999999999999897 ), #5086 );
#1650 = CARTESIAN_POINT ( 'NONE',  ( 0.002755905511811067819, -0.01968503937007862192, 0.000000000000000000 ) ) ;
#1651 = VECTOR ( 'NONE', #1933, 39.37007874015748143 ) ;
#1652 = CYLINDRICAL_SURFACE ( 'NONE', #6712, 0.001968503937007874856 ) ;
#1653 = LINE ( 'NONE', #1082, #3363 ) ;
#1654 = PLANE ( 'NONE',  #3020 ) ;
#1655 = CARTESIAN_POINT ( 'NONE',  ( -0.09030577617711772753, -0.02165354330708653754, 0.09035433070866143168 ) ) ;
#1656 = VERTEX_POINT ( 'NONE', #7187 ) ;
#1657 = CARTESIAN_POINT ( 'NONE',  ( -0.07401574803149606196, -0.02165354330708653754, 0.07224409448818898405 ) ) ;
#1658 =( GEOMETRIC_REPRESENTATION_CONTEXT ( 3 ) GLOBAL_UNCERTAINTY_ASSIGNED_CONTEXT ( ( #1568 ) ) GLOBAL_UNIT_ASSIGNED_CONTEXT ( ( #4304, #2630, #6081 ) ) REPRESENTATION_CONTEXT ( 'NONE', 'WORKASPACE' ) );
#1659 = VERTEX_POINT ( 'NONE', #6045 ) ;
#1660 = ORIENTED_EDGE ( 'NONE', *, *, #5611, .T. ) ;
#1661 = CARTESIAN_POINT ( 'NONE',  ( 0.002755905511811056110, -0.01574803149606291558, 0.03484251968503937480 ) ) ;
#1662 = LINE ( 'NONE', #4, #3358 ) ;
#1663 = AXIS2_PLACEMENT_3D ( 'NONE', #5464, #7207, #992 ) ;
#1664 = ORIENTED_EDGE ( 'NONE', *, *, #210, .T. ) ;
#1665 = CARTESIAN_POINT ( 'NONE',  ( -0.09212598425196850960, -0.02559055118110228552, 0.07224409448818898405 ) ) ;
#1666 = FACE_OUTER_BOUND ( 'NONE', #4753, .T. ) ;
#1667 = VECTOR ( 'NONE', #3775, 39.37007874015748143 ) ;
#1668 = EDGE_CURVE ( 'NONE', #2084, #4778, #4941, .T. ) ;
#1669 =( GEOMETRIC_REPRESENTATION_CONTEXT ( 3 ) GLOBAL_UNCERTAINTY_ASSIGNED_CONTEXT ( ( #6112 ) ) GLOBAL_UNIT_ASSIGNED_CONTEXT ( ( #3992, #4423, #5627 ) ) REPRESENTATION_CONTEXT ( 'NONE', 'WORKASPACE' ) );
#1670 = EDGE_CURVE ( 'NONE', #5275, #6412, #3180, .T. ) ;
#1671 = ORIENTED_EDGE ( 'NONE', *, *, #4454, .F. ) ;
#1672 = CARTESIAN_POINT ( 'NONE',  ( -0.07401574803149606196, -0.02165354330708653754, 0.08799212598425197596 ) ) ;
#1673 = AXIS2_PLACEMENT_3D ( 'NONE', #5911, #3041, #6477 ) ;
#1674 = CARTESIAN_POINT ( 'NONE',  ( 0.002755905511811061314, -0.01574803149606291558, 0.1194881889763779875 ) ) ;
#1675 = ORIENTED_EDGE ( 'NONE', *, *, #106, .F. ) ;
#1676 = VERTEX_POINT ( 'NONE', #224 ) ;
#1677 = EDGE_CURVE ( 'NONE', #2871, #669, #2601, .T. ) ;
#1678 = VECTOR ( 'NONE', #5663, 39.37007874015748143 ) ;
#1679 = ORIENTED_EDGE ( 'NONE', *, *, #5395, .T. ) ;
#1680 = FACE_OUTER_BOUND ( 'NONE', #214, .T. ) ;
#1681 = CARTESIAN_POINT ( 'NONE',  ( 0.02480314960629933368, -0.02559055118110225083, 0.02736220472440945017 ) ) ;
#1682 = DIRECTION ( 'NONE',  ( -3.552713678800500140E-15, 1.000000000000000000, 0.000000000000000000 ) ) ;
#1683 = EDGE_LOOP ( 'NONE', ( #2448, #2087, #5212, #5036, #823, #4538, #3499, #5319, #5337, #2207, #3883, #3879 ) ) ;
#1684 = ORIENTED_EDGE ( 'NONE', *, *, #6862, .T. ) ;
#1685 = CARTESIAN_POINT ( 'NONE',  ( 0.002755905511811065217, -0.02559055118110228552, 0.1194881889763779736 ) ) ;
#1686 = EDGE_CURVE ( 'NONE', #7430, #812, #6083, .T. ) ;
#1687 = EDGE_CURVE ( 'NONE', #1761, #551, #3250, .T. ) ;
#1688 = LENGTH_MEASURE_WITH_UNIT ( LENGTH_MEASURE( 0.02539999999999999897 ), #5698 );
#1689 = AXIS2_PLACEMENT_3D ( 'NONE', #692, #53, #2307 ) ;
#1690 = DIRECTION ( 'NONE',  ( 0.000000000000000000, 0.000000000000000000, 1.000000000000000000 ) ) ;
#1691 = DIRECTION ( 'NONE',  ( 0.000000000000000000, 0.000000000000000000, -1.000000000000000000 ) ) ;
#1692 = DIRECTION ( 'NONE',  ( 0.000000000000000000, 1.000000000000000000, 0.000000000000000000 ) ) ;
#1693 = CARTESIAN_POINT ( 'NONE',  ( -0.07401574803149606196, -0.02165354330708653754, 0.06633858267716535861 ) ) ;
#1694 = ORIENTED_EDGE ( 'NONE', *, *, #3708, .T. ) ;
#1695 = PLANE ( 'NONE',  #5820 ) ;
#1696 = AXIS2_PLACEMENT_3D ( 'NONE', #3300, #5599, #2722 ) ;
#1697 = EDGE_LOOP ( 'NONE', ( #2510, #705, #5815, #996, #3584, #4130, #5371, #4587, #6395, #2331, #2263, #5266 ) ) ;
#1698 = FACE_OUTER_BOUND ( 'NONE', #1420, .T. ) ;
#1699 = CARTESIAN_POINT ( 'NONE',  ( -0.08188976377952757180, -0.02165354330708653754, 0.05059055118110235977 ) ) ;
#1700 = DIRECTION ( 'NONE',  ( 4.350675744370770171E-31, -1.545670522905158356E-45, 1.000000000000000000 ) ) ;
#1702 = CIRCLE ( 'NONE', #2787, 0.005905511811023620231 ) ;
#1701 = CARTESIAN_POINT ( 'NONE',  ( -0.08015284854099133383, -0.02061139416396472537, 0.1135826771653543343 ) ) ;
#1703 = VERTEX_POINT ( 'NONE', #5550 ) ;
#1704 = CARTESIAN_POINT ( 'NONE',  ( -0.1171317238735696958, -0.01574803149606291558, 0.1135826771653543343 ) ) ;
#1705 = CARTESIAN_POINT ( 'NONE',  ( -0.08188976377952757180, -0.02559055118110229940, 0.1218503937007874155 ) ) ;
#1706 = VECTOR ( 'NONE', #2480, 39.37007874015748143 ) ;
#1707 = ORIENTED_EDGE ( 'NONE', *, *, #606, .T. ) ;
#1708 = LINE ( 'NONE', #1100, #782 ) ;
#1709 = PRESENTATION_STYLE_ASSIGNMENT (( #2771 ) ) ;
#1710 = VECTOR ( 'NONE', #3302, 39.37007874015748143 ) ;
#1711 = EDGE_CURVE ( 'NONE', #3813, #6747, #2004, .T. ) ;
#1712 = EDGE_CURVE ( 'NONE', #1296, #5552, #6656, .T. ) ;
#1713 = FACE_OUTER_BOUND ( 'NONE', #259, .T. ) ;
#1714 = ORIENTED_EDGE ( 'NONE', *, *, #3838, .F. ) ;
#1715 = AXIS2_PLACEMENT_3D ( 'NONE', #5836, #5757, #2812 ) ;
#1716 = VECTOR ( 'NONE', #3780, 39.37007874015748143 ) ;
#1717 = ORIENTED_EDGE ( 'NONE', *, *, #1917, .F. ) ;
#1718 = DIRECTION ( 'NONE',  ( 1.715126521709123516E-15, -1.000000000000000000, 1.715126521709130616E-15 ) ) ;
#1719 = VERTEX_POINT ( 'NONE', #2485 ) ;
#1720 = DIRECTION ( 'NONE',  ( 0.8823529411764704511, 0.4705882352941180846, -0.000000000000000000 ) ) ;
#1721 = VERTEX_POINT ( 'NONE', #3214 ) ;
#1722 = ORIENTED_EDGE ( 'NONE', *, *, #5472, .F. ) ;
#1723 = EDGE_CURVE ( 'NONE', #4288, #742, #4872, .T. ) ;
#1724 = CARTESIAN_POINT ( 'NONE',  ( -0.09030577617711772753, -0.02165354330708653754, 0.04311023622047244208 ) ) ;
#1725 = CIRCLE ( 'NONE', #5224, 0.001968503937007874856 ) ;
#1726 = LENGTH_MEASURE_WITH_UNIT ( LENGTH_MEASURE( 0.02539999999999999897 ), #4555 );
#1727 = CYLINDRICAL_SURFACE ( 'NONE', #7168, 0.001968503937007873988 ) ;
#1728 = VECTOR ( 'NONE', #4629, 39.37007874015748143 ) ;
#1729 = CARTESIAN_POINT ( 'NONE',  ( -0.07007874015748032093, -0.01968503937007873988, 0.1037401574803149679 ) ) ;
#1730 = DIRECTION ( 'NONE',  ( -0.000000000000000000, 0.000000000000000000, 1.000000000000000000 ) ) ;
#1731 = CARTESIAN_POINT ( 'NONE',  ( -0.05590551181102362821, 0.01338582677165362292, 0.1218503937007874155 ) ) ;
#1732 = PLANE ( 'NONE',  #2398 ) ;
#1733 = EDGE_CURVE ( 'NONE', #6369, #313, #6541, .T. ) ;
#1734 = CARTESIAN_POINT ( 'NONE',  ( -0.05354330708661417942, -0.01220472440944889853, -0.2362204724409449064 ) ) ;
#1735 = VERTEX_POINT ( 'NONE', #3142 ) ;
#1736 = ADVANCED_FACE ( 'NONE', ( #5444 ), #2567, .T. ) ;
#1737 = DIRECTION ( 'NONE',  ( -1.000000000000000000, 0.000000000000000000, 0.000000000000000000 ) ) ;
#1738 = VECTOR ( 'NONE', #539, 39.37007874015748143 ) ;
#1739 = VERTEX_POINT ( 'NONE', #6805 ) ;
#1740 = CARTESIAN_POINT ( 'NONE',  ( 0.01456692913385826751, -0.02165354330708653754, 0.05649606299212599214 ) ) ;
#1741 = CARTESIAN_POINT ( 'NONE',  ( 0.01190365910143582548, -0.01887447892542834862, 0.07224409448818898405 ) ) ;
#1742 = AXIS2_PLACEMENT_3D ( 'NONE', #6433, #1242, #6995 ) ;
#1743 = DIRECTION ( 'NONE',  ( -0.4705882352941775371, -0.8823529411764386987, 0.000000000000000000 ) ) ;
#1744 = DIRECTION ( 'NONE',  ( 0.000000000000000000, 1.224606353822379970E-16, -1.000000000000000000 ) ) ;
#1745 = ORIENTED_EDGE ( 'NONE', *, *, #3308, .T. ) ;
#1746 = FACE_OUTER_BOUND ( 'NONE', #836, .T. ) ;
#1747 = LINE ( 'NONE', #3484, #989 ) ;
#1748 = DIMENSIONAL_EXPONENTS ( 1.000000000000000000, 0.000000000000000000, 0.000000000000000000, 0.000000000000000000, 0.000000000000000000, 0.000000000000000000, 0.000000000000000000 ) ;
#1749 = CIRCLE ( 'NONE', #1019, 0.005905511811023620231 ) ;
#1750 = PLANE ( 'NONE',  #961 ) ;
#1751 = ORIENTED_EDGE ( 'NONE', *, *, #5886, .F. ) ;
#1752 = CARTESIAN_POINT ( 'NONE',  ( 0.01456692913385826751, -0.01968503937007866356, 0.07460629921259842590 ) ) ;
#1753 = CARTESIAN_POINT ( 'NONE',  ( 0.04980888922789999951, -0.02165354330708653754, 0.06633858267716535861 ) ) ;
#1754 = DIRECTION ( 'NONE',  ( -0.000000000000000000, 0.000000000000000000, 1.000000000000000000 ) ) ;
#1755 = ORIENTED_EDGE ( 'NONE', *, *, #816, .T. ) ;
#1756 = VECTOR ( 'NONE', #6354, 39.37007874015748854 ) ;
#1757 = EDGE_LOOP ( 'NONE', ( #4832, #64, #234, #1909 ) ) ;
#1758 = VERTEX_POINT ( 'NONE', #3322 ) ;
#1759 = DIRECTION ( 'NONE',  ( -0.000000000000000000, 0.000000000000000000, 1.000000000000000000 ) ) ;
#1760 = ORIENTED_EDGE ( 'NONE', *, *, #7203, .F. ) ;
#1761 = VERTEX_POINT ( 'NONE', #6157 ) ;
#1762 = ORIENTED_EDGE ( 'NONE', *, *, #5144, .T. ) ;
#1763 = CARTESIAN_POINT ( 'NONE',  ( 0.02480314960629932675, -0.02165354330708653754, 0.01909448818897637595 ) ) ;
#1764 = EDGE_CURVE ( 'NONE', #1863, #1105, #7295, .T. ) ;
#1765 = FACE_OUTER_BOUND ( 'NONE', #2501, .T. ) ;
#1766 = LINE ( 'NONE', #6381, #5852 ) ;
#1767 = LINE ( 'NONE', #1885, #105 ) ;
#1768 = CARTESIAN_POINT ( 'NONE',  ( -0.06614173228346456601, -0.001181102362204724393, 0.1385826771653543288 ) ) ;
#1769 = ORIENTED_EDGE ( 'NONE', *, *, #4788, .F. ) ;
#1770 = CARTESIAN_POINT ( 'NONE',  ( 0.01456692913385826751, -0.02165354330708653754, 0.02500000000000000139 ) ) ;
#1771 = CLOSED_SHELL ( 'NONE', ( #2114, #7182, #6850, #3977, #2731, #5419, #6692, #661, #6605, #1212, #6024, #4029, #3067, #5973 ) ) ;
#1772 = ORIENTED_EDGE ( 'NONE', *, *, #3422, .F. ) ;
#1773 = EDGE_CURVE ( 'NONE', #5262, #5538, #2178, .T. ) ;
#1774 = CARTESIAN_POINT ( 'NONE',  ( -0.07007874015748032093, -0.01574803149606291558, 0.06633858267716535861 ) ) ;
#1775 = DIRECTION ( 'NONE',  ( 1.000000000000000000, 0.000000000000000000, 0.000000000000000000 ) ) ;
#1776 = CARTESIAN_POINT ( 'NONE',  ( 0.002755905511811070855, -0.01968503937007862192, 0.03484251968503937480 ) ) ;
#1777 = LINE ( 'NONE', #3449, #3656 ) ;
#1778 = LINE ( 'NONE', #6396, #740 ) ;
#1779 = AXIS2_PLACEMENT_3D ( 'NONE', #691, #3161, #287 ) ;
#1780 = LINE ( 'NONE', #687, #5688 ) ;
#1781 = LINE ( 'NONE', #125, #5302 ) ;
#1782 = EDGE_CURVE ( 'NONE', #1386, #3796, #418, .T. ) ;
#1783 = EDGE_LOOP ( 'NONE', ( #3194, #4411, #987, #3482, #4821, #4830, #269, #7013, #6645, #2098, #576, #4654 ) ) ;
#1784 = VECTOR ( 'NONE', #1562, 39.37007874015748143 ) ;
#1785 = CARTESIAN_POINT ( 'NONE',  ( -0.06181102362204723977, 0.01929133858267745652, 0.01535433070866141538 ) ) ;
#1786 = LINE ( 'NONE', #1213, #2660 ) ;
#1787 = DIRECTION ( 'NONE',  ( 0.000000000000000000, 0.000000000000000000, -1.000000000000000000 ) ) ;
#1788 = AXIS2_PLACEMENT_3D ( 'NONE', #4314, #3666, #3783 ) ;
#1789 = ORIENTED_EDGE ( 'NONE', *, *, #808, .T. ) ;
#1790 = VERTEX_POINT ( 'NONE', #1610 ) ;
#1791 = EDGE_LOOP ( 'NONE', ( #6572, #4867, #4374, #5818 ) ) ;
#1792 = AXIS2_PLACEMENT_3D ( 'NONE', #1794, #139, #7465 ) ;
#1793 = FACE_OUTER_BOUND ( 'NONE', #3963, .T. ) ;
#1794 = CARTESIAN_POINT ( 'NONE',  ( 0.01456692913385826751, -0.01968503937007866356, 0.03484251968503937480 ) ) ;
#1795 = ORIENTED_EDGE ( 'NONE', *, *, #5991, .T. ) ;
#1796 = ORIENTED_EDGE ( 'NONE', *, *, #2095, .F. ) ;
#1797 = DIRECTION ( 'NONE',  ( -0.000000000000000000, -0.000000000000000000, 1.000000000000000000 ) ) ;
#1798 = AXIS2_PLACEMENT_3D ( 'NONE', #7335, #5598, #7267 ) ;
#1799 = CARTESIAN_POINT ( 'NONE',  ( 0.006692913385826772428, -0.02165354330708653754, 0.1194881889763779736 ) ) ;
#1800 = LENGTH_MEASURE_WITH_UNIT ( LENGTH_MEASURE( 0.02539999999999999897 ), #3024 );
#1801 = DIRECTION ( 'NONE',  ( 0.000000000000000000, -0.000000000000000000, -1.000000000000000000 ) ) ;
#1802 = CARTESIAN_POINT ( 'NONE',  ( -0.07922649374710515058, -0.01887447892542837291, 0.1218503937007874155 ) ) ;
#1803 = CIRCLE ( 'NONE', #3973, 0.005905511811023621965 ) ;
#1804 = PLANE ( 'NONE',  #3039 ) ;
#1805 = ORIENTED_EDGE ( 'NONE', *, *, #629, .F. ) ;
#1806 = EDGE_CURVE ( 'NONE', #982, #3375, #4442, .T. ) ;
#1807 = FACE_OUTER_BOUND ( 'NONE', #7448, .T. ) ;
#1808 = EDGE_CURVE ( 'NONE', #3777, #3053, #3915, .T. ) ;
#1809 = ORIENTED_EDGE ( 'NONE', *, *, #1370, .T. ) ;
#1810 = VECTOR ( 'NONE', #3934, 39.37007874015748143 ) ;
#1811 = ORIENTED_EDGE ( 'NONE', *, *, #5090, .T. ) ;
#1812 = CARTESIAN_POINT ( 'NONE',  ( 0.006692913385826772428, -0.02165354330708653754, 0.09035433070866143168 ) ) ;
#1813 = CARTESIAN_POINT ( 'NONE',  ( 0.04980888922789999951, -0.02559055118110228552, 0.01909448818897637595 ) ) ;
#1814 = DIRECTION ( 'NONE',  ( 0.000000000000000000, -1.000000000000000000, 0.000000000000000000 ) ) ;
#1815 = CARTESIAN_POINT ( 'NONE',  ( 0.008429828624363150044, -0.02072718851320047226, 0.09035433070866143168 ) ) ;
#1816 = CARTESIAN_POINT ( 'NONE',  ( -0.01791338582677173136, 0.01141732283464570730, 0.1232283464566929221 ) ) ;
#1817 = CIRCLE ( 'NONE', #6663, 0.001968503937007874856 ) ;
#1818 = DIRECTION ( 'NONE',  ( -3.552713678800500140E-15, 1.000000000000000000, 0.000000000000000000 ) ) ;
#1819 = EDGE_CURVE ( 'NONE', #3899, #5239, #4516, .T. ) ;
#1820 = DIRECTION ( 'NONE',  ( -0.4705882352941318514, 0.8823529411764629016, 0.000000000000000000 ) ) ;
#1821 = AXIS2_PLACEMENT_3D ( 'NONE', #1577, #6160, #421 ) ;
#1822 = ORIENTED_EDGE ( 'NONE', *, *, #2095, .T. ) ;
#1823 = DIRECTION ( 'NONE',  ( 0.000000000000000000, 1.000000000000000000, 0.000000000000000000 ) ) ;
#1824 = CARTESIAN_POINT ( 'NONE',  ( -0.07575266327003267464, -0.02072718851320047226, 0.05059055118110235977 ) ) ;
#1825 = EDGE_CURVE ( 'NONE', #877, #3375, #2242, .T. ) ;
#1826 = EDGE_CURVE ( 'NONE', #22, #7118, #6766, .T. ) ;
#1827 = EDGE_CURVE ( 'NONE', #552, #3644, #2781, .T. ) ;
#1828 = CIRCLE ( 'NONE', #1959, 0.005905511811023620231 ) ;
#1829 = DIRECTION ( 'NONE',  ( 1.000000000000000000, -3.675174314182740233E-15, -0.000000000000000000 ) ) ;
#1830 = ORIENTED_EDGE ( 'NONE', *, *, #4022, .F. ) ;
#1831 = ORIENTED_EDGE ( 'NONE', *, *, #4285, .T. ) ;
#1832 = ORIENTED_EDGE ( 'NONE', *, *, #3837, .T. ) ;
#1833 = AXIS2_PLACEMENT_3D ( 'NONE', #434, #5667, #6817 ) ;
#1834 = ORIENTED_EDGE ( 'NONE', *, *, #6406, .T. ) ;
#1835 = LENGTH_MEASURE_WITH_UNIT ( LENGTH_MEASURE( 0.02539999999999999897 ), #6414 );
#1836 = CARTESIAN_POINT ( 'NONE',  ( 0.01283001389532193066, -0.02061139416396472537, 0.09783464566929132855 ) ) ;
#1837 = VERTEX_POINT ( 'NONE', #6231 ) ;
#1838 = ORIENTED_EDGE ( 'NONE', *, *, #4774, .F. ) ;
#1839 = ORIENTED_EDGE ( 'NONE', *, *, #6911, .F. ) ;
#1840 = CARTESIAN_POINT ( 'NONE',  ( -0.07007874015748032093, -0.01574803149606291558, 0.03484251968503937480 ) ) ;
#1841 = CARTESIAN_POINT ( 'NONE',  ( -0.03415373700769307186, -0.01456692913385826751, 0.1113999723756204652 ) ) ;
#1842 = VECTOR ( 'NONE', #2983, 39.37007874015748143 ) ;
#1843 = DIRECTION ( 'NONE',  ( -0.000000000000000000, 0.000000000000000000, 1.000000000000000000 ) ) ;
#1844 = FILL_AREA_STYLE ('',( #7471 ) ) ;
#1845 = CARTESIAN_POINT ( 'NONE',  ( 0.04980888922789999951, -0.01574803149606291558, 0.07224409448818898405 ) ) ;
#1846 = PLANE ( 'NONE',  #4334 ) ;
#1847 = VECTOR ( 'NONE', #2283, 39.37007874015748143 ) ;
#1848 = EDGE_LOOP ( 'NONE', ( #2635, #5568, #1926, #1006 ) ) ;
#1849 = DIRECTION ( 'NONE',  ( 0.000000000000000000, -1.000000000000000000, -1.224606353822379970E-16 ) ) ;
#1850 = CARTESIAN_POINT ( 'NONE',  ( 0.0007874015748030327184, 0.01929133858267725182, 0.001968503937007843631 ) ) ;
#1851 = EDGE_LOOP ( 'NONE', ( #4210, #1085, #4131, #820, #5528 ) ) ;
#1852 = VERTEX_POINT ( 'NONE', #6197 ) ;
#1853 = DIRECTION ( 'NONE',  ( 0.000000000000000000, 0.000000000000000000, 1.000000000000000000 ) ) ;
#1854 = LINE ( 'NONE', #6392, #3319 ) ;
#1855 = EDGE_CURVE ( 'NONE', #7290, #5495, #1035, .T. ) ;
#1856 = CARTESIAN_POINT ( 'NONE',  ( -0.06692913385826770867, -0.01968503937007873988, -0.2362204724409449064 ) ) ;
#1857 = DIRECTION ( 'NONE',  ( 0.4705882352940230495, 0.8823529411765209662, 0.000000000000000000 ) ) ;
#1859 = CARTESIAN_POINT ( 'NONE',  ( 0.02480314960629929205, -0.02559055118110228552, 0.04074803149606298636 ) ) ;
#1858 = VECTOR ( 'NONE', #6967, 39.37007874015748143 ) ;
#1860 = DIRECTION ( 'NONE',  ( -1.000000000000000000, 3.675174314182740233E-15, 0.000000000000000000 ) ) ;
#1861 = CARTESIAN_POINT ( 'NONE',  ( 0.01456692913385826751, -0.01968503937007866356, 0.05649606299212599214 ) ) ;
#1862 = VECTOR ( 'NONE', #7410, 39.37007874015748143 ) ;
#1863 = VERTEX_POINT ( 'NONE', #4550 ) ;
#1864 = EDGE_CURVE ( 'NONE', #2063, #6609, #4811, .T. ) ;
#1865 = LINE ( 'NONE', #4162, #3670 ) ;
#1866 = EDGE_CURVE ( 'NONE', #6368, #952, #3350, .T. ) ;
#1867 = FACE_OUTER_BOUND ( 'NONE', #933, .T. ) ;
#1868 = VECTOR ( 'NONE', #380, 39.37007874015748143 ) ;
#1869 = CARTESIAN_POINT ( 'NONE',  ( -0.07007874015748032093, -0.02559055118110228552, 0.07224409448818898405 ) ) ;
#1870 = ORIENTED_EDGE ( 'NONE', *, *, #6091, .T. ) ;
#1871 = ORIENTED_EDGE ( 'NONE', *, *, #2922, .F. ) ;
#1872 = VERTEX_POINT ( 'NONE', #3386 ) ;
#1873 = ADVANCED_FACE ( 'NONE', ( #4480 ), #2210, .T. ) ;
#1874 = EDGE_CURVE ( 'NONE', #6956, #2870, #973, .T. ) ;
#1875 =( CONVERSION_BASED_UNIT ( 'INCH', #1835 ) LENGTH_UNIT ( ) NAMED_UNIT ( #1748 ) );
#1876 = FACE_OUTER_BOUND ( 'NONE', #1074, .T. ) ;
#1877 = ORIENTED_EDGE ( 'NONE', *, *, #1670, .T. ) ;
#1878 = PLANE ( 'NONE',  #2768 ) ;
#1879 = CARTESIAN_POINT ( 'NONE',  ( -0.07401574803149606196, -0.02165354330708653754, 0.05885826771653544093 ) ) ;
#1880 = LINE ( 'NONE', #4786, #6192 ) ;
#1881 = CARTESIAN_POINT ( 'NONE',  ( -0.03366141732283464694, -0.02362204724409448786, 0.000000000000000000 ) ) ;
#1882 = ADVANCED_FACE ( 'NONE', ( #3983 ), #1645, .T. ) ;
#1883 = LINE ( 'NONE', #1231, #5425 ) ;
#1884 = FACE_OUTER_BOUND ( 'NONE', #6561, .T. ) ;
#1885 = CARTESIAN_POINT ( 'NONE',  ( -0.08188976377952757180, -0.02165354330708653754, 0.1061023622047244097 ) ) ;
#1886 = ORIENTED_EDGE ( 'NONE', *, *, #3069, .T. ) ;
#1887 = LINE ( 'NONE', #6503, #5935 ) ;
#1888 = ORIENTED_EDGE ( 'NONE', *, *, #4177, .F. ) ;
#1889 = DIRECTION ( 'NONE',  ( 0.000000000000000000, 1.000000000000000000, -0.000000000000000000 ) ) ;
#1890 = ORIENTED_EDGE ( 'NONE', *, *, #7202, .F. ) ;
#1891 = ORIENTED_EDGE ( 'NONE', *, *, #3606, .T. ) ;
#1892 = DIRECTION ( 'NONE',  ( 0.000000000000000000, 1.000000000000000000, 0.000000000000000000 ) ) ;
#1893 = DIRECTION ( 'NONE',  ( 0.000000000000000000, 1.224606353822379970E-16, -1.000000000000000000 ) ) ;
#1894 = DIRECTION ( 'NONE',  ( 0.000000000000000000, 0.000000000000000000, -1.000000000000000000 ) ) ;
#1895 = PLANE ( 'NONE',  #6030 ) ;
#1896 = DIRECTION ( 'NONE',  ( -0.000000000000000000, -0.000000000000000000, 1.000000000000000000 ) ) ;
#1897 = DIRECTION ( 'NONE',  ( 4.437342591868189654E-31, -1.224606353822379970E-16, -1.000000000000000000 ) ) ;
#1898 = CARTESIAN_POINT ( 'NONE',  ( -0.1171317238735696958, -0.02559055118110228552, 0.05059055118110235977 ) ) ;
#1899 = ORIENTED_EDGE ( 'NONE', *, *, #412, .F. ) ;
#1900 = FACE_OUTER_BOUND ( 'NONE', #4229, .T. ) ;
#1901 = CARTESIAN_POINT ( 'NONE',  ( -0.08188976377952757180, -0.01968503937007866356, 0.05885826771653544093 ) ) ;
#1902 = AXIS2_PLACEMENT_3D ( 'NONE', #6119, #1536, #3320 ) ;
#1903 = LINE ( 'NONE', #131, #6774 ) ;
#1904 = EDGE_CURVE ( 'NONE', #1016, #6956, #4981, .T. ) ;
#1905 = DIRECTION ( 'NONE',  ( -1.000000000000000000, 0.000000000000000000, 0.000000000000000000 ) ) ;
#1906 = ADVANCED_FACE ( 'NONE', ( #6729 ), #5844, .F. ) ;
#1907 = VERTEX_POINT ( 'NONE', #5155 ) ;
#1908 = AXIS2_PLACEMENT_3D ( 'NONE', #5637, #1024, #470 ) ;
#1909 = ORIENTED_EDGE ( 'NONE', *, *, #3970, .F. ) ;
#1910 = CARTESIAN_POINT ( 'NONE',  ( -0.07667901806391849706, -0.02246410375173685248, 0.09035433070866143168 ) ) ;
#1911 = VERTEX_POINT ( 'NONE', #6453 ) ;
#1912 = DIRECTION ( 'NONE',  ( 0.000000000000000000, 1.224606353822379970E-16, -1.000000000000000000 ) ) ;
#1913 = AXIS2_PLACEMENT_3D ( 'NONE', #4949, #2080, #4391 ) ;
#1914 = ORIENTED_EDGE ( 'NONE', *, *, #5803, .T. ) ;
#1915 = DIRECTION ( 'NONE',  ( 0.000000000000000000, 1.224606353822379970E-16, -1.000000000000000000 ) ) ;
#1916 = LINE ( 'NONE', #6037, #2306 ) ;
#1917 = EDGE_CURVE ( 'NONE', #4055, #5275, #3573, .T. ) ;
#1918 = AXIS2_PLACEMENT_3D ( 'NONE', #1249, #3636, #5869 ) ;
#1919 = CYLINDRICAL_SURFACE ( 'NONE', #4502, 0.001968503937007874856 ) ;
#1920 = FACE_OUTER_BOUND ( 'NONE', #4346, .T. ) ;
#1921 = CARTESIAN_POINT ( 'NONE',  ( -0.05590551181102362821, -0.01220472440944889853, 0.1137978392235854258 ) ) ;
#1922 = CARTESIAN_POINT ( 'NONE',  ( 0.04980888922789999951, -0.02559055118110228552, 0.05059055118110235977 ) ) ;
#1923 = ORIENTED_EDGE ( 'NONE', *, *, #6223, .F. ) ;
#1924 = ORIENTED_EDGE ( 'NONE', *, *, #6029, .T. ) ;
#1925 = CARTESIAN_POINT ( 'NONE',  ( -0.08015284854099134770, -0.02061139416396476701, 0.1194881889763779736 ) ) ;
#1926 = ORIENTED_EDGE ( 'NONE', *, *, #235, .F. ) ;
#1927 = AXIS2_PLACEMENT_3D ( 'NONE', #1342, #6531, #2906 ) ;
#1928 = LINE ( 'NONE', #4311, #5466 ) ;
#1929 = ORIENTED_EDGE ( 'NONE', *, *, #4158, .T. ) ;
#1930 = EDGE_CURVE ( 'NONE', #4640, #359, #5659, .T. ) ;
#1931 =( BOUNDED_CURVE ( )  B_SPLINE_CURVE ( 3, ( #6510, #4111, #2332, #5216 ),
 .UNSPECIFIED., .F., .F. ) 
 B_SPLINE_CURVE_WITH_KNOTS ( ( 4, 4 ),
 ( 0.1726814916179672810, 1.570796326794891895 ),
 .UNSPECIFIED. ) 
 CURVE ( )  GEOMETRIC_REPRESENTATION_ITEM ( )  RATIONAL_B_SPLINE_CURVE ( ( 1.000000000000000000, 0.8436327171262206770, 0.8436327171262206770, 1.000000000000000000 ) ) 
 REPRESENTATION_ITEM ( '' )  );
#1932 = EDGE_LOOP ( 'NONE', ( #4814, #5800, #6441, #2312 ) ) ;
#1933 = DIRECTION ( 'NONE',  ( -1.000000000000000000, -0.000000000000000000, -0.000000000000000000 ) ) ;
#1934 =( GEOMETRIC_REPRESENTATION_CONTEXT ( 3 ) GLOBAL_UNCERTAINTY_ASSIGNED_CONTEXT ( ( #3240 ) ) GLOBAL_UNIT_ASSIGNED_CONTEXT ( ( #3974, #3313, #6188 ) ) REPRESENTATION_CONTEXT ( 'NONE', 'WORKASPACE' ) );
#1935 = CARTESIAN_POINT ( 'NONE',  ( -0.07401574803149606196, -0.01574803149606291558, 0.04311023622047244208 ) ) ;
#1936 = CARTESIAN_POINT ( 'NONE',  ( -0.09212598425196850960, -0.02559055118110228552, 0.1037401574803149540 ) ) ;
#1937 = CYLINDRICAL_SURFACE ( 'NONE', #2050, 0.001968503937007874856 ) ;
#1938 = FACE_OUTER_BOUND ( 'NONE', #6178, .T. ) ;
#1939 = DIRECTION ( 'NONE',  ( 0.000000000000000000, -1.000000000000000000, 0.000000000000000000 ) ) ;
#1940 = VECTOR ( 'NONE', #6182, 39.37007874015748854 ) ;
#1941 = ORIENTED_EDGE ( 'NONE', *, *, #4913, .F. ) ;
#1942 = VERTEX_POINT ( 'NONE', #3463 ) ;
#1943 = LINE ( 'NONE', #4085, #176 ) ;
#1944 = CARTESIAN_POINT ( 'NONE',  ( 0.01283001389532193066, -0.02061139416396472537, 0.01909448818897637595 ) ) ;
#1945 = CARTESIAN_POINT ( 'NONE',  ( 0.006692913385826772428, -0.02165354330708653754, 0.05059055118110235977 ) ) ;
#1946 = CARTESIAN_POINT ( 'NONE',  ( -0.1171317238735696958, -0.02559055118110228552, 0.06633858267716535861 ) ) ;
#1947 = ORIENTED_EDGE ( 'NONE', *, *, #5678, .F. ) ;
#1948 = VECTOR ( 'NONE', #3440, 39.37007874015748143 ) ;
#1949 = ORIENTED_EDGE ( 'NONE', *, *, #4175, .T. ) ;
#1950 = EDGE_CURVE ( 'NONE', #1139, #467, #4586, .T. ) ;
#1951 = EDGE_CURVE ( 'NONE', #5422, #67, #6338, .T. ) ;
#1952 = DIRECTION ( 'NONE',  ( 0.000000000000000000, 1.224606353822379970E-16, -1.000000000000000000 ) ) ;
#1953 = ORIENTED_EDGE ( 'NONE', *, *, #4711, .F. ) ;
#1954 =( NAMED_UNIT ( * ) PLANE_ANGLE_UNIT ( ) SI_UNIT ( $, .RADIAN. ) );
#1955 = VECTOR ( 'NONE', #4418, 39.37007874015748143 ) ;
#1956 = VERTEX_POINT ( 'NONE', #1223 ) ;
#1957 = CARTESIAN_POINT ( 'NONE',  ( -0.09212598425196888430, -0.02559055118110224736, 0.1131795707388752042 ) ) ;
#1958 =( LENGTH_UNIT ( ) NAMED_UNIT ( * ) SI_UNIT ( $, .METRE. ) );
#1959 = AXIS2_PLACEMENT_3D ( 'NONE', #1057, #6287, #3452 ) ;
#1960 = DIRECTION ( 'NONE',  ( 0.000000000000000000, -0.000000000000000000, -1.000000000000000000 ) ) ;
#1961 = CARTESIAN_POINT ( 'NONE',  ( -0.07575266327003259137, -0.02072718851320056940, 0.09783464566929132855 ) ) ;
#1962 = DIRECTION ( 'NONE',  ( 0.7071067811865474617, 0.000000000000000000, 0.7071067811865474617 ) ) ;
#1963 = EDGE_CURVE ( 'NONE', #3754, #5898, #1183, .T. ) ;
#1964 = CARTESIAN_POINT ( 'NONE',  ( -0.07667901806391849706, -0.02246410375173685248, 0.04311023622047244208 ) ) ;
#1965 = ORIENTED_EDGE ( 'NONE', *, *, #4524, .F. ) ;
#1966 = ORIENTED_EDGE ( 'NONE', *, *, #3264, .F. ) ;
#1967 = DIRECTION ( 'NONE',  ( -0.4705882352940230495, -0.8823529411765209662, 0.000000000000000000 ) ) ;
#1968 = VECTOR ( 'NONE', #4748, 39.37007874015748143 ) ;
#1969 = ORIENTED_EDGE ( 'NONE', *, *, #5971, .F. ) ;
#1970 = CIRCLE ( 'NONE', #1220, 0.005905511811023621965 ) ;
#1971 = FACE_OUTER_BOUND ( 'NONE', #500, .T. ) ;
#1972 = ORIENTED_EDGE ( 'NONE', *, *, #6589, .T. ) ;
#1973 = VERTEX_POINT ( 'NONE', #5316 ) ;
#1974 = VECTOR ( 'NONE', #6927, 39.37007874015748143 ) ;
#1975 = VECTOR ( 'NONE', #230, 39.37007874015748143 ) ;
#1976 = DIRECTION ( 'NONE',  ( 1.000000000000000000, 0.000000000000000000, 0.000000000000000000 ) ) ;
#1977 = EDGE_CURVE ( 'NONE', #3549, #5432, #3368, .T. ) ;
#1978 = DIRECTION ( 'NONE',  ( 6.476300976980080477E-16, 1.000000000000000000, 1.224606353822379970E-16 ) ) ;
#1979 = ADVANCED_FACE ( 'NONE', ( #1876 ), #4742, .T. ) ;
#1980 = PLANE ( 'NONE',  #6391 ) ;
#1981 = LINE ( 'NONE', #3787, #2418 ) ;
#1982 = DIRECTION ( 'NONE',  ( -1.000000000000000000, -0.000000000000000000, -0.000000000000000000 ) ) ;
#1983 = AXIS2_PLACEMENT_3D ( 'NONE', #1390, #870, #5999 ) ;
#1984 = ORIENTED_EDGE ( 'NONE', *, *, #762, .T. ) ;
#1985 = ORIENTED_EDGE ( 'NONE', *, *, #2202, .F. ) ;
#1986 = DIRECTION ( 'NONE',  ( -1.000000000000000000, 0.000000000000000000, -0.000000000000000000 ) ) ;
#1987 = AXIS2_PLACEMENT_3D ( 'NONE', #15, #6861, #1535 ) ;
#1988 = CARTESIAN_POINT ( 'NONE',  ( -0.08188976377952757180, -0.01968503937007866356, 0.05649606299212599214 ) ) ;
#1989 = CARTESIAN_POINT ( 'NONE',  ( -0.08188976377952757180, -0.01968503937007866356, 0.04311023622047244208 ) ) ;
#1990 = CARTESIAN_POINT ( 'NONE',  ( 0.002755905511811061314, -0.01574803149606291558, 0.1037401574803149540 ) ) ;
#1991 = VECTOR ( 'NONE', #5822, 39.37007874015748143 ) ;
#1992 = ORIENTED_EDGE ( 'NONE', *, *, #4755, .T. ) ;
#1993 = CARTESIAN_POINT ( 'NONE',  ( -0.07007874015748032093, -0.01377952755905503986, 0.1135826771653543343 ) ) ;
#1994 = VECTOR ( 'NONE', #6055, 39.37007874015748143 ) ;
#1995 = ORIENTED_EDGE ( 'NONE', *, *, #6292, .T. ) ;
#1996 = CARTESIAN_POINT ( 'NONE',  ( 0.006692913385826772428, -0.02165354330708653754, 0.04074803149606298636 ) ) ;
#1997 = VERTEX_POINT ( 'NONE', #24 ) ;
#1998 = DIRECTION ( 'NONE',  ( 0.000000000000000000, 0.000000000000000000, -1.000000000000000000 ) ) ;
#1999 = PLANE ( 'NONE',  #3528 ) ;
#2000 = VECTOR ( 'NONE', #1034, 39.37007874015748143 ) ;
#2001 = CARTESIAN_POINT ( 'NONE',  ( 0.02480314960629933368, -0.02559055118110227164, 0.09783464566929132855 ) ) ;
#2002 = DIRECTION ( 'NONE',  ( 0.000000000000000000, 1.224606353822379970E-16, -1.000000000000000000 ) ) ;
#2003 = DIRECTION ( 'NONE',  ( -1.000000000000000000, -0.000000000000000000, -0.000000000000000000 ) ) ;
#2004 = LINE ( 'NONE', #1432, #4931 ) ;
#2005 = ORIENTED_EDGE ( 'NONE', *, *, #2186, .T. ) ;
#2006 = PLANE ( 'NONE',  #6417 ) ;
#2007 = ORIENTED_EDGE ( 'NONE', *, *, #6304, .T. ) ;
#2008 = DIRECTION ( 'NONE',  ( -0.4705882352941775371, -0.8823529411764386987, 0.000000000000000000 ) ) ;
#2009 = ORIENTED_EDGE ( 'NONE', *, *, #6590, .F. ) ;
#2010 = ADVANCED_FACE ( 'NONE', ( #6975 ), #5804, .F. ) ;
#2011 = ADVANCED_FACE ( 'NONE', ( #555 ), #6943, .F. ) ;
#2012 = DIRECTION ( 'NONE',  ( -1.000000000000000000, -0.000000000000000000, -0.000000000000000000 ) ) ;
#2013 = CARTESIAN_POINT ( 'NONE',  ( 0.01456692913385826751, -0.01968503937007866356, 0.07224409448818898405 ) ) ;
#2014 = DIRECTION ( 'NONE',  ( 0.000000000000000000, 1.224606353822379970E-16, -1.000000000000000000 ) ) ;
#2015 = DIRECTION ( 'NONE',  ( -3.552713678800500140E-15, -1.000000000000000000, -1.224606353822379970E-16 ) ) ;
#2016 = DIRECTION ( 'NONE',  ( -0.000000000000000000, -0.000000000000000000, 1.000000000000000000 ) ) ;
#2017 = DIRECTION ( 'NONE',  ( -0.000000000000000000, -1.224606353822379970E-16, 1.000000000000000000 ) ) ;
#2018 = EDGE_CURVE ( 'NONE', #3334, #6266, #6988, .T. ) ;
#2019 = ORIENTED_EDGE ( 'NONE', *, *, #6951, .T. ) ;
#2020 = ORIENTED_EDGE ( 'NONE', *, *, #6721, .F. ) ;
#2021 = CARTESIAN_POINT ( 'NONE',  ( 0.01456692913385826751, -0.01968503937007866356, 0.07224409448818898405 ) ) ;
#2022 = CARTESIAN_POINT ( 'NONE',  ( 0.01456692913385826751, -0.02165354330708653754, 0.04311023622047244208 ) ) ;
#2023 = DIRECTION ( 'NONE',  ( 0.000000000000000000, -1.000000000000000000, -1.224606353822379970E-16 ) ) ;
#2024 = EDGE_CURVE ( 'NONE', #901, #5106, #2316, .T. ) ;
#2025 = ORIENTED_EDGE ( 'NONE', *, *, #3943, .F. ) ;
#2026 = PRESENTATION_LAYER_ASSIGNMENT (  '', '', ( #5639 ) ) ;
#2027 = LINE ( 'NONE', #784, #1181 ) ;
#2028 = LINE ( 'NONE', #1531, #1069 ) ;
#2029 = ORIENTED_EDGE ( 'NONE', *, *, #6981, .T. ) ;
#2030 = CARTESIAN_POINT ( 'NONE',  ( 0.006692913385826772428, -0.02165354330708653754, 0.1061023622047244097 ) ) ;
#2031 = EDGE_CURVE ( 'NONE', #2436, #2878, #6415, .T. ) ;
#2032 = ORIENTED_EDGE ( 'NONE', *, *, #4762, .T. ) ;
#2033 = DIRECTION ( 'NONE',  ( -1.000000000000000000, 0.000000000000000000, 0.000000000000000000 ) ) ;
#2034 = CARTESIAN_POINT ( 'NONE',  ( -0.07007874015748032093, -0.01574803149606291558, 0.08799212598425197596 ) ) ;
#2035 = AXIS2_PLACEMENT_3D ( 'NONE', #4916, #2117, #2045 ) ;
#2036 = FACE_OUTER_BOUND ( 'NONE', #117, .T. ) ;
#2037 = FACE_OUTER_BOUND ( 'NONE', #355, .T. ) ;
#2038 = VERTEX_POINT ( 'NONE', #4134 ) ;
#2039 = ORIENTED_EDGE ( 'NONE', *, *, #6222, .T. ) ;
#2040 = CARTESIAN_POINT ( 'NONE',  ( -0.07007874015748032093, -0.01968503937007873988, -0.2362204724409449064 ) ) ;
#2041 = DIRECTION ( 'NONE',  ( 0.000000000000000000, -0.000000000000000000, -1.000000000000000000 ) ) ;
#2042 = AXIS2_PLACEMENT_3D ( 'NONE', #4306, #2527, #5404 ) ;
#2043 = COLOUR_RGB ( '',0.6470588235294117974, 0.5176470588235293491, 0.000000000000000000 ) ;
#2044 = DIRECTION ( 'NONE',  ( -0.000000000000000000, 0.000000000000000000, 1.000000000000000000 ) ) ;
#2045 = DIRECTION ( 'NONE',  ( 0.4705882352941179736, -0.8823529411764702290, 0.000000000000000000 ) ) ;
#2046 = DIRECTION ( 'NONE',  ( 0.000000000000000000, 1.224606353822379970E-16, -1.000000000000000000 ) ) ;
#2047 = EDGE_CURVE ( 'NONE', #3080, #2784, #3539, .T. ) ;
#2048 = LINE ( 'NONE', #4355, #5679 ) ;
#2049 = PLANE ( 'NONE',  #3404 ) ;
#2050 = AXIS2_PLACEMENT_3D ( 'NONE', #884, #4194, #5381 ) ;
#2051 = ORIENTED_EDGE ( 'NONE', *, *, #4542, .F. ) ;
#2052 = EDGE_LOOP ( 'NONE', ( #435, #3420, #7125, #535 ) ) ;
#2053 = FACE_OUTER_BOUND ( 'NONE', #940, .T. ) ;
#2054 = CARTESIAN_POINT ( 'NONE',  ( -0.08188976377952757180, -0.01968503937007866356, 0.04074803149606298636 ) ) ;
#2055 = EDGE_CURVE ( 'NONE', #1276, #5680, #591, .T. ) ;
#2056 = DIRECTION ( 'NONE',  ( 0.000000000000000000, 0.000000000000000000, -1.000000000000000000 ) ) ;
#2057 = ORIENTED_EDGE ( 'NONE', *, *, #358, .T. ) ;
#2058 = ORIENTED_EDGE ( 'NONE', *, *, #4857, .F. ) ;
#2059 = EDGE_CURVE ( 'NONE', #4971, #1911, #99, .T. ) ;
#2060 = EDGE_CURVE ( 'NONE', #7383, #4778, #476, .T. ) ;
#2061 = LINE ( 'NONE', #862, #6770 ) ;
#2062 = EDGE_CURVE ( 'NONE', #2172, #7082, #3722, .T. ) ;
#2063 = VERTEX_POINT ( 'NONE', #3645 ) ;
#2064 = CARTESIAN_POINT ( 'NONE',  ( 0.02480314960629930940, -0.02559055118110224736, 0.05649606299212597826 ) ) ;
#2065 = CARTESIAN_POINT ( 'NONE',  ( -0.09212598425196850960, -0.02165354330708653754, 0.08799212598425197596 ) ) ;
#2066 = ORIENTED_EDGE ( 'NONE', *, *, #5214, .F. ) ;
#2067 = CARTESIAN_POINT ( 'NONE',  ( -0.08015284854099133383, -0.02061139416396472537, 0.04311023622047244208 ) ) ;
#2068 = LENGTH_MEASURE_WITH_UNIT ( LENGTH_MEASURE( 0.02539999999999999897 ), #5735 );
#2069 = CIRCLE ( 'NONE', #7017, 0.005905511811023620231 ) ;
#2070 = LINE ( 'NONE', #3179, #1134 ) ;
#2071 = CARTESIAN_POINT ( 'NONE',  ( -0.07667901806391849706, -0.02246410375173685248, 0.07460629921259842590 ) ) ;
#2072 = ORIENTED_EDGE ( 'NONE', *, *, #895, .T. ) ;
#2073 = ORIENTED_EDGE ( 'NONE', *, *, #4836, .F. ) ;
#2074 = DIRECTION ( 'NONE',  ( -3.204232332041976293E-15, 0.9851275630313930387, 0.1718245749473236439 ) ) ;
#2075 = DIRECTION ( 'NONE',  ( 0.000000000000000000, 1.000000000000000000, 1.224606353822379970E-16 ) ) ;
#2076 = VERTEX_POINT ( 'NONE', #4296 ) ;
#2077 = VECTOR ( 'NONE', #4258, 39.37007874015748143 ) ;
#2078 = FILL_AREA_STYLE_COLOUR ( '', #2366 ) ;
#2079 = CARTESIAN_POINT ( 'NONE',  ( 0.006692913385826768091, -0.01968503937007860805, 0.07224409448818898405 ) ) ;
#2080 = DIRECTION ( 'NONE',  ( -1.000000000000000000, -3.837386249217209879E-15, 0.000000000000000000 ) ) ;
#2082 = CARTESIAN_POINT ( 'NONE',  ( 0.01283001389532192719, -0.02061139416396473925, 0.08208661417322835052 ) ) ;
#2081 = VECTOR ( 'NONE', #3078, 39.37007874015748854 ) ;
#2083 = CARTESIAN_POINT ( 'NONE',  ( -0.08015284854099134770, -0.02061139416396475660, 0.02500000000000000139 ) ) ;
#2084 = VERTEX_POINT ( 'NONE', #6033 ) ;
#2085 = LINE ( 'NONE', #324, #4376 ) ;
#2086 = ADVANCED_FACE ( 'NONE', ( #6608 ), #2553, .T. ) ;
#2087 = ORIENTED_EDGE ( 'NONE', *, *, #6630, .F. ) ;
#2088 = ADVANCED_FACE ( 'NONE', ( #822 ), #4860, .T. ) ;
#2089 = VERTEX_POINT ( 'NONE', #861 ) ;
#2090 = CARTESIAN_POINT ( 'NONE',  ( -0.07575266327003259137, -0.02072718851320056940, 0.07224409448818898405 ) ) ;
#2091 = LINE ( 'NONE', #6603, #4068 ) ;
#2093 = CARTESIAN_POINT ( 'NONE',  ( -0.0003937007874015315380, -0.01968503937007862192, 0.0007874015748031516554 ) ) ;
#2092 = VECTOR ( 'NONE', #1335, 39.37007874015749564 ) ;
#2094 = EDGE_CURVE ( 'NONE', #7274, #4848, #211, .T. ) ;
#2095 = EDGE_CURVE ( 'NONE', #4819, #3844, #2027, .T. ) ;
#2096 = VERTEX_POINT ( 'NONE', #6648 ) ;
#2097 = VERTEX_POINT ( 'NONE', #5358 ) ;
#2098 = ORIENTED_EDGE ( 'NONE', *, *, #5251, .T. ) ;
#2099 = CARTESIAN_POINT ( 'NONE',  ( 0.008429828624363151779, -0.02072718851320047226, 0.08208661417322835052 ) ) ;
#2100 = VECTOR ( 'NONE', #2618, 39.37007874015748143 ) ;
#2101 = CARTESIAN_POINT ( 'NONE',  ( -0.07401574803149606196, -0.02165354330708653754, 0.04311023622047244208 ) ) ;
#2102 = EDGE_CURVE ( 'NONE', #399, #4397, #3686, .T. ) ;
#2103 = EDGE_LOOP ( 'NONE', ( #5970, #3502, #5376, #2962 ) ) ;
#2104 = ORIENTED_EDGE ( 'NONE', *, *, #2934, .T. ) ;
#2105 = DIRECTION ( 'NONE',  ( 0.000000000000000000, 0.000000000000000000, -1.000000000000000000 ) ) ;
#2106 = AXIS2_PLACEMENT_3D ( 'NONE', #5672, #6355, #6281 ) ;
#2107 = LINE ( 'NONE', #1642, #466 ) ;
#2108 = DIRECTION ( 'NONE',  ( 0.000000000000000000, 1.000000000000000000, 0.000000000000000000 ) ) ;
#2109 = CARTESIAN_POINT ( 'NONE',  ( -0.05590551181102362821, 0.01141732283464573158, 0.01503445160072433041 ) ) ;
#2110 = ORIENTED_EDGE ( 'NONE', *, *, #4310, .F. ) ;
#2111 = CARTESIAN_POINT ( 'NONE',  ( -0.0003937007874015168471, -0.02362204724409440112, 0.1377952755905511584 ) ) ;
#2112 = CARTESIAN_POINT ( 'NONE',  ( -0.04940944881889765272, 0.01141732283464574026, 0.02066471342245010390 ) ) ;
#2113 = ORIENTED_EDGE ( 'NONE', *, *, #809, .F. ) ;
#2114 = ADVANCED_FACE ( 'NONE', ( #2590 ), #4896, .F. ) ;
#2115 = DIRECTION ( 'NONE',  ( -1.000000000000000000, -3.552713678800500140E-15, 0.000000000000000000 ) ) ;
#2116 = CARTESIAN_POINT ( 'NONE',  ( -0.08188976377952757180, -0.01968503937007866356, 0.02500000000000000139 ) ) ;
#2117 = DIRECTION ( 'NONE',  ( -0.8823529411764704511, -0.4705882352941180846, 0.000000000000000000 ) ) ;
#2118 = CARTESIAN_POINT ( 'NONE',  ( -0.09212598425196850960, -0.02559055118110228552, 0.08799212598425197596 ) ) ;
#2119 = DIRECTION ( 'NONE',  ( -1.000000000000000000, -0.000000000000000000, -0.000000000000000000 ) ) ;
#2120 = EDGE_LOOP ( 'NONE', ( #4313, #2954, #158, #5839, #6866, #284, #401, #5512, #3017, #2355, #6429, #1143 ) ) ;
#2121 = CARTESIAN_POINT ( 'NONE',  ( 0.002755905511811061314, -0.01574803149606291558, 0.02500000000000000139 ) ) ;
#2122 = CLOSED_SHELL ( 'NONE', ( #2598, #519, #5283, #1021, #821, #7292, #4735, #4983, #781, #2876, #2469, #671, #4951, #701 ) ) ;
#2123 = ORIENTED_EDGE ( 'NONE', *, *, #6120, .T. ) ;
#2124 = DIRECTION ( 'NONE',  ( 0.8823529411764704511, -0.4705882352941180846, -5.762853429752370674E-17 ) ) ;
#2125 = DIRECTION ( 'NONE',  ( -0.7071067811865479058, 0.000000000000000000, 0.7071067811865469066 ) ) ;
#2126 = DIRECTION ( 'NONE',  ( -0.8823529411764704511, -0.4705882352941180846, 0.000000000000000000 ) ) ;
#2127 = FACE_OUTER_BOUND ( 'NONE', #4512, .T. ) ;
#2128 = ORIENTED_EDGE ( 'NONE', *, *, #4871, .F. ) ;
#2129 = EDGE_CURVE ( 'NONE', #1262, #1735, #4332, .T. ) ;
#2130 = ADVANCED_FACE ( 'NONE', ( #3130 ), #2511, .F. ) ;
#2131 = VERTEX_POINT ( 'NONE', #178 ) ;
#2132 = AXIS2_PLACEMENT_3D ( 'NONE', #5170, #2124, #4498 ) ;
#2133 = PLANE ( 'NONE',  #3059 ) ;
#2134 = ORIENTED_EDGE ( 'NONE', *, *, #3753, .F. ) ;
#2135 = ORIENTED_EDGE ( 'NONE', *, *, #3378, .T. ) ;
#2136 = LINE ( 'NONE', #416, #5759 ) ;
#2137 = DIRECTION ( 'NONE',  ( -0.000000000000000000, 0.000000000000000000, 1.000000000000000000 ) ) ;
#2138 = CARTESIAN_POINT ( 'NONE',  ( 0.002755905511811070855, -0.01968503937007862192, 0.1135826771653543343 ) ) ;
#2139 = VERTEX_POINT ( 'NONE', #2476 ) ;
#2140 = AXIS2_PLACEMENT_3D ( 'NONE', #5044, #1608, #5649 ) ;
#2141 = ORIENTED_EDGE ( 'NONE', *, *, #5336, .F. ) ;
#2142 = EDGE_CURVE ( 'NONE', #7351, #1236, #5994, .T. ) ;
#2143 = CARTESIAN_POINT ( 'NONE',  ( -0.07575266327003259137, -0.02072718851320056940, 0.08799212598425197596 ) ) ;
#2144 = ORIENTED_EDGE ( 'NONE', *, *, #2747, .F. ) ;
#2145 = PLANE ( 'NONE',  #3888 ) ;
#2146 = ORIENTED_EDGE ( 'NONE', *, *, #5750, .F. ) ;
#2147 = VECTOR ( 'NONE', #7303, 39.37007874015748143 ) ;
#2148 = DIRECTION ( 'NONE',  ( 1.000000000000000000, 0.000000000000000000, 0.000000000000000000 ) ) ;
#2149 = PLANE ( 'NONE',  #2221 ) ;
#2150 = CARTESIAN_POINT ( 'NONE',  ( -0.08188976377952757180, -0.02165354330708653754, 0.1194881889763779736 ) ) ;
#2151 = LINE ( 'NONE', #2118, #7475 ) ;
#2152 = EDGE_CURVE ( 'NONE', #372, #6389, #4782, .T. ) ;
#2153 = EDGE_CURVE ( 'NONE', #303, #3454, #1340, .T. ) ;
#2154 = DIRECTION ( 'NONE',  ( 0.000000000000000000, -1.000000000000000000, -1.224606353822379970E-16 ) ) ;
#2155 = EDGE_CURVE ( 'NONE', #6035, #6587, #256, .T. ) ;
#2156 = AXIS2_PLACEMENT_3D ( 'NONE', #5093, #7401, #1617 ) ;
#2158 = CIRCLE ( 'NONE', #4681, 0.005905511811023620231 ) ;
#2157 = DIRECTION ( 'NONE',  ( 0.000000000000000000, -1.000000000000000000, -1.224606353822379970E-16 ) ) ;
#2159 = EDGE_LOOP ( 'NONE', ( #3091, #5013, #7031, #3146 ) ) ;
#2160 = ORIENTED_EDGE ( 'NONE', *, *, #3567, .F. ) ;
#2161 = AXIS2_PLACEMENT_3D ( 'NONE', #1540, #1682, #6838 ) ;
#2162 = DIRECTION ( 'NONE',  ( 0.000000000000000000, 1.000000000000000000, -1.224606353822379723E-16 ) ) ;
#2163 = CARTESIAN_POINT ( 'NONE',  ( -0.07922649374710502568, -0.01887447892542818556, 0.05649606299212599214 ) ) ;
#2164 = LINE ( 'NONE', #4466, #5793 ) ;
#2165 = AXIS2_PLACEMENT_3D ( 'NONE', #6518, #5945, #5225 ) ;
#2166 = ORIENTED_EDGE ( 'NONE', *, *, #4812, .T. ) ;
#2167 = PRESENTATION_STYLE_ASSIGNMENT (( #6863 ) ) ;
#2168 = UNCERTAINTY_MEASURE_WITH_UNIT (LENGTH_MEASURE( 1.000000000000000082E-05 ), #5614, 'distance_accuracy_value', 'NONE');
#2169 = CARTESIAN_POINT ( 'NONE',  ( 0.009356183418249175432, -0.02246410375173684901, 0.02500000000000000139 ) ) ;
#2170 = ORIENTED_EDGE ( 'NONE', *, *, #1668, .T. ) ;
#2171 = AXIS2_PLACEMENT_3D ( 'NONE', #2231, #960, #5003 ) ;
#2172 = VERTEX_POINT ( 'NONE', #2303 ) ;
#2173 = EDGE_CURVE ( 'NONE', #3107, #3181, #1208, .T. ) ;
#2174 = CIRCLE ( 'NONE', #607, 0.005905511811023621965 ) ;
#2175 = EDGE_CURVE ( 'NONE', #6452, #2347, #7043, .T. ) ;
#2176 = CYLINDRICAL_SURFACE ( 'NONE', #7338, 0.005905511811023621965 ) ;
#2177 = DIRECTION ( 'NONE',  ( -1.000000000000000000, 0.000000000000000000, -0.000000000000000000 ) ) ;
#2178 = LINE ( 'NONE', #3285, #6752 ) ;
#2179 = ORIENTED_EDGE ( 'NONE', *, *, #6222, .F. ) ;
#2180 = VECTOR ( 'NONE', #6845, 39.37007874015748143 ) ;
#2181 = ORIENTED_EDGE ( 'NONE', *, *, #107, .T. ) ;
#2182 = CARTESIAN_POINT ( 'NONE',  ( -0.07007874015748032093, -0.01968503937007873988, -0.2362204724409449064 ) ) ;
#2183 = ORIENTED_EDGE ( 'NONE', *, *, #3079, .F. ) ;
#2184 = DIRECTION ( 'NONE',  ( -0.000000000000000000, -0.000000000000000000, 1.000000000000000000 ) ) ;
#2185 = VECTOR ( 'NONE', #385, 39.37007874015748143 ) ;
#2186 = EDGE_CURVE ( 'NONE', #1872, #5460, #5303, .T. ) ;
#2187 = DIRECTION ( 'NONE',  ( 1.715126521709123516E-15, -1.000000000000000000, 1.715126521709130616E-15 ) ) ;
#2188 = DIRECTION ( 'NONE',  ( -0.000000000000000000, 0.000000000000000000, 1.000000000000000000 ) ) ;
#2189 = DIRECTION ( 'NONE',  ( -1.000000000000000000, 0.000000000000000000, 0.000000000000000000 ) ) ;
#2190 = LINE ( 'NONE', #4393, #499 ) ;
#2191 = CARTESIAN_POINT ( 'NONE',  ( 0.01456692913385826925, -0.02559055118110228552, 0.09035433070866143168 ) ) ;
#2192 = VERTEX_POINT ( 'NONE', #4770 ) ;
#2193 = EDGE_CURVE ( 'NONE', #2488, #7420, #1781, .T. ) ;
#2194 = ADVANCED_FACE ( 'NONE', ( #4121 ), #6440, .F. ) ;
#2195 = AXIS2_PLACEMENT_3D ( 'NONE', #3710, #1447, #2613 ) ;
#2196 = PLANE ( 'NONE',  #6346 ) ;
#2197 = CARTESIAN_POINT ( 'NONE',  ( 0.01456692913385826751, -0.01968503937007866356, 0.1135826771653543343 ) ) ;
#2198 = PLANE ( 'NONE',  #6977 ) ;
#2199 = ORIENTED_EDGE ( 'NONE', *, *, #6461, .F. ) ;
#2200 = DIRECTION ( 'NONE',  ( 0.000000000000000000, 1.224606353822379970E-16, -1.000000000000000000 ) ) ;
#2201 = PRESENTATION_LAYER_ASSIGNMENT (  '', '', ( #3779 ) ) ;
#2202 = EDGE_CURVE ( 'NONE', #1184, #5274, #2464, .T. ) ;
#2203 = ORIENTED_EDGE ( 'NONE', *, *, #4969, .T. ) ;
#2204 = AXIS2_PLACEMENT_3D ( 'NONE', #624, #17, #4088 ) ;
#2205 = LENGTH_MEASURE_WITH_UNIT ( LENGTH_MEASURE( 0.02539999999999999897 ), #3207 );
#2206 = EDGE_LOOP ( 'NONE', ( #6147, #2290, #703, #1070 ) ) ;
#2207 = ORIENTED_EDGE ( 'NONE', *, *, #5062, .T. ) ;
#2208 = CARTESIAN_POINT ( 'NONE',  ( 0.01456692913385826751, -0.01968503937007866356, 0.01909448818897637595 ) ) ;
#2209 = PLANE ( 'NONE',  #3912 ) ;
#2210 = PLANE ( 'NONE',  #2161 ) ;
#2211 = AXIS2_PLACEMENT_3D ( 'NONE', #4201, #1330, #3121 ) ;
#2212 = EDGE_LOOP ( 'NONE', ( #6374, #6549, #5221, #4976, #3648, #2551, #2473, #3643, #6244, #2662, #7374, #4161 ) ) ;
#2213 = DIRECTION ( 'NONE',  ( -0.000000000000000000, -1.224606353822379970E-16, 1.000000000000000000 ) ) ;
#2214 = CYLINDRICAL_SURFACE ( 'NONE', #1219, 0.001968503937007874856 ) ;
#2215 = VECTOR ( 'NONE', #4499, 39.37007874015748854 ) ;
#2216 = LINE ( 'NONE', #4520, #4661 ) ;
#2217 = LINE ( 'NONE', #2789, #1128 ) ;
#2218 = CARTESIAN_POINT ( 'NONE',  ( -0.07401574803149606196, -0.01574803149606291558, 0.05059055118110235977 ) ) ;
#2219 = DIMENSIONAL_EXPONENTS ( 1.000000000000000000, 0.000000000000000000, 0.000000000000000000, 0.000000000000000000, 0.000000000000000000, 0.000000000000000000, 0.000000000000000000 ) ;
#2220 = PLANE ( 'NONE',  #119 ) ;
#2222 = CARTESIAN_POINT ( 'NONE',  ( -0.07007874015748032093, -0.01574803149606291558, 0.02736220472440945017 ) ) ;
#2221 = AXIS2_PLACEMENT_3D ( 'NONE', #5736, #7433, #6775 ) ;
#2223 = EDGE_CURVE ( 'NONE', #4839, #3080, #5830, .T. ) ;
#2224 = CARTESIAN_POINT ( 'NONE',  ( -0.08015284854099133383, -0.02061139416396472537, 0.05059055118110235977 ) ) ;
#2225 = EDGE_CURVE ( 'NONE', #4185, #3053, #733, .T. ) ;
#2226 = ORIENTED_EDGE ( 'NONE', *, *, #4952, .F. ) ;
#2227 = CARTESIAN_POINT ( 'NONE',  ( 0.01283001389532192719, -0.02061139416396473925, 0.04074803149606298636 ) ) ;
#2228 = CARTESIAN_POINT ( 'NONE',  ( -0.07401574803149606196, -0.02165354330708653754, 0.09783464566929132855 ) ) ;
#2229 = PLANE ( 'NONE',  #1908 ) ;
#2230 = EDGE_LOOP ( 'NONE', ( #1103, #4396, #3790, #6337 ) ) ;
#2231 = CARTESIAN_POINT ( 'NONE',  ( 0.04980888922789999951, -0.01377952755905503986, 0.09783464566929132855 ) ) ;
#2232 = DIRECTION ( 'NONE',  ( 0.4705882352941318514, -0.8823529411764629016, 0.000000000000000000 ) ) ;
#2233 = EDGE_CURVE ( 'NONE', #5274, #59, #6517, .T. ) ;
#2234 = ORIENTED_EDGE ( 'NONE', *, *, #728, .F. ) ;
#2235 = DIRECTION ( 'NONE',  ( 0.000000000000000000, 1.224606353822379970E-16, -1.000000000000000000 ) ) ;
#2236 = EDGE_CURVE ( 'NONE', #7118, #4908, #4610, .T. ) ;
#2237 = CARTESIAN_POINT ( 'NONE',  ( -0.09212598425196850960, -0.02165354330708653754, 0.05649606299212597826 ) ) ;
#2238 = EDGE_LOOP ( 'NONE', ( #3428, #4611, #375, #2562, #6666, #6978, #2782, #5132, #5473, #4708, #5955, #1204 ) ) ;
#2239 = EDGE_LOOP ( 'NONE', ( #3617, #2141, #6711, #6504 ) ) ;
#2240 = DIRECTION ( 'NONE',  ( -1.000000000000000000, 3.552713678800500140E-15, 4.350675744370770171E-31 ) ) ;
#2241 = LINE ( 'NONE', #7323, #1253 ) ;
#2242 = LINE ( 'NONE', #2138, #6148 ) ;
#2243 = ORIENTED_EDGE ( 'NONE', *, *, #5335, .T. ) ;
#2244 = ORIENTED_EDGE ( 'NONE', *, *, #6719, .T. ) ;
#2245 = CARTESIAN_POINT ( 'NONE',  ( -0.08188976377952757180, -0.02165354330708653754, 0.09783464566929132855 ) ) ;
#2246 = DIRECTION ( 'NONE',  ( 1.000000000000000000, 0.000000000000000000, -0.000000000000000000 ) ) ;
#2247 =( NAMED_UNIT ( * ) SI_UNIT ( $, .STERADIAN. ) SOLID_ANGLE_UNIT ( ) );
#2248 = VECTOR ( 'NONE', #4018, 39.37007874015748143 ) ;
#2249 = DIRECTION ( 'NONE',  ( 0.000000000000000000, 0.000000000000000000, 1.000000000000000000 ) ) ;
#2250 = LINE ( 'NONE', #5629, #5905 ) ;
#2251 = DIRECTION ( 'NONE',  ( 0.000000000000000000, -1.000000000000000000, 0.000000000000000000 ) ) ;
#2252 = DIRECTION ( 'NONE',  ( -3.552713678800500140E-15, 1.000000000000000000, 0.000000000000000000 ) ) ;
#2253 = ORIENTED_EDGE ( 'NONE', *, *, #2059, .F. ) ;
#2254 = CARTESIAN_POINT ( 'NONE',  ( -0.07575266327003259137, -0.02072718851320056940, 0.01909448818897637595 ) ) ;
#2255 = VERTEX_POINT ( 'NONE', #2379 ) ;
#2256 = ORIENTED_EDGE ( 'NONE', *, *, #6818, .T. ) ;
#2257 = ADVANCED_FACE ( 'NONE', ( #4685 ), #617, .F. ) ;
#2258 = DIRECTION ( 'NONE',  ( 0.000000000000000000, 1.000000000000000000, 0.000000000000000000 ) ) ;
#2259 = EDGE_CURVE ( 'NONE', #635, #6585, #4083, .T. ) ;
#2260 = FACE_OUTER_BOUND ( 'NONE', #5399, .T. ) ;
#2261 = CARTESIAN_POINT ( 'NONE',  ( -0.07667901806391851094, -0.02246410375173684901, 0.04074803149606298636 ) ) ;
#2262 = VECTOR ( 'NONE', #907, 39.37007874015748143 ) ;
#2263 = ORIENTED_EDGE ( 'NONE', *, *, #5148, .F. ) ;
#2264 = CARTESIAN_POINT ( 'NONE',  ( -0.07667901806391849706, -0.02246410375173685248, 0.1061023622047244097 ) ) ;
#2265 = CARTESIAN_POINT ( 'NONE',  ( 0.002755905511811070855, -0.01968503937007862192, 0.000000000000000000 ) ) ;
#2266 = AXIS2_PLACEMENT_3D ( 'NONE', #1861, #2341, #88 ) ;
#2267 = EDGE_LOOP ( 'NONE', ( #1090, #1795, #801, #4340 ) ) ;
#2268 = CARTESIAN_POINT ( 'NONE',  ( 0.02480314960629932675, -0.02165354330708653754, 0.08208661417322835052 ) ) ;
#2269 = ADVANCED_FACE ( 'NONE', ( #2923 ), #7080, .F. ) ;
#2270 = VECTOR ( 'NONE', #5237, 39.37007874015748143 ) ;
#2271 = CARTESIAN_POINT ( 'NONE',  ( 0.006692913385826772428, -0.01574803149606291905, 0.04311023622047244208 ) ) ;
#2272 = ORIENTED_EDGE ( 'NONE', *, *, #3944, .T. ) ;
#2273 = ORIENTED_EDGE ( 'NONE', *, *, #5101, .T. ) ;
#2274 = ADVANCED_FACE ( 'NONE', ( #4159 ), #4198, .T. ) ;
#2275 = ADVANCED_FACE ( 'NONE', ( #2882 ), #3487, .T. ) ;
#2276 = PLANE ( 'NONE',  #2504 ) ;
#2277 =( NAMED_UNIT ( * ) PLANE_ANGLE_UNIT ( ) SI_UNIT ( $, .RADIAN. ) );
#2278 = CARTESIAN_POINT ( 'NONE',  ( -0.07575266327003267464, -0.02072718851320047226, 0.03484251968503937480 ) ) ;
#2279 = ORIENTED_EDGE ( 'NONE', *, *, #6818, .F. ) ;
#2280 = DIRECTION ( 'NONE',  ( 1.000000000000000000, -3.675174314182740233E-15, -0.000000000000000000 ) ) ;
#2281 = FILL_AREA_STYLE_COLOUR ( '', #2442 ) ;
#2282 = ADVANCED_FACE ( 'NONE', ( #6932 ), #1750, .T. ) ;
#2283 = DIRECTION ( 'NONE',  ( -1.000000000000000000, -0.000000000000000000, -0.000000000000000000 ) ) ;
#2284 = FILL_AREA_STYLE_COLOUR ( '', #5277 ) ;
#2285 =( GEOMETRIC_REPRESENTATION_CONTEXT ( 3 ) GLOBAL_UNCERTAINTY_ASSIGNED_CONTEXT ( ( #7319 ) ) GLOBAL_UNIT_ASSIGNED_CONTEXT ( ( #2470, #5185, #2383 ) ) REPRESENTATION_CONTEXT ( 'NONE', 'WORKASPACE' ) );
#2286 = LINE ( 'NONE', #1584, #7184 ) ;
#2287 = FACE_OUTER_BOUND ( 'NONE', #1848, .T. ) ;
#2288 = LINE ( 'NONE', #5958, #3740 ) ;
#2289 = DIRECTION ( 'NONE',  ( 0.000000000000000000, 1.224606353822379970E-16, -1.000000000000000000 ) ) ;
#2290 = ORIENTED_EDGE ( 'NONE', *, *, #5090, .F. ) ;
#2291 = CARTESIAN_POINT ( 'NONE',  ( -0.09030577617711772753, -0.02165354330708653754, 0.05885826771653544093 ) ) ;
#2292 = VECTOR ( 'NONE', #3397, 39.37007874015748143 ) ;
#2293 = ORIENTED_EDGE ( 'NONE', *, *, #6902, .T. ) ;
#2294 = LINE ( 'NONE', #4603, #6736 ) ;
#2295 = LINE ( 'NONE', #502, #5375 ) ;
#2296 = LINE ( 'NONE', #2802, #6256 ) ;
#2297 = LINE ( 'NONE', #4606, #5828 ) ;
#2298 = ORIENTED_EDGE ( 'NONE', *, *, #2922, .T. ) ;
#2299 = CARTESIAN_POINT ( 'NONE',  ( 0.008429828624363150044, -0.02072718851320049308, 0.01909448818897637595 ) ) ;
#2300 = LINE ( 'NONE', #5344, #1589 ) ;
#2301 = CIRCLE ( 'NONE', #4247, 0.005905511811023621965 ) ;
#2302 = VECTOR ( 'NONE', #7214, 39.37007874015748143 ) ;
#2303 = CARTESIAN_POINT ( 'NONE',  ( -0.07007874015748032093, -0.01574803149606291558, 0.1135826771653543343 ) ) ;
#2304 = ORIENTED_EDGE ( 'NONE', *, *, #6763, .F. ) ;
#2305 = DIRECTION ( 'NONE',  ( 0.000000000000000000, 1.000000000000000000, 0.000000000000000000 ) ) ;
#2307 = DIRECTION ( 'NONE',  ( 0.000000000000000000, 0.000000000000000000, 1.000000000000000000 ) ) ;
#2306 = VECTOR ( 'NONE', #866, 39.37007874015748143 ) ;
#2308 = VECTOR ( 'NONE', #5030, 39.37007874015748143 ) ;
#2309 = ADVANCED_FACE ( 'NONE', ( #2578 ), #1895, .T. ) ;
#2310 = FACE_OUTER_BOUND ( 'NONE', #783, .T. ) ;
#2311 = EDGE_CURVE ( 'NONE', #2192, #6640, #3591, .T. ) ;
#2312 = ORIENTED_EDGE ( 'NONE', *, *, #7144, .T. ) ;
#2313 = VECTOR ( 'NONE', #2595, 39.37007874015748143 ) ;
#2314 = ORIENTED_EDGE ( 'NONE', *, *, #7095, .T. ) ;
#2315 = ORIENTED_EDGE ( 'NONE', *, *, #3225, .T. ) ;
#2316 = LINE ( 'NONE', #63, #6878 ) ;
#2317 = ORIENTED_EDGE ( 'NONE', *, *, #1827, .F. ) ;
#2318 = ORIENTED_EDGE ( 'NONE', *, *, #3724, .T. ) ;
#2319 = CARTESIAN_POINT ( 'NONE',  ( -0.08015284854099133383, -0.02061139416396472537, 0.07460629921259842590 ) ) ;
#2320 = AXIS2_PLACEMENT_3D ( 'NONE', #3090, #2428, #4813 ) ;
#2321 = EDGE_CURVE ( 'NONE', #6839, #3803, #6555, .T. ) ;
#2322 = LINE ( 'NONE', #1881, #4273 ) ;
#2323 = DIRECTION ( 'NONE',  ( -0.4705882352941775371, -0.8823529411764386987, 0.000000000000000000 ) ) ;
#2324 = CARTESIAN_POINT ( 'NONE',  ( -0.06692913385826770867, -0.02362204724409448786, -0.1574803149606299191 ) ) ;
#2325 = LINE ( 'NONE', #5328, #2875 ) ;
#2326 = LINE ( 'NONE', #4636, #3991 ) ;
#2327 = ORIENTED_EDGE ( 'NONE', *, *, #6270, .F. ) ;
#2328 = LINE ( 'NONE', #5332, #154 ) ;
#2329 = ADVANCED_FACE ( 'NONE', ( #239 ), #4801, .T. ) ;
#2330 = AXIS2_PLACEMENT_3D ( 'NONE', #3863, #6141, #7312 ) ;
#2331 = ORIENTED_EDGE ( 'NONE', *, *, #4215, .F. ) ;
#2332 = CARTESIAN_POINT ( 'NONE',  ( -0.05474451734556443766, -0.01456692913385834905, 0.02598149453078355334 ) ) ;
#2333 = LINE ( 'NONE', #2996, #6707 ) ;
#2334 = VECTOR ( 'NONE', #2044, 39.37007874015748143 ) ;
#2335 = LINE ( 'NONE', #1776, #5899 ) ;
#2336 = FACE_OUTER_BOUND ( 'NONE', #2388, .T. ) ;
#2337 = ORIENTED_EDGE ( 'NONE', *, *, #5472, .T. ) ;
#2338 = DIRECTION ( 'NONE',  ( -0.000000000000000000, -0.000000000000000000, 1.000000000000000000 ) ) ;
#2339 = LINE ( 'NONE', #4119, #4478 ) ;
#2340 = VECTOR ( 'NONE', #4414, 39.37007874015748143 ) ;
#2341 = DIRECTION ( 'NONE',  ( -0.000000000000000000, -0.000000000000000000, 1.000000000000000000 ) ) ;
#2342 = ORIENTED_EDGE ( 'NONE', *, *, #1825, .T. ) ;
#2343 = CARTESIAN_POINT ( 'NONE',  ( -0.1171317238735696958, -0.02559055118110228552, 0.1194881889763779736 ) ) ;
#2344 = CARTESIAN_POINT ( 'NONE',  ( -0.05590551181102362821, -0.01220472440944890026, 0.1137978392235854397 ) ) ;
#2345 = LINE ( 'NONE', #6257, #4496 ) ;
#2346 = VERTEX_POINT ( 'NONE', #7076 ) ;
#2347 = VERTEX_POINT ( 'NONE', #162 ) ;
#2348 = ORIENTED_EDGE ( 'NONE', *, *, #7224, .F. ) ;
#2349 = ADVANCED_FACE ( 'NONE', ( #6513 ), #1937, .F. ) ;
#2350 = VERTEX_POINT ( 'NONE', #3114 ) ;
#2351 = EDGE_CURVE ( 'NONE', #182, #3094, #3191, .T. ) ;
#2352 = DIRECTION ( 'NONE',  ( -1.000000000000000000, 0.000000000000000000, 0.000000000000000000 ) ) ;
#2353 = ORIENTED_EDGE ( 'NONE', *, *, #5183, .T. ) ;
#2354 = ORIENTED_EDGE ( 'NONE', *, *, #2094, .T. ) ;
#2355 = ORIENTED_EDGE ( 'NONE', *, *, #2153, .T. ) ;
#2356 = CARTESIAN_POINT ( 'NONE',  ( 0.01190365910143580813, -0.01887447892542832087, 0.01909448818897637595 ) ) ;
#2357 = SURFACE_STYLE_FILL_AREA ( #6910 ) ;
#2358 = DIRECTION ( 'NONE',  ( 0.000000000000000000, 1.000000000000000000, 0.000000000000000000 ) ) ;
#2359 = DIRECTION ( 'NONE',  ( -0.000000000000000000, -0.000000000000000000, 1.000000000000000000 ) ) ;
#2360 = CARTESIAN_POINT ( 'NONE',  ( 0.01283001389532191679, -0.02061139416396473578, 0.02736220472440945017 ) ) ;
#2361 = ADVANCED_FACE ( 'NONE', ( #197 ), #5904, .F. ) ;
#2362 = DIRECTION ( 'NONE',  ( -0.000000000000000000, -0.000000000000000000, 1.000000000000000000 ) ) ;
#2363 = CARTESIAN_POINT ( 'NONE',  ( -0.07401574803149606196, -0.01968503937007873988, -0.2362204724409449064 ) ) ;
#2364 = ORIENTED_EDGE ( 'NONE', *, *, #2934, .F. ) ;
#2365 = CARTESIAN_POINT ( 'NONE',  ( 0.03243176042908597900, -0.02559055118110224736, 0.07460629921259842590 ) ) ;
#2366 = COLOUR_RGB ( '',0.6470588235294117974, 0.5176470588235293491, 0.000000000000000000 ) ;
#2367 = ORIENTED_EDGE ( 'NONE', *, *, #4261, .T. ) ;
#2368 = CARTESIAN_POINT ( 'NONE',  ( 0.002755905511811070855, -0.01968503937007862192, 0.000000000000000000 ) ) ;
#2369 = CARTESIAN_POINT ( 'NONE',  ( -0.07575266327003259137, -0.02072718851320056940, 0.05649606299212599214 ) ) ;
#2370 = EDGE_CURVE ( 'NONE', #4440, #5725, #4348, .T. ) ;
#2371 = EDGE_CURVE ( 'NONE', #2936, #756, #2458, .T. ) ;
#2372 = CARTESIAN_POINT ( 'NONE',  ( -0.08015284854099133383, -0.02061139416396472537, 0.05885826771653544093 ) ) ;
#2373 = EDGE_CURVE ( 'NONE', #1739, #6303, #4843, .T. ) ;
#2374 = PLANE ( 'NONE',  #4989 ) ;
#2375 = ORIENTED_EDGE ( 'NONE', *, *, #6681, .T. ) ;
#2376 = FACE_OUTER_BOUND ( 'NONE', #6228, .T. ) ;
#2377 = PRESENTATION_LAYER_ASSIGNMENT (  '', '', ( #696 ) ) ;
#2378 = CARTESIAN_POINT ( 'NONE',  ( -0.08188976377952757180, -0.02165354330708653754, 0.01909448818897637595 ) ) ;
#2379 = CARTESIAN_POINT ( 'NONE',  ( 0.01456692913385826751, -0.02165354330708653754, 0.03484251968503937480 ) ) ;
#2380 = VERTEX_POINT ( 'NONE', #5980 ) ;
#2381 = VECTOR ( 'NONE', #5067, 39.37007874015748143 ) ;
#2382 = FACE_OUTER_BOUND ( 'NONE', #5635, .T. ) ;
#2383 =( NAMED_UNIT ( * ) SI_UNIT ( $, .STERADIAN. ) SOLID_ANGLE_UNIT ( ) );
#2384 = AXIS2_PLACEMENT_3D ( 'NONE', #5597, #6776, #1585 ) ;
#2385 = LINE ( 'NONE', #2271, #5476 ) ;
#2386 = COLOUR_RGB ( '',0.6470588235294117974, 0.5176470588235293491, 0.000000000000000000 ) ;
#2387 = VERTEX_POINT ( 'NONE', #769 ) ;
#2388 = EDGE_LOOP ( 'NONE', ( #6542, #5198, #3383, #5050 ) ) ;
#2389 = ORIENTED_EDGE ( 'NONE', *, *, #1668, .F. ) ;
#2390 = VECTOR ( 'NONE', #5879, 39.37007874015748143 ) ;
#2391 = ORIENTED_EDGE ( 'NONE', *, *, #1687, .T. ) ;
#2392 = DIRECTION ( 'NONE',  ( 1.000000000000000000, -0.000000000000000000, 0.000000000000000000 ) ) ;
#2393 = CARTESIAN_POINT ( 'NONE',  ( -0.05263880110148464603, 0.01929133858267741836, 0.001968503937007862279 ) ) ;
#2394 = ORIENTED_EDGE ( 'NONE', *, *, #853, .F. ) ;
#2395 = VERTEX_POINT ( 'NONE', #2495 ) ;
#2396 = PLANE ( 'NONE',  #5940 ) ;
#2397 = LINE ( 'NONE', #1841, #5591 ) ;
#2398 = AXIS2_PLACEMENT_3D ( 'NONE', #6310, #5772, #745 ) ;
#2399 = EDGE_CURVE ( 'NONE', #1942, #3568, #4235, .T. ) ;
#2400 = ADVANCED_FACE ( 'NONE', ( #322 ), #1980, .F. ) ;
#2401 = CARTESIAN_POINT ( 'NONE',  ( 0.006692913385826772428, -0.02165354330708653754, 0.02736220472440945017 ) ) ;
#2402 = FILL_AREA_STYLE ('',( #2284 ) ) ;
#2403 = LINE ( 'NONE', #2360, #5612 ) ;
#2404 = CARTESIAN_POINT ( 'NONE',  ( 0.02480314960629929552, -0.02165354330708653754, 0.07224409448818898405 ) ) ;
#2405 = MECHANICAL_DESIGN_GEOMETRIC_PRESENTATION_REPRESENTATION (  '', ( #1077 ), #732 ) ;
#2406 = FACE_OUTER_BOUND ( 'NONE', #7044, .T. ) ;
#2407 = VERTEX_POINT ( 'NONE', #1408 ) ;
#2408 = CARTESIAN_POINT ( 'NONE',  ( -0.08188976377952757180, -0.02559055118110225777, 0.09035433070866143168 ) ) ;
#2409 = ORIENTED_EDGE ( 'NONE', *, *, #409, .F. ) ;
#2410 = EDGE_CURVE ( 'NONE', #4601, #1719, #5456, .T. ) ;
#2411 = EDGE_CURVE ( 'NONE', #5653, #566, #6629, .T. ) ;
#2412 = ORIENTED_EDGE ( 'NONE', *, *, #6398, .T. ) ;
#2413 = PLANE ( 'NONE',  #5753 ) ;
#2414 = DIRECTION ( 'NONE',  ( -0.000000000000000000, -1.224606353822379970E-16, 1.000000000000000000 ) ) ;
#2415 = DIRECTION ( 'NONE',  ( 1.000000000000000000, 3.552713678800500140E-15, 0.000000000000000000 ) ) ;
#2416 = CARTESIAN_POINT ( 'NONE',  ( -0.1171317238735696958, -0.02559055118110228552, 0.08799212598425197596 ) ) ;
#2417 = LINE ( 'NONE', #1859, #2665 ) ;
#2418 = VECTOR ( 'NONE', #323, 39.37007874015748143 ) ;
#2419 = DIRECTION ( 'NONE',  ( -3.552713678800500140E-15, 1.000000000000000000, 0.000000000000000000 ) ) ;
#2420 = ADVANCED_FACE ( 'NONE', ( #2611 ), #4917, .T. ) ;
#2421 = ADVANCED_FACE ( 'NONE', ( #6667 ), #494, .T. ) ;
#2422 = CARTESIAN_POINT ( 'NONE',  ( -0.09212598425196889818, -0.01377952755905503986, 0.08208661417322835052 ) ) ;
#2423 = CIRCLE ( 'NONE', #4591, 0.001968503937007874856 ) ;
#2424 = ORIENTED_EDGE ( 'NONE', *, *, #6563, .F. ) ;
#2425 = CARTESIAN_POINT ( 'NONE',  ( -0.01141732283464566913, -0.01220472440944874240, 0.02478483794176890992 ) ) ;
#2426 = DIRECTION ( 'NONE',  ( 0.000000000000000000, 1.224606353822379970E-16, -1.000000000000000000 ) ) ;
#2427 = CARTESIAN_POINT ( 'NONE',  ( -0.08188976377952757180, -0.02559055118110229246, 0.1135826771653543343 ) ) ;
#2428 = DIRECTION ( 'NONE',  ( 4.773526345348539605E-16, -0.1718245749473350514, 0.9851275630313912623 ) ) ;
#2429 = ORIENTED_EDGE ( 'NONE', *, *, #1109, .F. ) ;
#2430 = EDGE_CURVE ( 'NONE', #6108, #1000, #1321, .T. ) ;
#2431 = VERTEX_POINT ( 'NONE', #5523 ) ;
#2432 = ORIENTED_EDGE ( 'NONE', *, *, #853, .T. ) ;
#2433 = CIRCLE ( 'NONE', #2683, 0.005905511811023620231 ) ;
#2434 = ORIENTED_EDGE ( 'NONE', *, *, #2699, .T. ) ;
#2435 = CARTESIAN_POINT ( 'NONE',  ( -0.1171317238735696958, -0.01574803149606291558, 0.06633858267716535861 ) ) ;
#2436 = VERTEX_POINT ( 'NONE', #5630 ) ;
#2437 = DIRECTION ( 'NONE',  ( 0.000000000000000000, -1.000000000000000000, -1.224606353822379970E-16 ) ) ;
#2438 = ORIENTED_EDGE ( 'NONE', *, *, #5991, .F. ) ;
#2439 = ORIENTED_EDGE ( 'NONE', *, *, #486, .F. ) ;
#2440 = CYLINDRICAL_SURFACE ( 'NONE', #630, 0.005905511811023620231 ) ;
#2441 = CARTESIAN_POINT ( 'NONE',  ( -0.07401574803149606196, -0.01574803149606291558, 0.09783464566929132855 ) ) ;
#2442 = COLOUR_RGB ( '',0.6470588235294117974, 0.5176470588235293491, 0.000000000000000000 ) ;
#2443 = LINE ( 'NONE', #1116, #645 ) ;
#2444 =( NAMED_UNIT ( * ) SI_UNIT ( $, .STERADIAN. ) SOLID_ANGLE_UNIT ( ) );
#2445 = CARTESIAN_POINT ( 'NONE',  ( 0.01283001389532192719, -0.02061139416396473925, 0.03484251968503937480 ) ) ;
#2446 = DIRECTION ( 'NONE',  ( 1.000000000000000000, 3.552713678800500140E-15, 0.000000000000000000 ) ) ;
#2447 = VECTOR ( 'NONE', #5353, 39.37007874015748143 ) ;
#2448 = ORIENTED_EDGE ( 'NONE', *, *, #6209, .T. ) ;
#2449 = DIRECTION ( 'NONE',  ( -1.000000000000000000, 0.000000000000000000, 0.000000000000000000 ) ) ;
#2450 = VERTEX_POINT ( 'NONE', #2082 ) ;
#2451 = CARTESIAN_POINT ( 'NONE',  ( 0.006692913385826772428, -0.02165354330708653754, 0.05885826771653544093 ) ) ;
#2452 = VERTEX_POINT ( 'NONE', #392 ) ;
#2453 = VECTOR ( 'NONE', #4263, 39.37007874015748143 ) ;
#2454 = ORIENTED_EDGE ( 'NONE', *, *, #6911, .T. ) ;
#2455 = CARTESIAN_POINT ( 'NONE',  ( -0.07401574803149606196, -0.02165354330708653754, 0.02736220472440945017 ) ) ;
#2456 = FACE_OUTER_BOUND ( 'NONE', #6284, .T. ) ;
#2457 = FACE_OUTER_BOUND ( 'NONE', #5197, .T. ) ;
#2458 = LINE ( 'NONE', #2538, #3147 ) ;
#2459 = EDGE_CURVE ( 'NONE', #5386, #58, #2151, .T. ) ;
#2460 = ADVANCED_FACE ( 'NONE', ( #462 ), #6207, .T. ) ;
#2462 = DIRECTION ( 'NONE',  ( -0.000000000000000000, -1.224606353822379970E-16, 1.000000000000000000 ) ) ;
#2461 = CIRCLE ( 'NONE', #1611, 0.005905511811023620231 ) ;
#2463 = PLANE ( 'NONE',  #2921 ) ;
#2464 = LINE ( 'NONE', #3561, #365 ) ;
#2465 = AXIS2_PLACEMENT_3D ( 'NONE', #3627, #1199, #1893 ) ;
#2466 = ORIENTED_EDGE ( 'NONE', *, *, #3761, .T. ) ;
#2467 = DIRECTION ( 'NONE',  ( -1.000000000000000000, 6.476300976980080477E-16, 0.000000000000000000 ) ) ;
#2468 = CARTESIAN_POINT ( 'NONE',  ( 0.002755905511811054809, -0.01574803149606291558, 0.05885826771653544093 ) ) ;
#2469 = ADVANCED_FACE ( 'NONE', ( #6097 ), #7368, .F. ) ;
#2470 =( CONVERSION_BASED_UNIT ( 'INCH', #92 ) LENGTH_UNIT ( ) NAMED_UNIT ( #7388 ) );
#2471 = CARTESIAN_POINT ( 'NONE',  ( -0.08015284854099133383, -0.02061139416396472537, 0.01909448818897637595 ) ) ;
#2472 = VERTEX_POINT ( 'NONE', #3260 ) ;
#2473 = ORIENTED_EDGE ( 'NONE', *, *, #306, .T. ) ;
#2474 = ORIENTED_EDGE ( 'NONE', *, *, #3837, .F. ) ;
#2475 = ADVANCED_FACE ( 'NONE', ( #4456 ), #3818, .T. ) ;
#2476 = CARTESIAN_POINT ( 'NONE',  ( -0.07667901806391835828, -0.02246410375173656104, 0.09783464566929132855 ) ) ;
#2477 = VERTEX_POINT ( 'NONE', #6134 ) ;
#2478 = DIRECTION ( 'NONE',  ( 0.000000000000000000, -0.000000000000000000, -1.000000000000000000 ) ) ;
#2479 = VERTEX_POINT ( 'NONE', #3786 ) ;
#2480 = DIRECTION ( 'NONE',  ( 0.000000000000000000, 1.224606353822379970E-16, -1.000000000000000000 ) ) ;
#2481 = CARTESIAN_POINT ( 'NONE',  ( 0.009356183418249165024, -0.02246410375173678656, 0.05059055118110235977 ) ) ;
#2482 = DIRECTION ( 'NONE',  ( -0.000000000000000000, 0.000000000000000000, 1.000000000000000000 ) ) ;
#2483 = DIRECTION ( 'NONE',  ( 3.552713678800500140E-15, -1.000000000000000000, 0.000000000000000000 ) ) ;
#2484 = DIRECTION ( 'NONE',  ( -1.000000000000000000, 3.552713678800500140E-15, 4.350675744370770171E-31 ) ) ;
#2485 = CARTESIAN_POINT ( 'NONE',  ( 0.02480314960629933368, -0.02559055118110227164, 0.08208661417322835052 ) ) ;
#2486 = EDGE_LOOP ( 'NONE', ( #116, #1984, #3980, #2293 ) ) ;
#2487 = DIRECTION ( 'NONE',  ( -0.000000000000000000, -1.224606353822379970E-16, 1.000000000000000000 ) ) ;
#2488 = VERTEX_POINT ( 'NONE', #917 ) ;
#2489 = DIRECTION ( 'NONE',  ( 0.000000000000000000, -1.000000000000000000, -1.224606353822379970E-16 ) ) ;
#2490 = EDGE_LOOP ( 'NONE', ( #3082, #612, #2531, #6449 ) ) ;
#2491 = ORIENTED_EDGE ( 'NONE', *, *, #1629, .F. ) ;
#2492 = CARTESIAN_POINT ( 'NONE',  ( -0.07667901806391849706, -0.02246410375173685248, 0.1218503937007874155 ) ) ;
#2493 = DIRECTION ( 'NONE',  ( 0.000000000000000000, 1.224606353822379970E-16, -1.000000000000000000 ) ) ;
#2494 = LINE ( 'NONE', #6552, #101 ) ;
#2495 = CARTESIAN_POINT ( 'NONE',  ( -0.05590551181102362821, 0.01141732283464559454, 0.1232283464566928943 ) ) ;
#2496 = CARTESIAN_POINT ( 'NONE',  ( -0.07575266327003267464, -0.02072718851320047226, 0.02736220472440945017 ) ) ;
#2497 = DIRECTION ( 'NONE',  ( 1.000000000000000000, -0.000000000000000000, 0.000000000000000000 ) ) ;
#2498 = EDGE_CURVE ( 'NONE', #7393, #5798, #353, .T. ) ;
#2499 = VERTEX_POINT ( 'NONE', #4491 ) ;
#2500 = EDGE_CURVE ( 'NONE', #5239, #5357, #2644, .T. ) ;
#2501 = EDGE_LOOP ( 'NONE', ( #5525, #2654, #1528, #6489 ) ) ;
#2502 = LINE ( 'NONE', #5350, #7177 ) ;
#2503 = DIRECTION ( 'NONE',  ( 0.000000000000000000, 0.000000000000000000, 1.000000000000000000 ) ) ;
#2504 = AXIS2_PLACEMENT_3D ( 'NONE', #815, #3423, #3007 ) ;
#2505 = DIRECTION ( 'NONE',  ( 1.000000000000000000, 0.000000000000000000, 0.000000000000000000 ) ) ;
#2506 = LINE ( 'NONE', #132, #6079 ) ;
#2507 = VERTEX_POINT ( 'NONE', #1618 ) ;
#2508 = AXIS2_PLACEMENT_3D ( 'NONE', #5903, #121, #4154 ) ;
#2509 = EDGE_CURVE ( 'NONE', #4898, #6735, #948, .T. ) ;
#2510 = ORIENTED_EDGE ( 'NONE', *, *, #6680, .F. ) ;
#2511 = PLANE ( 'NONE',  #5775 ) ;
#2512 = ORIENTED_EDGE ( 'NONE', *, *, #750, .T. ) ;
#2513 = FILL_AREA_STYLE_COLOUR ( '', #3376 ) ;
#2514 = VECTOR ( 'NONE', #484, 39.37007874015748143 ) ;
#2515 = AXIS2_PLACEMENT_3D ( 'NONE', #2750, #2115, #3920 ) ;
#2516 = VERTEX_POINT ( 'NONE', #3890 ) ;
#2517 = CARTESIAN_POINT ( 'NONE',  ( 0.006692913385826772428, -0.02165354330708653754, 0.1218503937007874155 ) ) ;
#2518 =( NAMED_UNIT ( * ) SI_UNIT ( $, .STERADIAN. ) SOLID_ANGLE_UNIT ( ) );
#2519 = EDGE_CURVE ( 'NONE', #4294, #1911, #5561, .T. ) ;
#2520 = EDGE_CURVE ( 'NONE', #4110, #5452, #6240, .T. ) ;
#2521 = EDGE_CURVE ( 'NONE', #143, #4910, #850, .T. ) ;
#2522 = VERTEX_POINT ( 'NONE', #7304 ) ;
#2523 = VECTOR ( 'NONE', #6529, 39.37007874015748143 ) ;
#2524 = DIRECTION ( 'NONE',  ( -3.552713678800500140E-15, -1.000000000000000000, 0.000000000000000000 ) ) ;
#2525 = DIRECTION ( 'NONE',  ( 1.000000000000000000, 6.476300976980080477E-16, 0.000000000000000000 ) ) ;
#2526 = DIRECTION ( 'NONE',  ( 1.000000000000000000, -0.000000000000000000, 0.000000000000000000 ) ) ;
#2527 = DIRECTION ( 'NONE',  ( 0.000000000000000000, 0.000000000000000000, -1.000000000000000000 ) ) ;
#2528 = ORIENTED_EDGE ( 'NONE', *, *, #3314, .F. ) ;
#2529 = ORIENTED_EDGE ( 'NONE', *, *, #3273, .F. ) ;
#2530 = DIRECTION ( 'NONE',  ( -0.000000000000000000, -1.224606353822379970E-16, 1.000000000000000000 ) ) ;
#2531 = ORIENTED_EDGE ( 'NONE', *, *, #3346, .T. ) ;
#2532 = VECTOR ( 'NONE', #3609, 39.37007874015748854 ) ;
#2533 = CARTESIAN_POINT ( 'NONE',  ( -0.07922649374710502568, -0.01887447892542818556, 0.04074803149606298636 ) ) ;
#2534 = ORIENTED_EDGE ( 'NONE', *, *, #6646, .T. ) ;
#2535 = VERTEX_POINT ( 'NONE', #6170 ) ;
#2536 = CARTESIAN_POINT ( 'NONE',  ( 0.01190365910143580813, -0.01887447892542832087, 0.05059055118110235977 ) ) ;
#2537 = LINE ( 'NONE', #4842, #2147 ) ;
#2538 = CARTESIAN_POINT ( 'NONE',  ( 0.002755905511811070855, -0.01968503937007862192, 0.05649606299212599214 ) ) ;
#2539 = PLANE ( 'NONE',  #4469 ) ;
#2540 = CARTESIAN_POINT ( 'NONE',  ( -0.1171317238735696958, -0.02165354330708653754, 0.02500000000000000139 ) ) ;
#2541 = AXIS2_PLACEMENT_3D ( 'NONE', #6404, #6481, #5914 ) ;
#2542 = VERTEX_POINT ( 'NONE', #1013 ) ;
#2543 = ORIENTED_EDGE ( 'NONE', *, *, #3432, .T. ) ;
#2544 = PLANE ( 'NONE',  #6093 ) ;
#2545 = CARTESIAN_POINT ( 'NONE',  ( 0.002755905511811070855, -0.01968503937007862192, 0.09783464566929132855 ) ) ;
#2546 = AXIS2_PLACEMENT_3D ( 'NONE', #6597, #2612, #4768 ) ;
#2547 = CYLINDRICAL_SURFACE ( 'NONE', #383, 0.001968503937007874856 ) ;
#2548 = CARTESIAN_POINT ( 'NONE',  ( 0.006692913385826772428, -0.02165354330708653754, 0.08799212598425197596 ) ) ;
#2549 = AXIS2_PLACEMENT_3D ( 'NONE', #2319, #4660, #6909 ) ;
#2550 = ORIENTED_EDGE ( 'NONE', *, *, #918, .F. ) ;
#2551 = ORIENTED_EDGE ( 'NONE', *, *, #3105, .T. ) ;
#2552 = PRODUCT_DEFINITION_CONTEXT ( 'detailed design', #1529, 'design' ) ;
#2553 = CYLINDRICAL_SURFACE ( 'NONE', #718, 0.005905511811023620231 ) ;
#2554 = ORIENTED_EDGE ( 'NONE', *, *, #5174, .T. ) ;
#2555 = DIRECTION ( 'NONE',  ( 0.000000000000000000, 0.000000000000000000, -1.000000000000000000 ) ) ;
#2556 = AXIS2_PLACEMENT_3D ( 'NONE', #4078, #124, #2419 ) ;
#2557 = ADVANCED_FACE ( 'NONE', ( #1045 ), #3330, .F. ) ;
#2558 = EDGE_CURVE ( 'NONE', #3823, #6761, #3995, .T. ) ;
#2559 = VERTEX_POINT ( 'NONE', #1121 ) ;
#2560 = DIRECTION ( 'NONE',  ( -1.000000000000000000, -8.202091352894185491E-17, 4.702532375659349745E-16 ) ) ;
#2561 = DIRECTION ( 'NONE',  ( 0.000000000000000000, 1.000000000000000000, -0.000000000000000000 ) ) ;
#2562 = ORIENTED_EDGE ( 'NONE', *, *, #5925, .T. ) ;
#2563 = CIRCLE ( 'NONE', #5816, 0.005905511811023620231 ) ;
#2564 = CARTESIAN_POINT ( 'NONE',  ( -0.1171317238735696958, -0.01574803149606291558, 0.09783464566929132855 ) ) ;
#2565 = CARTESIAN_POINT ( 'NONE',  ( 0.03243176042908597900, -0.02559055118110224736, 0.09035433070866143168 ) ) ;
#2566 = LINE ( 'NONE', #7218, #7418 ) ;
#2567 = PLANE ( 'NONE',  #7458 ) ;
#2568 = ORIENTED_EDGE ( 'NONE', *, *, #126, .F. ) ;
#2569 = ORIENTED_EDGE ( 'NONE', *, *, #2155, .F. ) ;
#2570 = CARTESIAN_POINT ( 'NONE',  ( -0.08188976377952757180, -0.01968503937007866356, 0.04074803149606298636 ) ) ;
#2571 = MECHANICAL_DESIGN_GEOMETRIC_PRESENTATION_REPRESENTATION (  '', ( #3779 ), #5583 ) ;
#2572 = VECTOR ( 'NONE', #2075, 39.37007874015748143 ) ;
#2573 = CARTESIAN_POINT ( 'NONE',  ( 0.002755905511811054809, -0.01574803149606291558, 0.1218503937007874155 ) ) ;
#2574 = ORIENTED_EDGE ( 'NONE', *, *, #2658, .F. ) ;
#2575 = CIRCLE ( 'NONE', #3303, 0.001968503937007873988 ) ;
#2576 = CARTESIAN_POINT ( 'NONE',  ( 0.01456692913385826751, -0.02165354330708653754, 0.1037401574803149540 ) ) ;
#2577 = CYLINDRICAL_SURFACE ( 'NONE', #356, 0.001968503937007874856 ) ;
#2578 = FACE_OUTER_BOUND ( 'NONE', #2690, .T. ) ;
#2579 = ADVANCED_FACE ( 'NONE', ( #3956 ), #5206, .T. ) ;
#2580 = CARTESIAN_POINT ( 'NONE',  ( -0.07401574803149606196, -0.01574803149606291558, 0.05649606299212599214 ) ) ;
#2581 = CARTESIAN_POINT ( 'NONE',  ( -0.07401574803149606196, -0.02165354330708653754, 0.1218503937007874155 ) ) ;
#2582 = ORIENTED_EDGE ( 'NONE', *, *, #5529, .T. ) ;
#2583 = ORIENTED_EDGE ( 'NONE', *, *, #367, .T. ) ;
#2584 = CARTESIAN_POINT ( 'NONE',  ( 0.002755905511810936414, 0.01732283464566940906, -0.1574803149606299191 ) ) ;
#2585 = AXIS2_PLACEMENT_3D ( 'NONE', #1752, #2105, #3804 ) ;
#2586 = CYLINDRICAL_SURFACE ( 'NONE', #1663, 0.005905511811023620231 ) ;
#2587 = CARTESIAN_POINT ( 'NONE',  ( 0.01456692913385826751, -0.01968503937007866356, 0.03484251968503937480 ) ) ;
#2588 = ORIENTED_EDGE ( 'NONE', *, *, #4167, .T. ) ;
#2589 = ORIENTED_EDGE ( 'NONE', *, *, #3859, .F. ) ;
#2590 = FACE_OUTER_BOUND ( 'NONE', #4336, .T. ) ;
#2591 = AXIS2_PLACEMENT_3D ( 'NONE', #5025, #7333, #5327 ) ;
#2592 = PLANE ( 'NONE',  #963 ) ;
#2593 = ORIENTED_EDGE ( 'NONE', *, *, #5983, .T. ) ;
#2594 = DIRECTION ( 'NONE',  ( -1.000000000000000000, 0.000000000000000000, 0.000000000000000000 ) ) ;
#2595 = DIRECTION ( 'NONE',  ( 4.350675744370770171E-31, -1.545670522905158356E-45, 1.000000000000000000 ) ) ;
#2596 = ORIENTED_EDGE ( 'NONE', *, *, #2780, .F. ) ;
#2597 = ADVANCED_FACE ( 'NONE', ( #5165 ), #6882, .F. ) ;
#2598 = ADVANCED_FACE ( 'NONE', ( #5921 ), #1732, .F. ) ;
#2599 = DIRECTION ( 'NONE',  ( 0.4705882352941179736, 0.8823529411764702290, 0.000000000000000000 ) ) ;
#2600 = DIRECTION ( 'NONE',  ( -0.000000000000000000, -0.000000000000000000, -1.000000000000000000 ) ) ;
#2601 = LINE ( 'NONE', #4906, #474 ) ;
#2602 = EDGE_LOOP ( 'NONE', ( #6684, #7175, #2364, #3388 ) ) ;
#2603 = ORIENTED_EDGE ( 'NONE', *, *, #7243, .F. ) ;
#2604 = DIRECTION ( 'NONE',  ( 3.552713678800500140E-15, -1.000000000000000000, 0.000000000000000000 ) ) ;
#2605 = EDGE_LOOP ( 'NONE', ( #3521, #1592, #2582, #4863 ) ) ;
#2606 = LINE ( 'NONE', #911, #1485 ) ;
#2607 = ADVANCED_FACE ( 'NONE', ( #3469 ), #1654, .F. ) ;
#2608 =( CONVERSION_BASED_UNIT ( 'INCH', #317 ) LENGTH_UNIT ( ) NAMED_UNIT ( #302 ) );
#2609 = CARTESIAN_POINT ( 'NONE',  ( 0.04980888922789999951, -0.01377952755905503986, 0.1135826771653543343 ) ) ;
#2610 = PLANE ( 'NONE',  #5289 ) ;
#2611 = FACE_OUTER_BOUND ( 'NONE', #270, .T. ) ;
#2612 = DIRECTION ( 'NONE',  ( -0.000000000000000000, -1.224606353822379970E-16, 1.000000000000000000 ) ) ;
#2613 = DIRECTION ( 'NONE',  ( 1.000000000000000000, 0.000000000000000000, 0.000000000000000000 ) ) ;
#2614 = ORIENTED_EDGE ( 'NONE', *, *, #6451, .F. ) ;
#2615 = EDGE_CURVE ( 'NONE', #2450, #3966, #4213, .T. ) ;
#2616 = ADVANCED_FACE ( 'NONE', ( #600 ), #1878, .F. ) ;
#2617 = EDGE_LOOP ( 'NONE', ( #7477, #7220, #1992, #6867 ) ) ;
#2618 = DIRECTION ( 'NONE',  ( -0.000000000000000000, -1.000000000000000000, 0.000000000000000000 ) ) ;
#2619 = CARTESIAN_POINT ( 'NONE',  ( 0.006692913385826772428, -0.01574803149606291558, 0.05059055118110235977 ) ) ;
#2620 = FACE_OUTER_BOUND ( 'NONE', #3551, .T. ) ;
#2621 = ORIENTED_EDGE ( 'NONE', *, *, #1628, .F. ) ;
#2622 = STYLED_ITEM ( 'NONE', ( #427 ), #314 ) ;
#2623 = LENGTH_MEASURE_WITH_UNIT ( LENGTH_MEASURE( 0.02539999999999999897 ), #4407 );
#2624 = VERTEX_POINT ( 'NONE', #4031 ) ;
#2625 = DIRECTION ( 'NONE',  ( 0.000000000000000000, 0.000000000000000000, -1.000000000000000000 ) ) ;
#2626 = AXIS2_PLACEMENT_3D ( 'NONE', #3178, #6001, #3694 ) ;
#2627 = CARTESIAN_POINT ( 'NONE',  ( -0.001181102362204777736, -0.001181102362204602312, -3.361453585954073689E-17 ) ) ;
#2628 = EDGE_LOOP ( 'NONE', ( #2439, #396, #5846, #1641 ) ) ;
#2629 = DIRECTION ( 'NONE',  ( 0.000000000000000000, 0.000000000000000000, -1.000000000000000000 ) ) ;
#2630 =( NAMED_UNIT ( * ) PLANE_ANGLE_UNIT ( ) SI_UNIT ( $, .RADIAN. ) );
#2631 = VECTOR ( 'NONE', #4532, 39.37007874015748854 ) ;
#2632 = CARTESIAN_POINT ( 'NONE',  ( -0.09212598425196850960, -0.02165354330708653754, 0.1061023622047244097 ) ) ;
#2633 = DIRECTION ( 'NONE',  ( 1.000000000000000000, 0.000000000000000000, 0.000000000000000000 ) ) ;
#2634 = ORIENTED_EDGE ( 'NONE', *, *, #6120, .F. ) ;
#2635 = ORIENTED_EDGE ( 'NONE', *, *, #1550, .F. ) ;
#2636 = CARTESIAN_POINT ( 'NONE',  ( -0.07401574803149606196, -0.02165354330708653754, 0.04311023622047244208 ) ) ;
#2637 = EDGE_CURVE ( 'NONE', #1016, #1277, #2288, .T. ) ;
#2638 = ADVANCED_FACE ( 'NONE', ( #6348 ), #787, .T. ) ;
#2639 = VECTOR ( 'NONE', #4104, 39.37007874015748143 ) ;
#2640 = CIRCLE ( 'NONE', #1042, 0.001968503937007874856 ) ;
#2641 = LINE ( 'NONE', #5412, #1651 ) ;
#2642 = DIRECTION ( 'NONE',  ( 1.000000000000000000, 0.000000000000000000, 0.000000000000000000 ) ) ;
#2643 = CARTESIAN_POINT ( 'NONE',  ( 0.04980888922789999951, -0.01574803149606291558, 0.05059055118110235977 ) ) ;
#2644 = LINE ( 'NONE', #6812, #5664 ) ;
#2645 = AXIS2_PLACEMENT_3D ( 'NONE', #5764, #1720, #4023 ) ;
#2646 = LINE ( 'NONE', #4953, #4102 ) ;
#2647 = ORIENTED_EDGE ( 'NONE', *, *, #4524, .T. ) ;
#2648 = EDGE_CURVE ( 'NONE', #4565, #5333, #181, .T. ) ;
#2649 = FACE_OUTER_BOUND ( 'NONE', #2103, .T. ) ;
#2650 = EDGE_CURVE ( 'NONE', #1487, #6159, #4744, .T. ) ;
#2651 = EDGE_CURVE ( 'NONE', #4294, #7290, #3095, .T. ) ;
#2652 = PRESENTATION_LAYER_ASSIGNMENT (  '', '', ( #5915 ) ) ;
#2653 = EDGE_LOOP ( 'NONE', ( #2621, #4805, #3200, #585, #2973, #923, #4097, #4297, #4902, #4618, #3638, #5623 ) ) ;
#2654 = ORIENTED_EDGE ( 'NONE', *, *, #3931, .F. ) ;
#2655 = CARTESIAN_POINT ( 'NONE',  ( -0.1171317238735696958, -0.01377952755905503986, 0.06633858267716535861 ) ) ;
#2656 = CARTESIAN_POINT ( 'NONE',  ( -0.07401574803149606196, -0.01574803149606291558, 0.05885826771653544093 ) ) ;
#2657 = LINE ( 'NONE', #7279, #5321 ) ;
#2658 = EDGE_CURVE ( 'NONE', #5386, #6585, #1300, .T. ) ;
#2659 = EDGE_CURVE ( 'NONE', #5259, #4129, #7402, .T. ) ;
#2660 = VECTOR ( 'NONE', #4126, 39.37007874015748143 ) ;
#2661 = ORIENTED_EDGE ( 'NONE', *, *, #2142, .T. ) ;
#2662 = ORIENTED_EDGE ( 'NONE', *, *, #4534, .T. ) ;
#2663 = ADVANCED_FACE ( 'NONE', ( #3647 ), #2220, .T. ) ;
#2664 = DIRECTION ( 'NONE',  ( -1.000000000000000000, 0.000000000000000000, 0.000000000000000000 ) ) ;
#2665 = VECTOR ( 'NONE', #123, 39.37007874015748143 ) ;
#2666 = CARTESIAN_POINT ( 'NONE',  ( 0.006692913385826768091, -0.01968503937007860805, 0.09783464566929132855 ) ) ;
#2667 = PRODUCT ( 'DF40C-10DP', 'DF40C-10DP', '', ( #4021 ) ) ;
#2668 = ORIENTED_EDGE ( 'NONE', *, *, #4116, .T. ) ;
#2669 = LINE ( 'NONE', #5547, #5482 ) ;
#2670 = CARTESIAN_POINT ( 'NONE',  ( 0.002755905511810997997, 9.790943209292624975E-18, 0.000000000000000000 ) ) ;
#2671 = VECTOR ( 'NONE', #3106, 39.37007874015748143 ) ;
#2672 = FACE_OUTER_BOUND ( 'NONE', #2653, .T. ) ;
#2673 = DIRECTION ( 'NONE',  ( 0.000000000000000000, 0.000000000000000000, 1.000000000000000000 ) ) ;
#2674 = ORIENTED_EDGE ( 'NONE', *, *, #2142, .F. ) ;
#2675 = ORIENTED_EDGE ( 'NONE', *, *, #1291, .T. ) ;
#2676 = CARTESIAN_POINT ( 'NONE',  ( -0.08188976377952757180, -0.01968503937007866356, 0.1135826771653543343 ) ) ;
#2677 = ORIENTED_EDGE ( 'NONE', *, *, #3233, .T. ) ;
#2678 = FACE_OUTER_BOUND ( 'NONE', #5408, .T. ) ;
#2679 = ORIENTED_EDGE ( 'NONE', *, *, #4117, .T. ) ;
#2680 = VECTOR ( 'NONE', #4504, 39.37007874015749564 ) ;
#2681 = CARTESIAN_POINT ( 'NONE',  ( -0.07922649374710502568, -0.01887447892542817515, 0.1194881889763779736 ) ) ;
#2682 = CARTESIAN_POINT ( 'NONE',  ( -0.07401574803149606196, -0.02165354330708653754, 0.1218503937007874155 ) ) ;
#2684 = CARTESIAN_POINT ( 'NONE',  ( 0.002755905511810997997, 9.790943209292624975E-18, 0.000000000000000000 ) ) ;
#2683 = AXIS2_PLACEMENT_3D ( 'NONE', #4712, #5817, #6955 ) ;
#2685 = CARTESIAN_POINT ( 'NONE',  ( -0.08188976377952757180, -0.01968503937007866356, 0.08208661417322835052 ) ) ;
#2686 = ORIENTED_EDGE ( 'NONE', *, *, #6312, .F. ) ;
#2687 = DIRECTION ( 'NONE',  ( 0.000000000000000000, -1.224606353822379970E-16, 1.000000000000000000 ) ) ;
#2688 = AXIS2_PLACEMENT_3D ( 'NONE', #526, #2823, #2246 ) ;
#2689 = AXIS2_PLACEMENT_3D ( 'NONE', #4757, #1889, #4186 ) ;
#2690 = EDGE_LOOP ( 'NONE', ( #4041, #1634, #1694, #1311 ) ) ;
#2691 = ORIENTED_EDGE ( 'NONE', *, *, #6832, .T. ) ;
#2692 = EDGE_CURVE ( 'NONE', #2516, #5694, #1564, .T. ) ;
#2693 = DIRECTION ( 'NONE',  ( 0.000000000000000000, 0.000000000000000000, -1.000000000000000000 ) ) ;
#2694 = EDGE_CURVE ( 'NONE', #1055, #4891, #7212, .T. ) ;
#2695 = PLANE ( 'NONE',  #6625 ) ;
#2697 = FACE_OUTER_BOUND ( 'NONE', #3941, .T. ) ;
#2696 = AXIS2_PLACEMENT_3D ( 'NONE', #5149, #1787, #5186 ) ;
#2698 = ORIENTED_EDGE ( 'NONE', *, *, #1601, .F. ) ;
#2699 = EDGE_CURVE ( 'NONE', #7067, #6938, #2028, .T. ) ;
#2700 = CARTESIAN_POINT ( 'NONE',  ( 0.008429828624363150044, -0.02072718851320047226, 0.07460629921259842590 ) ) ;
#2701 = UNCERTAINTY_MEASURE_WITH_UNIT (LENGTH_MEASURE( 1.000000000000000082E-05 ), #3579, 'distance_accuracy_value', 'NONE');
#2702 = VECTOR ( 'NONE', #5681, 39.37007874015748143 ) ;
#2703 = FILL_AREA_STYLE ('',( #5581 ) ) ;
#2704 = ORIENTED_EDGE ( 'NONE', *, *, #3537, .F. ) ;
#2705 = ORIENTED_EDGE ( 'NONE', *, *, #1977, .F. ) ;
#2706 = MANIFOLD_SOLID_BREP ( 'Split1[3]', #1282 ) ;
#2707 = EDGE_CURVE ( 'NONE', #6747, #3796, #6034, .T. ) ;
#2708 = CIRCLE ( 'NONE', #6220, 0.005905511811023620231 ) ;
#2709 = CARTESIAN_POINT ( 'NONE',  ( -0.05587038007015292934, -0.01261060923215906460, 0.02485563180619509982 ) ) ;
#2710 = CARTESIAN_POINT ( 'NONE',  ( -0.08188976377952757180, -0.02559055118110227164, 0.04074803149606298636 ) ) ;
#2711 = DIRECTION ( 'NONE',  ( 0.000000000000000000, 0.000000000000000000, -1.000000000000000000 ) ) ;
#2712 = EDGE_LOOP ( 'NONE', ( #1050, #7284, #6724, #7309 ) ) ;
#2713 = ORIENTED_EDGE ( 'NONE', *, *, #4967, .T. ) ;
#2714 = LINE ( 'NONE', #1614, #6669 ) ;
#2715 = SURFACE_STYLE_USAGE ( .BOTH. , #424 ) ;
#2716 = AXIS2_PLACEMENT_3D ( 'NONE', #7257, #5965, #794 ) ;
#2717 = EDGE_CURVE ( 'NONE', #3867, #5032, #5558, .T. ) ;
#2718 = CARTESIAN_POINT ( 'NONE',  ( -0.08188976377952757180, -0.01968503937007866356, 0.08208661417322835052 ) ) ;
#2719 = LINE ( 'NONE', #460, #3556 ) ;
#2720 = DIRECTION ( 'NONE',  ( 1.000000000000000000, 6.476300976980080477E-16, 0.000000000000000000 ) ) ;
#2721 = DIRECTION ( 'NONE',  ( 0.000000000000000000, 0.000000000000000000, -1.000000000000000000 ) ) ;
#2722 = DIRECTION ( 'NONE',  ( 0.000000000000000000, 1.000000000000000000, 0.000000000000000000 ) ) ;
#2723 = ORIENTED_EDGE ( 'NONE', *, *, #5971, .T. ) ;
#2724 = CARTESIAN_POINT ( 'NONE',  ( -0.01141732283464574893, 0.01141732283464570730, 0.1232283464566929221 ) ) ;
#2725 = ORIENTED_EDGE ( 'NONE', *, *, #1561, .T. ) ;
#2726 = ORIENTED_EDGE ( 'NONE', *, *, #5803, .F. ) ;
#2727 = DIRECTION ( 'NONE',  ( 1.000000000000000000, -0.000000000000000000, 0.000000000000000000 ) ) ;
#2728 = DIRECTION ( 'NONE',  ( -2.425555188186869466E-15, 0.7071067811865530128, 0.7071067811865420216 ) ) ;
#2729 = CARTESIAN_POINT ( 'NONE',  ( 0.01456692913385826751, -0.01968503937007866356, 0.09783464566929132855 ) ) ;
#2730 = EDGE_CURVE ( 'NONE', #6875, #2936, #5669, .T. ) ;
#2731 = ADVANCED_FACE ( 'NONE', ( #4298 ), #3204, .T. ) ;
#2732 = EDGE_LOOP ( 'NONE', ( #3801, #209, #739, #1381 ) ) ;
#2733 = VECTOR ( 'NONE', #7409, 39.37007874015748854 ) ;
#2734 =( NAMED_UNIT ( * ) SI_UNIT ( $, .STERADIAN. ) SOLID_ANGLE_UNIT ( ) );
#2735 = EDGE_CURVE ( 'NONE', #5111, #4971, #2061, .T. ) ;
#2736 = ORIENTED_EDGE ( 'NONE', *, *, #3577, .F. ) ;
#2737 = ORIENTED_EDGE ( 'NONE', *, *, #6553, .F. ) ;
#2738 = CYLINDRICAL_SURFACE ( 'NONE', #6367, 0.005905511811023620231 ) ;
#2739 = DIRECTION ( 'NONE',  ( -0.000000000000000000, -1.000000000000000000, 0.000000000000000000 ) ) ;
#2740 = DIRECTION ( 'NONE',  ( -3.552713678800500140E-15, -1.000000000000000000, 0.000000000000000000 ) ) ;
#2741 = ORIENTED_EDGE ( 'NONE', *, *, #2186, .F. ) ;
#2742 = AXIS2_PLACEMENT_3D ( 'NONE', #871, #2002, #221 ) ;
#2743 = LINE ( 'NONE', #6699, #5458 ) ;
#2744 = ORIENTED_EDGE ( 'NONE', *, *, #749, .F. ) ;
#2745 = LINE ( 'NONE', #5054, #283 ) ;
#2746 = ADVANCED_FACE ( 'NONE', ( #6610 ), #2592, .F. ) ;
#2747 = EDGE_CURVE ( 'NONE', #359, #3958, #7285, .T. ) ;
#2748 = EDGE_CURVE ( 'NONE', #2878, #2472, #1803, .T. ) ;
#2749 = CIRCLE ( 'NONE', #5645, 0.001968503937007874856 ) ;
#2750 = CARTESIAN_POINT ( 'NONE',  ( 0.02480314960629933368, -0.03007883464566929108, 0.08168350774674922044 ) ) ;
#2751 = CARTESIAN_POINT ( 'NONE',  ( -0.08015284854099134770, -0.02061139416396475660, 0.06633858267716535861 ) ) ;
#2752 = DIRECTION ( 'NONE',  ( 0.000000000000000000, 0.000000000000000000, -1.000000000000000000 ) ) ;
#2753 = DIMENSIONAL_EXPONENTS ( 1.000000000000000000, 0.000000000000000000, 0.000000000000000000, 0.000000000000000000, 0.000000000000000000, 0.000000000000000000, 0.000000000000000000 ) ;
#2754 = CARTESIAN_POINT ( 'NONE',  ( -0.07401574803149606196, -0.02165354330708653754, 0.04074803149606298636 ) ) ;
#2755 = LINE ( 'NONE', #495, #2180 ) ;
#2756 = EDGE_LOOP ( 'NONE', ( #6328, #5501, #854, #5267, #5187, #5589, #4728, #2889 ) ) ;
#2757 = AXIS2_PLACEMENT_3D ( 'NONE', #4344, #309, #6123 ) ;
#2759 = VECTOR ( 'NONE', #2323, 39.37007874015748854 ) ;
#2758 = DIRECTION ( 'NONE',  ( 0.000000000000000000, 1.224606353822379970E-16, -1.000000000000000000 ) ) ;
#2760 = ORIENTED_EDGE ( 'NONE', *, *, #7154, .T. ) ;
#2761 = ORIENTED_EDGE ( 'NONE', *, *, #3753, .T. ) ;
#2762 = VECTOR ( 'NONE', #3169, 39.37007874015748143 ) ;
#2763 = CARTESIAN_POINT ( 'NONE',  ( -0.06692913385826770867, -0.01968503937007873988, 0.02500000000000000486 ) ) ;
#2764 = CARTESIAN_POINT ( 'NONE',  ( -0.01377952755905511445, -0.01456692913385819119, 0.02718270478973380463 ) ) ;
#2765 = VERTEX_POINT ( 'NONE', #4897 ) ;
#2766 = CARTESIAN_POINT ( 'NONE',  ( -0.01145245457551642351, -0.01261060923215913225, 0.1137270453591591873 ) ) ;
#2767 = EDGE_CURVE ( 'NONE', #5984, #5653, #4333, .T. ) ;
#2768 = AXIS2_PLACEMENT_3D ( 'NONE', #7474, #2437, #4172 ) ;
#2769 = ORIENTED_EDGE ( 'NONE', *, *, #6315, .T. ) ;
#2770 = COLOUR_RGB ( '',0.6470588235294117974, 0.5176470588235293491, 0.000000000000000000 ) ;
#2771 = SURFACE_STYLE_USAGE ( .BOTH. , #3343 ) ;
#2772 = CARTESIAN_POINT ( 'NONE',  ( 0.002755905511811065217, -0.02559055118110228552, 0.07224409448818898405 ) ) ;
#2773 = ORIENTED_EDGE ( 'NONE', *, *, #1031, .T. ) ;
#2774 = AXIS2_PLACEMENT_3D ( 'NONE', #686, #5343, #6359 ) ;
#2775 = ORIENTED_EDGE ( 'NONE', *, *, #1733, .T. ) ;
#2776 = MANIFOLD_SOLID_BREP ( 'Split1[14]', #5518 ) ;
#2777 = DIRECTION ( 'NONE',  ( 1.000000000000000000, 0.000000000000000000, 0.000000000000000000 ) ) ;
#2778 = EDGE_CURVE ( 'NONE', #5483, #4093, #6291, .T. ) ;
#2779 = CARTESIAN_POINT ( 'NONE',  ( -0.06692913385826770867, -0.01968503937007873988, 0.05649606299212600602 ) ) ;
#2780 = EDGE_CURVE ( 'NONE', #2347, #1703, #213, .T. ) ;
#2781 = LINE ( 'NONE', #5652, #3730 ) ;
#2782 = ORIENTED_EDGE ( 'NONE', *, *, #621, .T. ) ;
#2783 = VECTOR ( 'NONE', #7370, 39.37007874015748854 ) ;
#2784 = VERTEX_POINT ( 'NONE', #444 ) ;
#2785 = CARTESIAN_POINT ( 'NONE',  ( -0.08015284854099133383, -0.02061139416396472537, 0.04311023622047244208 ) ) ;
#2786 = SURFACE_SIDE_STYLE ('',( #6809 ) ) ;
#2787 = AXIS2_PLACEMENT_3D ( 'NONE', #227, #2487, #4909 ) ;
#2788 = CARTESIAN_POINT ( 'NONE',  ( -0.08188976377952757180, -0.02165354330708653754, 0.08208661417322835052 ) ) ;
#2789 = CARTESIAN_POINT ( 'NONE',  ( -0.07007874015748032093, -0.01968503937007873988, 0.003937007874015758385 ) ) ;
#2790 = CARTESIAN_POINT ( 'NONE',  ( -0.09212598425196850960, -0.02165354330708653754, 0.07460629921259842590 ) ) ;
#2791 = CARTESIAN_POINT ( 'NONE',  ( 0.01456692913385826751, -0.01968503937007866356, 0.02500000000000000139 ) ) ;
#2792 = MANIFOLD_SOLID_BREP ( 'Split1[5]', #2122 ) ;
#2793 = DIRECTION ( 'NONE',  ( 0.000000000000000000, 1.224606353822379970E-16, -1.000000000000000000 ) ) ;
#2794 = EDGE_LOOP ( 'NONE', ( #3942, #3230, #1789, #4553 ) ) ;
#2795 = VECTOR ( 'NONE', #5526, 39.37007874015748143 ) ;
#2796 = DIRECTION ( 'NONE',  ( 0.000000000000000000, 1.000000000000000000, 0.000000000000000000 ) ) ;
#2797 = EDGE_LOOP ( 'NONE', ( #4481, #2066, #5959, #908 ) ) ;
#2798 = COLOUR_RGB ( '',0.6470588235294117974, 0.5176470588235293491, 0.000000000000000000 ) ;
#2799 = ORIENTED_EDGE ( 'NONE', *, *, #7039, .T. ) ;
#2800 = LINE ( 'NONE', #1626, #2215 ) ;
#2801 = EDGE_CURVE ( 'NONE', #7222, #1758, #6330, .T. ) ;
#2802 = CARTESIAN_POINT ( 'NONE',  ( -0.07922649374710512282, -0.01887447892542834862, 0.05649606299212599214 ) ) ;
#2803 = ORIENTED_EDGE ( 'NONE', *, *, #1265, .T. ) ;
#2804 = DIRECTION ( 'NONE',  ( 0.000000000000000000, -1.000000000000000000, -1.224606353822379970E-16 ) ) ;
#2805 = DIRECTION ( 'NONE',  ( 0.5773502691896276184, 0.5773502691896241767, -0.5773502691896255090 ) ) ;
#2806 = DIMENSIONAL_EXPONENTS ( 1.000000000000000000, 0.000000000000000000, 0.000000000000000000, 0.000000000000000000, 0.000000000000000000, 0.000000000000000000, 0.000000000000000000 ) ;
#2807 = VECTOR ( 'NONE', #5451, 39.37007874015748143 ) ;
#2808 = ORIENTED_EDGE ( 'NONE', *, *, #1866, .F. ) ;
#2809 = DIRECTION ( 'NONE',  ( 0.4705882352940230495, 0.8823529411765209662, 0.000000000000000000 ) ) ;
#2810 = VECTOR ( 'NONE', #4127, 39.37007874015748143 ) ;
#2811 = DIRECTION ( 'NONE',  ( -1.000000000000000000, 0.000000000000000000, 0.000000000000000000 ) ) ;
#2812 = DIRECTION ( 'NONE',  ( 0.000000000000000000, 1.000000000000000000, 0.000000000000000000 ) ) ;
#2813 = EDGE_LOOP ( 'NONE', ( #420, #2072, #3911, #4943 ) ) ;
#2814 = VECTOR ( 'NONE', #3578, 39.37007874015748143 ) ;
#2815 = EDGE_LOOP ( 'NONE', ( #3910, #4922, #2966, #5290 ) ) ;
#2816 = PLANE ( 'NONE',  #4545 ) ;
#2817 = CARTESIAN_POINT ( 'NONE',  ( 0.02480314960629929552, -0.02165354330708653754, 0.1037401574803149540 ) ) ;
#2818 = DIRECTION ( 'NONE',  ( -6.123031769111861639E-17, -1.000000000000000000, 6.123031769111887524E-17 ) ) ;
#2819 = AXIS2_PLACEMENT_3D ( 'NONE', #3196, #246, #327 ) ;
#2820 = EDGE_LOOP ( 'NONE', ( #3304, #2736, #3684, #5714 ) ) ;
#2821 = ORIENTED_EDGE ( 'NONE', *, *, #1151, .F. ) ;
#2822 = CARTESIAN_POINT ( 'NONE',  ( -0.06692913385826770867, -0.01968503937007873988, 0.1135826771653543482 ) ) ;
#2823 = DIRECTION ( 'NONE',  ( 0.000000000000000000, 0.000000000000000000, 1.000000000000000000 ) ) ;
#2824 = ADVANCED_FACE ( 'NONE', ( #1063 ), #3377, .T. ) ;
#2825 = ADVANCED_FACE ( 'NONE', ( #5113 ), #7422, .T. ) ;
#2826 = AXIS2_PLACEMENT_3D ( 'NONE', #1935, #683, #2493 ) ;
#2827 = CARTESIAN_POINT ( 'NONE',  ( -0.07922649374710502568, -0.01887447892542818556, 0.09783464566929132855 ) ) ;
#2828 = CARTESIAN_POINT ( 'NONE',  ( 0.008429828624363150044, -0.02072718851320049308, 0.03484251968503937480 ) ) ;
#2829 = CARTESIAN_POINT ( 'NONE',  ( 0.01283001389532193066, -0.02061139416396472537, 0.08208661417322835052 ) ) ;
#2830 = ORIENTED_EDGE ( 'NONE', *, *, #851, .T. ) ;
#2832 = DIRECTION ( 'NONE',  ( 0.000000000000000000, -1.000000000000000000, -1.224606353822379970E-16 ) ) ;
#2831 = VECTOR ( 'NONE', #34, 39.37007874015748143 ) ;
#2833 = ORIENTED_EDGE ( 'NONE', *, *, #7329, .T. ) ;
#2834 = DIRECTION ( 'NONE',  ( -1.000000000000000000, 0.000000000000000000, -0.000000000000000000 ) ) ;
#2835 = ADVANCED_FACE ( 'NONE', ( #5578 ), #411, .T. ) ;
#2836 = VERTEX_POINT ( 'NONE', #171 ) ;
#2837 = ORIENTED_EDGE ( 'NONE', *, *, #1032, .T. ) ;
#2838 = DIRECTION ( 'NONE',  ( 4.437342591868189654E-31, -1.224606353822379970E-16, -1.000000000000000000 ) ) ;
#2839 = LINE ( 'NONE', #5139, #2381 ) ;
#2840 = CARTESIAN_POINT ( 'NONE',  ( -0.08015284854099134770, -0.02061139416396475660, 0.01909448818897637595 ) ) ;
#2841 = ORIENTED_EDGE ( 'NONE', *, *, #1515, .T. ) ;
#2842 = VERTEX_POINT ( 'NONE', #6365 ) ;
#2843 = CARTESIAN_POINT ( 'NONE',  ( -0.08188976377952757180, -0.01968503937007866356, 0.1218503937007874155 ) ) ;
#2844 = CYLINDRICAL_SURFACE ( 'NONE', #6554, 0.001968503937007873988 ) ;
#2845 = EDGE_CURVE ( 'NONE', #4891, #3736, #6969, .T. ) ;
#2846 = EDGE_CURVE ( 'NONE', #2346, #5859, #4689, .T. ) ;
#2847 = EDGE_CURVE ( 'NONE', #1221, #293, #7122, .T. ) ;
#2848 = ORIENTED_EDGE ( 'NONE', *, *, #3187, .F. ) ;
#2849 = CARTESIAN_POINT ( 'NONE',  ( 0.01190365910143580813, -0.01887447892542832087, 0.06633858267716535861 ) ) ;
#2850 = DIRECTION ( 'NONE',  ( -0.8823529411764704511, -0.4705882352941180846, 0.000000000000000000 ) ) ;
#2851 = CARTESIAN_POINT ( 'NONE',  ( -0.07007874015748032093, -0.01968503937007873988, 0.1346456692913385600 ) ) ;
#2852 = EDGE_LOOP ( 'NONE', ( #2883, #3933, #153, #2897 ) ) ;
#2853 = ORIENTED_EDGE ( 'NONE', *, *, #5840, .F. ) ;
#2854 = MANIFOLD_SOLID_BREP ( 'Split1[2]', #3692 ) ;
#2855 = CARTESIAN_POINT ( 'NONE',  ( 0.002755905511811056544, -0.01377952755905503986, 0.1135826771653543343 ) ) ;
#2856 = APPLICATION_PROTOCOL_DEFINITION ( 'draft international standard', 'automotive_design', 1998, #4652 ) ;
#2857 = AXIS2_PLACEMENT_3D ( 'NONE', #1278, #5937, #4676 ) ;
#2858 = DIRECTION ( 'NONE',  ( -0.000000000000000000, -1.224606353822379970E-16, 1.000000000000000000 ) ) ;
#2859 = ORIENTED_EDGE ( 'NONE', *, *, #6673, .F. ) ;
#2860 = LINE ( 'NONE', #7431, #142 ) ;
#2861 = FACE_OUTER_BOUND ( 'NONE', #6087, .T. ) ;
#2862 = CARTESIAN_POINT ( 'NONE',  ( -0.07575266327003259137, -0.02072718851320056940, 0.1037401574803149540 ) ) ;
#2863 = DIRECTION ( 'NONE',  ( 1.000000000000000000, -0.000000000000000000, 0.000000000000000000 ) ) ;
#2864 = CARTESIAN_POINT ( 'NONE',  ( -0.0003937007874015715993, -0.001181102362204602312, 0.1377952755905511584 ) ) ;
#2865 = CARTESIAN_POINT ( 'NONE',  ( 0.01456692913385826751, -0.02165354330708653754, 0.04074803149606298636 ) ) ;
#2866 = CARTESIAN_POINT ( 'NONE',  ( -0.07667901806391851094, -0.02246410375173684901, 0.05649606299212599214 ) ) ;
#2867 = FACE_OUTER_BOUND ( 'NONE', #7281, .T. ) ;
#2868 = VERTEX_POINT ( 'NONE', #3490 ) ;
#2869 = DIRECTION ( 'NONE',  ( 0.000000000000000000, 1.224606353822379970E-16, -1.000000000000000000 ) ) ;
#2870 = VERTEX_POINT ( 'NONE', #2886 ) ;
#2871 = VERTEX_POINT ( 'NONE', #4086 ) ;
#2872 = FACE_OUTER_BOUND ( 'NONE', #3986, .T. ) ;
#2873 = FACE_OUTER_BOUND ( 'NONE', #4106, .T. ) ;
#2874 = DIRECTION ( 'NONE',  ( 0.000000000000000000, 1.000000000000000000, 0.000000000000000000 ) ) ;
#2875 = VECTOR ( 'NONE', #5370, 39.37007874015748143 ) ;
#2876 = ADVANCED_FACE ( 'NONE', ( #3599 ), #2929, .T. ) ;
#2877 = EDGE_CURVE ( 'NONE', #5181, #3184, #5352, .T. ) ;
#2878 = VERTEX_POINT ( 'NONE', #2968 ) ;
#2879 = DIRECTION ( 'NONE',  ( -1.000000000000000000, 0.000000000000000000, 0.000000000000000000 ) ) ;
#2880 = DIRECTION ( 'NONE',  ( 3.552713678800500140E-15, -1.000000000000000000, -0.000000000000000000 ) ) ;
#2881 = VECTOR ( 'NONE', #3843, 39.37007874015748143 ) ;
#2882 = FACE_OUTER_BOUND ( 'NONE', #2852, .T. ) ;
#2883 = ORIENTED_EDGE ( 'NONE', *, *, #2459, .F. ) ;
#2884 = DIRECTION ( 'NONE',  ( 0.000000000000000000, 0.000000000000000000, -1.000000000000000000 ) ) ;
#2885 = EDGE_CURVE ( 'NONE', #6587, #6846, #1903, .T. ) ;
#2886 = CARTESIAN_POINT ( 'NONE',  ( -0.04940944881889765272, 0.01141732283464572291, 0.01535433070866141711 ) ) ;
#2887 = VECTOR ( 'NONE', #7092, 39.37007874015748143 ) ;
#2888 = CARTESIAN_POINT ( 'NONE',  ( -0.08188976377952757180, -0.02165354330708653754, 0.03484251968503937480 ) ) ;
#2889 = ORIENTED_EDGE ( 'NONE', *, *, #1773, .F. ) ;
#2890 = PRESENTATION_LAYER_ASSIGNMENT (  '', '', ( #249 ) ) ;
#2891 = ORIENTED_EDGE ( 'NONE', *, *, #7355, .F. ) ;
#2892 = ORIENTED_EDGE ( 'NONE', *, *, #3708, .F. ) ;
#2893 = APPLICATION_PROTOCOL_DEFINITION ( 'draft international standard', 'automotive_design', 1998, #1529 ) ;
#2894 = ADVANCED_FACE ( 'NONE', ( #7006 ), #3456, .F. ) ;
#2895 = CARTESIAN_POINT ( 'NONE',  ( 0.006692913385826772428, -0.02165354330708653754, 0.01909448818897637595 ) ) ;
#2896 = ORIENTED_EDGE ( 'NONE', *, *, #2924, .F. ) ;
#2897 = ORIENTED_EDGE ( 'NONE', *, *, #319, .T. ) ;
#2898 = CARTESIAN_POINT ( 'NONE',  ( -0.07007874015748032093, -0.01377952755905503986, 0.01909448818897637595 ) ) ;
#2899 = CIRCLE ( 'NONE', #4831, 0.001968503937007874856 ) ;
#2900 = FACE_OUTER_BOUND ( 'NONE', #6992, .T. ) ;
#2901 = CARTESIAN_POINT ( 'NONE',  ( 0.006692913385826772428, -0.01574803149606291905, 0.1218503937007874155 ) ) ;
#2902 = LINE ( 'NONE', #4666, #1440 ) ;
#2903 = AXIS2_PLACEMENT_3D ( 'NONE', #1816, #7040, #613 ) ;
#2904 = DIRECTION ( 'NONE',  ( -0.4705882352941007651, 0.8823529411764794439, 0.000000000000000000 ) ) ;
#2905 = CARTESIAN_POINT ( 'NONE',  ( 0.006692913385826772428, -0.02165354330708653754, 0.06633858267716535861 ) ) ;
#2906 = DIRECTION ( 'NONE',  ( 0.000000000000000000, 0.7071067811865469066, 0.7071067811865479058 ) ) ;
#2907 = DIRECTION ( 'NONE',  ( -3.714925613834969786E-15, 1.000000000000000000, 0.000000000000000000 ) ) ;
#2908 = ORIENTED_EDGE ( 'NONE', *, *, #292, .T. ) ;
#2909 = DIRECTION ( 'NONE',  ( 1.000000000000000000, 0.000000000000000000, 0.000000000000000000 ) ) ;
#2910 = AXIS2_PLACEMENT_3D ( 'NONE', #2496, #4195, #6631 ) ;
#2911 = ORIENTED_EDGE ( 'NONE', *, *, #3233, .F. ) ;
#2912 = DIRECTION ( 'NONE',  ( -1.000000000000000000, 0.000000000000000000, 0.000000000000000000 ) ) ;
#2913 = FACE_OUTER_BOUND ( 'NONE', #4255, .T. ) ;
#2914 = CARTESIAN_POINT ( 'NONE',  ( -0.07401574803149606196, -0.01968503937007873988, 0.08208661417322835052 ) ) ;
#2916 = AXIS2_PLACEMENT_3D ( 'NONE', #2570, #6049, #1273 ) ;
#2915 = LINE ( 'NONE', #6892, #7042 ) ;
#2917 = ORIENTED_EDGE ( 'NONE', *, *, #537, .T. ) ;
#2918 = LINE ( 'NONE', #5748, #7126 ) ;
#2919 = DIRECTION ( 'NONE',  ( 3.675174314182740233E-15, 1.000000000000000000, -1.224606353822379970E-16 ) ) ;
#2920 = MECHANICAL_DESIGN_GEOMETRIC_PRESENTATION_REPRESENTATION (  '', ( #5208 ), #5814 ) ;
#2921 = AXIS2_PLACEMENT_3D ( 'NONE', #3523, #2919, #1860 ) ;
#2922 = EDGE_CURVE ( 'NONE', #3809, #4982, #4203, .T. ) ;
#2923 = FACE_OUTER_BOUND ( 'NONE', #6069, .T. ) ;
#2924 = EDGE_CURVE ( 'NONE', #6413, #1721, #5264, .T. ) ;
#2925 = ORIENTED_EDGE ( 'NONE', *, *, #6589, .F. ) ;
#2926 = CARTESIAN_POINT ( 'NONE',  ( -0.01791338582677170360, 0.01141732283464570730, 0.01535433070866141884 ) ) ;
#2927 = EDGE_CURVE ( 'NONE', #6266, #634, #1786, .T. ) ;
#2929 = PLANE ( 'NONE',  #1689 ) ;
#2928 =( GEOMETRIC_REPRESENTATION_CONTEXT ( 3 ) GLOBAL_UNCERTAINTY_ASSIGNED_CONTEXT ( ( #445 ) ) GLOBAL_UNIT_ASSIGNED_CONTEXT ( ( #5731, #6458, #3505 ) ) REPRESENTATION_CONTEXT ( 'NONE', 'WORKASPACE' ) );
#2930 = AXIS2_PLACEMENT_3D ( 'NONE', #1410, #6710, #4240 ) ;
#2931 = DIRECTION ( 'NONE',  ( 0.000000000000000000, 1.000000000000000000, -0.000000000000000000 ) ) ;
#2932 = VERTEX_POINT ( 'NONE', #2427 ) ;
#2933 = ORIENTED_EDGE ( 'NONE', *, *, #1855, .T. ) ;
#2934 = EDGE_CURVE ( 'NONE', #2347, #6976, #3758, .T. ) ;
#2935 = VECTOR ( 'NONE', #6865, 39.37007874015748143 ) ;
#2936 = VERTEX_POINT ( 'NONE', #3163 ) ;
#2937 = ORIENTED_EDGE ( 'NONE', *, *, #6563, .T. ) ;
#2938 = PRESENTATION_STYLE_ASSIGNMENT (( #5154 ) ) ;
#2939 = DIRECTION ( 'NONE',  ( -0.000000000000000000, -0.000000000000000000, 1.000000000000000000 ) ) ;
#2940 = ORIENTED_EDGE ( 'NONE', *, *, #6793, .F. ) ;
#2941 = DIRECTION ( 'NONE',  ( -1.000000000000000000, 0.000000000000000000, 0.000000000000000000 ) ) ;
#2942 = EDGE_CURVE ( 'NONE', #3184, #5936, #252, .T. ) ;
#2943 = ADVANCED_FACE ( 'NONE', ( #2620 ), #7241, .T. ) ;
#2944 = ADVANCED_FACE ( 'NONE', ( #778 ), #3085, .T. ) ;
#2945 = DIRECTION ( 'NONE',  ( -1.000000000000000000, 0.000000000000000000, 0.000000000000000000 ) ) ;
#2946 = AXIS2_PLACEMENT_3D ( 'NONE', #1672, #3972, #5227 ) ;
#2947 = DIRECTION ( 'NONE',  ( -1.000000000000000000, 0.000000000000000000, 0.000000000000000000 ) ) ;
#2948 = DIRECTION ( 'NONE',  ( -1.000000000000000000, 2.168404344971008868E-15, 0.000000000000000000 ) ) ;
#2949 = DIRECTION ( 'NONE',  ( -0.000000000000000000, -0.000000000000000000, 1.000000000000000000 ) ) ;
#2950 = DIRECTION ( 'NONE',  ( 0.000000000000000000, -1.000000000000000000, -1.224606353822379970E-16 ) ) ;
#2951 = ORIENTED_EDGE ( 'NONE', *, *, #7249, .F. ) ;
#2952 = DIRECTION ( 'NONE',  ( -1.000000000000000000, 0.000000000000000000, 0.000000000000000000 ) ) ;
#2953 = CIRCLE ( 'NONE', #785, 0.005905511811023621965 ) ;
#2954 = ORIENTED_EDGE ( 'NONE', *, *, #5880, .F. ) ;
#2955 = DIRECTION ( 'NONE',  ( 0.000000000000000000, 1.000000000000000000, 0.000000000000000000 ) ) ;
#2956 = CARTESIAN_POINT ( 'NONE',  ( -0.07575266327003267464, -0.02072718851320047226, 0.09783464566929132855 ) ) ;
#2957 = VECTOR ( 'NONE', #7391, 39.37007874015748143 ) ;
#2958 = LINE ( 'NONE', #2372, #6144 ) ;
#2959 = DIRECTION ( 'NONE',  ( -0.000000000000000000, -1.224606353822379970E-16, 1.000000000000000000 ) ) ;
#2960 = ORIENTED_EDGE ( 'NONE', *, *, #54, .F. ) ;
#2961 = LINE ( 'NONE', #5908, #3757 ) ;
#2962 = ORIENTED_EDGE ( 'NONE', *, *, #3975, .F. ) ;
#2963 = DIRECTION ( 'NONE',  ( 1.000000000000000000, -0.000000000000000000, 0.000000000000000000 ) ) ;
#2964 = CIRCLE ( 'NONE', #7196, 0.005905511811023622833 ) ;
#2965 = DIRECTION ( 'NONE',  ( 1.000000000000000000, 8.202091352894185491E-17, -4.702532375659349745E-16 ) ) ;
#2966 = ORIENTED_EDGE ( 'NONE', *, *, #1874, .F. ) ;
#2967 = DIRECTION ( 'NONE',  ( 0.000000000000000000, -0.000000000000000000, -1.000000000000000000 ) ) ;
#2968 = CARTESIAN_POINT ( 'NONE',  ( 0.01190365910143580813, -0.01887447892542832087, 0.09783464566929132855 ) ) ;
#2969 = EDGE_CURVE ( 'NONE', #6954, #3766, #6066, .T. ) ;
#2970 = EDGE_CURVE ( 'NONE', #5043, #3582, #892, .T. ) ;
#2971 = CARTESIAN_POINT ( 'NONE',  ( -0.07401574803149606196, -0.01574803149606291558, 0.02500000000000000139 ) ) ;
#2972 = ORIENTED_EDGE ( 'NONE', *, *, #6701, .F. ) ;
#2973 = ORIENTED_EDGE ( 'NONE', *, *, #628, .F. ) ;
#2974 = ORIENTED_EDGE ( 'NONE', *, *, #1257, .T. ) ;
#2975 = ORIENTED_EDGE ( 'NONE', *, *, #2233, .F. ) ;
#2976 = CARTESIAN_POINT ( 'NONE',  ( 0.01456692913385826751, -0.01968503937007866356, 0.09783464566929132855 ) ) ;
#2977 = ORIENTED_EDGE ( 'NONE', *, *, #5829, .F. ) ;
#2978 = EDGE_CURVE ( 'NONE', #2255, #7118, #7260, .T. ) ;
#2979 = ORIENTED_EDGE ( 'NONE', *, *, #4969, .F. ) ;
#2980 = ADVANCED_FACE ( 'NONE', ( #3198 ), #5536, .T. ) ;
#2981 = ORIENTED_EDGE ( 'NONE', *, *, #1637, .T. ) ;
#2982 = DIRECTION ( 'NONE',  ( 0.000000000000000000, -1.000000000000000000, -1.224606353822379970E-16 ) ) ;
#2983 = DIRECTION ( 'NONE',  ( 4.350675744370770171E-31, -1.545670522905158356E-45, 1.000000000000000000 ) ) ;
#2984 = CARTESIAN_POINT ( 'NONE',  ( 0.01456692913385826751, -0.01968503937007866356, 0.01909448818897637595 ) ) ;
#2985 = DIRECTION ( 'NONE',  ( 0.000000000000000000, 1.224606353822379970E-16, -1.000000000000000000 ) ) ;
#2986 = DIRECTION ( 'NONE',  ( 0.000000000000000000, 0.000000000000000000, -1.000000000000000000 ) ) ;
#2987 = CARTESIAN_POINT ( 'NONE',  ( 0.006692913385826772428, -0.02165354330708653754, 0.02500000000000000139 ) ) ;
#2988 = ADVANCED_FACE ( 'NONE', ( #5500 ), #6026, .F. ) ;
#2989 = PLANE ( 'NONE',  #1469 ) ;
#2990 = EDGE_CURVE ( 'NONE', #7420, #3940, #6678, .T. ) ;
#2991 = CARTESIAN_POINT ( 'NONE',  ( -0.09212598425196850960, -0.02165354330708653754, 0.1218503937007874155 ) ) ;
#2992 = EDGE_LOOP ( 'NONE', ( #6506, #2179, #2830, #1899 ) ) ;
#2993 = VECTOR ( 'NONE', #2148, 39.37007874015748143 ) ;
#2994 = ORIENTED_EDGE ( 'NONE', *, *, #998, .F. ) ;
#2995 = FACE_OUTER_BOUND ( 'NONE', #3208, .T. ) ;
#2996 = CARTESIAN_POINT ( 'NONE',  ( 0.008429828624363151779, -0.02072718851320047226, 0.1135826771653543343 ) ) ;
#2997 = DIRECTION ( 'NONE',  ( -0.4705882352941179736, -0.8823529411764702290, 0.000000000000000000 ) ) ;
#2998 = CARTESIAN_POINT ( 'NONE',  ( -0.08188976377952757180, -0.01968503937007866356, 0.05649606299212599214 ) ) ;
#2999 = EDGE_CURVE ( 'NONE', #663, #3881, #5923, .T. ) ;
#3000 = DIRECTION ( 'NONE',  ( -0.000000000000000000, -0.000000000000000000, 1.000000000000000000 ) ) ;
#3001 = VECTOR ( 'NONE', #6298, 39.37007874015748143 ) ;
#3002 = PLANE ( 'NONE',  #2556 ) ;
#3003 = CARTESIAN_POINT ( 'NONE',  ( -0.01141732283464566913, -0.01456692913385818945, 0.02519685039370079052 ) ) ;
#3004 = ORIENTED_EDGE ( 'NONE', *, *, #5691, .F. ) ;
#3005 = VECTOR ( 'NONE', #7111, 39.37007874015748143 ) ;
#3006 = CARTESIAN_POINT ( 'NONE',  ( -0.08015284854099133383, -0.02061139416396472537, 0.09783464566929132855 ) ) ;
#3007 = DIRECTION ( 'NONE',  ( -0.4705882352941179736, -0.8823529411764702290, 0.000000000000000000 ) ) ;
#3008 = VECTOR ( 'NONE', #341, 39.37007874015748143 ) ;
#3009 = FACE_OUTER_BOUND ( 'NONE', #651, .T. ) ;
#3010 = ORIENTED_EDGE ( 'NONE', *, *, #173, .T. ) ;
#3011 = ORIENTED_EDGE ( 'NONE', *, *, #3256, .F. ) ;
#3012 = ORIENTED_EDGE ( 'NONE', *, *, #6599, .T. ) ;
#3013 = AXIS2_PLACEMENT_3D ( 'NONE', #6907, #1261, #702 ) ;
#3014 = VERTEX_POINT ( 'NONE', #6107 ) ;
#3015 = DIRECTION ( 'NONE',  ( 0.000000000000000000, 0.000000000000000000, 1.000000000000000000 ) ) ;
#3016 = DIRECTION ( 'NONE',  ( -0.000000000000000000, -0.000000000000000000, 1.000000000000000000 ) ) ;
#3017 = ORIENTED_EDGE ( 'NONE', *, *, #1087, .T. ) ;
#3018 = DIRECTION ( 'NONE',  ( 4.350675744370770171E-31, -1.545670522905158356E-45, 1.000000000000000000 ) ) ;
#3019 = DIRECTION ( 'NONE',  ( 0.000000000000000000, 0.000000000000000000, 1.000000000000000000 ) ) ;
#3020 = AXIS2_PLACEMENT_3D ( 'NONE', #5360, #7060, #564 ) ;
#3021 = EDGE_CURVE ( 'NONE', #634, #3323, #4246, .T. ) ;
#3022 = EDGE_CURVE ( 'NONE', #1236, #3131, #2657, .T. ) ;
#3023 = CARTESIAN_POINT ( 'NONE',  ( -0.06692913385826770867, -0.02362204724409448786, 0.0007874015748031506796 ) ) ;
#3024 =( LENGTH_UNIT ( ) NAMED_UNIT ( * ) SI_UNIT ( $, .METRE. ) );
#3025 = CARTESIAN_POINT ( 'NONE',  ( -0.01377952755905510404, -0.01456692913385819119, 0.1113999723756204652 ) ) ;
#3026 = CARTESIAN_POINT ( 'NONE',  ( -0.08188976377952757180, -0.01968503937007866356, 0.02736220472440945017 ) ) ;
#3027 = ORIENTED_EDGE ( 'NONE', *, *, #1517, .T. ) ;
#3028 = CARTESIAN_POINT ( 'NONE',  ( 0.006692913385826772428, -0.02165354330708653754, 0.1037401574803149540 ) ) ;
#3029 = CARTESIAN_POINT ( 'NONE',  ( -0.01141732283464566913, -0.01220472440944874240, 0.02478483794176890992 ) ) ;
#3030 = ORIENTED_EDGE ( 'NONE', *, *, #155, .F. ) ;
#3031 = VECTOR ( 'NONE', #1491, 39.37007874015748143 ) ;
#3032 = ORIENTED_EDGE ( 'NONE', *, *, #5101, .F. ) ;
#3033 = ADVANCED_FACE ( 'NONE', ( #1333 ), #3641, .F. ) ;
#3034 = PLANE ( 'NONE',  #5402 ) ;
#3035 = DIRECTION ( 'NONE',  ( 0.4705882352941007651, -0.8823529411764794439, 0.000000000000000000 ) ) ;
#3036 = CARTESIAN_POINT ( 'NONE',  ( -0.07401574803149606196, -0.02165354330708653754, 0.05649606299212599214 ) ) ;
#3037 = CARTESIAN_POINT ( 'NONE',  ( -0.06692913385826770867, -0.01968503937007873988, -0.2362204724409449064 ) ) ;
#3038 = DIRECTION ( 'NONE',  ( -1.000000000000000000, -3.552713678800500140E-15, 0.000000000000000000 ) ) ;
#3039 = AXIS2_PLACEMENT_3D ( 'NONE', #4145, #5166, #2950 ) ;
#3040 = CARTESIAN_POINT ( 'NONE',  ( -0.06614173228346456601, -0.02362204724409448786, 0.1385826771653543565 ) ) ;
#3041 = DIRECTION ( 'NONE',  ( 0.000000000000000000, 0.000000000000000000, -1.000000000000000000 ) ) ;
#3042 = EDGE_CURVE ( 'NONE', #4096, #3720, #7005, .T. ) ;
#3043 = AXIS2_PLACEMENT_3D ( 'NONE', #3583, #4347, #5969 ) ;
#3044 = EDGE_LOOP ( 'NONE', ( #2279, #1029, #1891, #3066 ) ) ;
#3045 = LINE ( 'NONE', #3676, #3544 ) ;
#3046 = LINE ( 'NONE', #6564, #4667 ) ;
#3047 = DIRECTION ( 'NONE',  ( 0.000000000000000000, 0.000000000000000000, -1.000000000000000000 ) ) ;
#3048 = VECTOR ( 'NONE', #7415, 39.37007874015748143 ) ;
#3049 = DIRECTION ( 'NONE',  ( 0.000000000000000000, 0.000000000000000000, -1.000000000000000000 ) ) ;
#3050 = ORIENTED_EDGE ( 'NONE', *, *, #869, .F. ) ;
#3051 = ORIENTED_EDGE ( 'NONE', *, *, #3615, .F. ) ;
#3052 = VECTOR ( 'NONE', #4996, 39.37007874015748143 ) ;
#3053 = VERTEX_POINT ( 'NONE', #3125 ) ;
#3054 = DIRECTION ( 'NONE',  ( 6.476300976980080477E-16, 1.000000000000000000, 1.224606353822379970E-16 ) ) ;
#3055 = ORIENTED_EDGE ( 'NONE', *, *, #5658, .T. ) ;
#3056 = DIRECTION ( 'NONE',  ( 0.000000000000000000, 1.000000000000000000, 0.000000000000000000 ) ) ;
#3057 = ORIENTED_EDGE ( 'NONE', *, *, #7457, .T. ) ;
#3058 = CARTESIAN_POINT ( 'NONE',  ( -0.01141732283464574893, 0.01141732283464564832, 0.1179179637429041971 ) ) ;
#3059 = AXIS2_PLACEMENT_3D ( 'NONE', #5543, #6833, #6723 ) ;
#3060 = CARTESIAN_POINT ( 'NONE',  ( 0.002755905511811066518, -0.01968503937007862192, 0.04074803149606298636 ) ) ;
#3061 = LINE ( 'NONE', #4594, #6829 ) ;
#3062 = CARTESIAN_POINT ( 'NONE',  ( -0.1171317238735696958, -0.01574803149606291558, 0.08799212598425197596 ) ) ;
#3063 = VECTOR ( 'NONE', #1754, 39.37007874015748143 ) ;
#3064 = ORIENTED_EDGE ( 'NONE', *, *, #3975, .T. ) ;
#3065 = DIRECTION ( 'NONE',  ( -1.000000000000000000, -3.552713678800500140E-15, 0.000000000000000000 ) ) ;
#3066 = ORIENTED_EDGE ( 'NONE', *, *, #2129, .T. ) ;
#3067 = ADVANCED_FACE ( 'NONE', ( #5427 ), #2547, .F. ) ;
#3068 = LINE ( 'NONE', #760, #1975 ) ;
#3069 = EDGE_CURVE ( 'NONE', #6302, #3729, #6604, .T. ) ;
#3070 = ORIENTED_EDGE ( 'NONE', *, *, #7315, .T. ) ;
#3071 = EDGE_LOOP ( 'NONE', ( #4024, #6233, #5124, #2113 ) ) ;
#3072 = FACE_OUTER_BOUND ( 'NONE', #4817, .T. ) ;
#3073 = DIRECTION ( 'NONE',  ( -0.4705882352940230495, -0.8823529411765209662, 0.000000000000000000 ) ) ;
#3074 = LINE ( 'NONE', #5865, #3005 ) ;
#3075 = CARTESIAN_POINT ( 'NONE',  ( 0.01283001389532189077, -0.02061139416396472537, 0.07460629921259842590 ) ) ;
#3077 = LINE ( 'NONE', #885, #261 ) ;
#3076 = VECTOR ( 'NONE', #3232, 39.37007874015748143 ) ;
#3078 = DIRECTION ( 'NONE',  ( 0.4705882352941318514, -0.8823529411764629016, 0.000000000000000000 ) ) ;
#3079 = EDGE_CURVE ( 'NONE', #5552, #2436, #5446, .T. ) ;
#3080 = VERTEX_POINT ( 'NONE', #3902 ) ;
#3081 = AXIS2_PLACEMENT_3D ( 'NONE', #1322, #2414, #4112 ) ;
#3082 = ORIENTED_EDGE ( 'NONE', *, *, #1257, .F. ) ;
#3083 = CARTESIAN_POINT ( 'NONE',  ( 0.006692913385826768091, -0.01968503937007860805, 0.01909448818897637595 ) ) ;
#3084 = DIRECTION ( 'NONE',  ( -0.4705882352941179736, 0.8823529411764702290, 0.000000000000000000 ) ) ;
#3085 = PLANE ( 'NONE',  #1196 ) ;
#3086 = ADVANCED_FACE ( 'NONE', ( #6285 ), #5675, .T. ) ;
#3087 = EDGE_CURVE ( 'NONE', #3080, #4819, #2899, .T. ) ;
#3088 = VECTOR ( 'NONE', #4940, 39.37007874015748143 ) ;
#3089 = ADVANCED_FACE ( 'NONE', ( #2127 ), #1096, .T. ) ;
#3090 = CARTESIAN_POINT ( 'NONE',  ( -0.01141732283464574893, 0.01929133858267732468, 0.1192913385826771533 ) ) ;
#3091 = ORIENTED_EDGE ( 'NONE', *, *, #4409, .F. ) ;
#3092 = EDGE_LOOP ( 'NONE', ( #1125, #6502, #5729, #2593 ) ) ;
#3093 = DIRECTION ( 'NONE',  ( 0.000000000000000000, 0.000000000000000000, 1.000000000000000000 ) ) ;
#3094 = VERTEX_POINT ( 'NONE', #440 ) ;
#3095 = LINE ( 'NONE', #1083, #6152 ) ;
#3096 = ORIENTED_EDGE ( 'NONE', *, *, #4675, .F. ) ;
#3097 = LINE ( 'NONE', #3058, #5341 ) ;
#3098 =( CONVERSION_BASED_UNIT ( 'INCH', #748 ) LENGTH_UNIT ( ) NAMED_UNIT ( #6239 ) );
#3099 = ORIENTED_EDGE ( 'NONE', *, *, #2748, .F. ) ;
#3100 = PLANE ( 'NONE',  #1373 ) ;
#3101 = DIRECTION ( 'NONE',  ( 1.000000000000000000, -0.000000000000000000, 0.000000000000000000 ) ) ;
#3102 = CARTESIAN_POINT ( 'NONE',  ( 0.04980888922789999951, -0.01574803149606291558, 0.08208661417322835052 ) ) ;
#3103 = ORIENTED_EDGE ( 'NONE', *, *, #5335, .F. ) ;
#3104 = VERTEX_POINT ( 'NONE', #4434 ) ;
#3105 = EDGE_CURVE ( 'NONE', #1185, #7274, #7449, .T. ) ;
#3106 = DIRECTION ( 'NONE',  ( 0.000000000000000000, 0.000000000000000000, -1.000000000000000000 ) ) ;
#3107 = VERTEX_POINT ( 'NONE', #3411 ) ;
#3108 = DIRECTION ( 'NONE',  ( 1.000000000000000000, -0.000000000000000000, 0.000000000000000000 ) ) ;
#3109 = ORIENTED_EDGE ( 'NONE', *, *, #2694, .F. ) ;
#3110 = ORIENTED_EDGE ( 'NONE', *, *, #3536, .F. ) ;
#3111 =( NAMED_UNIT ( * ) PLANE_ANGLE_UNIT ( ) SI_UNIT ( $, .RADIAN. ) );
#3112 = DIRECTION ( 'NONE',  ( -0.000000000000000000, 0.000000000000000000, 1.000000000000000000 ) ) ;
#3113 = CARTESIAN_POINT ( 'NONE',  ( -0.09975459507475552268, -0.02559055118110224736, 0.04311023622047244208 ) ) ;
#3114 = CARTESIAN_POINT ( 'NONE',  ( -0.07667901806391835828, -0.02246410375173656104, 0.1135826771653543343 ) ) ;
#3115 = AXIS2_PLACEMENT_3D ( 'NONE', #2455, #7073, #1892 ) ;
#3116 = DIRECTION ( 'NONE',  ( -0.000000000000000000, -0.000000000000000000, 1.000000000000000000 ) ) ;
#3117 = FACE_OUTER_BOUND ( 'NONE', #4932, .T. ) ;
#3118 = EDGE_LOOP ( 'NONE', ( #433, #5118, #4020, #1438, #5329, #7386, #3218, #7104, #7011, #2937, #6124, #4241 ) ) ;
#3119 = ORIENTED_EDGE ( 'NONE', *, *, #6312, .T. ) ;
#3120 = EDGE_CURVE ( 'NONE', #1510, #2836, #5142, .T. ) ;
#3121 = DIRECTION ( 'NONE',  ( -1.000000000000000000, 0.000000000000000000, 0.000000000000000000 ) ) ;
#3122 = ADVANCED_FACE ( 'NONE', ( #6219 ), #7381, .F. ) ;
#3123 = CARTESIAN_POINT ( 'NONE',  ( 0.006692913385826772428, -0.01574803149606291558, 0.05885826771653544093 ) ) ;
#3124 = COLOUR_RGB ( '',0.2509803921568627416, 0.2509803921568627416, 0.2509803921568627416 ) ;
#3125 = CARTESIAN_POINT ( 'NONE',  ( -0.07007874015748032093, -0.01968503937007873988, 0.03484251968503938174 ) ) ;
#3126 = CARTESIAN_POINT ( 'NONE',  ( -0.01791338582677170360, 0.01141732283464570730, 0.02066471342245011777 ) ) ;
#3127 = AXIS2_PLACEMENT_3D ( 'NONE', #5414, #1478, #3746 ) ;
#3128 = VERTEX_POINT ( 'NONE', #1597 ) ;
#3129 = EDGE_CURVE ( 'NONE', #1089, #4923, #1563, .T. ) ;
#3130 = FACE_OUTER_BOUND ( 'NONE', #4437, .T. ) ;
#3131 = VERTEX_POINT ( 'NONE', #3967 ) ;
#3132 = SURFACE_STYLE_FILL_AREA ( #1385 ) ;
#3133 = VECTOR ( 'NONE', #6501, 39.37007874015748143 ) ;
#3134 = CIRCLE ( 'NONE', #3961, 0.005905511811023620231 ) ;
#3135 = EDGE_LOOP ( 'NONE', ( #6682, #4806, #3821, #1953 ) ) ;
#3136 = DIRECTION ( 'NONE',  ( -1.000000000000000000, 0.000000000000000000, 0.000000000000000000 ) ) ;
#3137 = VECTOR ( 'NONE', #2818, 39.37007874015748143 ) ;
#3138 = CARTESIAN_POINT ( 'NONE',  ( -0.01791338582677173136, 0.01929133858267720325, 0.01535433070866141884 ) ) ;
#3139 = EDGE_CURVE ( 'NONE', #6928, #4092, #6716, .T. ) ;
#3140 = CARTESIAN_POINT ( 'NONE',  ( 0.006692913385826772428, -0.01968503937007860805, 0.000000000000000000 ) ) ;
#3141 = FACE_OUTER_BOUND ( 'NONE', #7307, .T. ) ;
#3142 = CARTESIAN_POINT ( 'NONE',  ( 0.01456692913385826751, -0.02559055118110226817, 0.1194881889763779736 ) ) ;
#3143 = ORIENTED_EDGE ( 'NONE', *, *, #3929, .T. ) ;
#3144 = ORIENTED_EDGE ( 'NONE', *, *, #4236, .T. ) ;
#3145 = DIRECTION ( 'NONE',  ( 0.000000000000000000, 0.000000000000000000, 1.000000000000000000 ) ) ;
#3146 = ORIENTED_EDGE ( 'NONE', *, *, #1537, .F. ) ;
#3147 = VECTOR ( 'NONE', #6014, 39.37007874015748143 ) ;
#3148 = CARTESIAN_POINT ( 'NONE',  ( -0.1171317238735696958, -0.02559055118110224736, 0.02500000000000000139 ) ) ;
#3149 = ORIENTED_EDGE ( 'NONE', *, *, #4236, .F. ) ;
#3150 = SURFACE_SIDE_STYLE ('',( #7150 ) ) ;
#3151 = PRESENTATION_LAYER_ASSIGNMENT (  '', '', ( #1077 ) ) ;
#3152 = CARTESIAN_POINT ( 'NONE',  ( -0.09975459507475552268, -0.02559055118110228552, 0.1218503937007874155 ) ) ;
#3153 = DIRECTION ( 'NONE',  ( 0.000000000000000000, 0.000000000000000000, -1.000000000000000000 ) ) ;
#3154 = DIRECTION ( 'NONE',  ( -6.123031769111861639E-17, -1.000000000000000000, 6.123031769111887524E-17 ) ) ;
#3155 = DIRECTION ( 'NONE',  ( 0.000000000000000000, 1.224606353822379970E-16, -1.000000000000000000 ) ) ;
#3156 = LINE ( 'NONE', #199, #5347 ) ;
#3157 = AXIS2_PLACEMENT_3D ( 'NONE', #1945, #330, #4963 ) ;
#3158 = ORIENTED_EDGE ( 'NONE', *, *, #6183, .F. ) ;
#3159 = VERTEX_POINT ( 'NONE', #1025 ) ;
#3160 = CARTESIAN_POINT ( 'NONE',  ( 0.002755905511811056544, -0.01377952755905503986, 0.06633858267716535861 ) ) ;
#3161 = DIRECTION ( 'NONE',  ( -1.000000000000000000, -3.552713678800500140E-15, 0.000000000000000000 ) ) ;
#3162 = AXIS2_PLACEMENT_3D ( 'NONE', #949, #3261, #5524 ) ;
#3163 = CARTESIAN_POINT ( 'NONE',  ( 0.006692913385826768091, -0.01968503937007860805, 0.05649606299212599214 ) ) ;
#3164 = EDGE_CURVE ( 'NONE', #1407, #2076, #2164, .T. ) ;
#3165 = EDGE_CURVE ( 'NONE', #3958, #5420, #6790, .T. ) ;
#3166 = CIRCLE ( 'NONE', #3391, 0.001968503937007874856 ) ;
#3167 = ORIENTED_EDGE ( 'NONE', *, *, #851, .F. ) ;
#3168 = VERTEX_POINT ( 'NONE', #3338 ) ;
#3169 = DIRECTION ( 'NONE',  ( -0.000000000000000000, -1.224606353822379970E-16, 1.000000000000000000 ) ) ;
#3170 = ORIENTED_EDGE ( 'NONE', *, *, #3770, .F. ) ;
#3171 = FACE_OUTER_BOUND ( 'NONE', #6465, .T. ) ;
#3172 = CARTESIAN_POINT ( 'NONE',  ( -0.1171317238735696958, -0.01574803149606291558, 0.03484251968503937480 ) ) ;
#3173 = ADVANCED_FACE ( 'NONE', ( #2697 ), #6145, .F. ) ;
#3174 = ORIENTED_EDGE ( 'NONE', *, *, #6444, .T. ) ;
#3175 = PRESENTATION_LAYER_ASSIGNMENT (  '', '', ( #5208 ) ) ;
#3176 = AXIS2_PLACEMENT_3D ( 'NONE', #7439, #2687, #2157 ) ;
#3177 = CARTESIAN_POINT ( 'NONE',  ( 0.002755905511811067819, -0.01968503937007862192, 0.000000000000000000 ) ) ;
#3178 = CARTESIAN_POINT ( 'NONE',  ( -0.07401574803149606196, -0.01574803149606291558, 0.05885826771653544093 ) ) ;
#3179 = CARTESIAN_POINT ( 'NONE',  ( 0.04980888922789999951, -0.02165354330708653754, 0.05649606299212599214 ) ) ;
#3180 = LINE ( 'NONE', #1964, #1301 ) ;
#3181 = VERTEX_POINT ( 'NONE', #2766 ) ;
#3182 = ORIENTED_EDGE ( 'NONE', *, *, #6293, .T. ) ;
#3183 = CARTESIAN_POINT ( 'NONE',  ( -0.08188976377952757180, -0.02165354330708653754, 0.05885826771653544093 ) ) ;
#3184 = VERTEX_POINT ( 'NONE', #6855 ) ;
#3185 = FACE_OUTER_BOUND ( 'NONE', #5270, .T. ) ;
#3186 = EDGE_CURVE ( 'NONE', #3881, #2936, #5069, .T. ) ;
#3187 = EDGE_CURVE ( 'NONE', #1911, #5042, #7314, .T. ) ;
#3188 = DIRECTION ( 'NONE',  ( 0.000000000000000000, 1.224606353822379970E-16, -1.000000000000000000 ) ) ;
#3189 = CARTESIAN_POINT ( 'NONE',  ( -0.1171317238735696958, -0.02559055118110228552, 0.04074803149606298636 ) ) ;
#3190 = CARTESIAN_POINT ( 'NONE',  ( 0.002755905511811066518, -0.01968503937007862192, 0.07224409448818898405 ) ) ;
#3191 = LINE ( 'NONE', #1324, #5779 ) ;
#3192 = FACE_OUTER_BOUND ( 'NONE', #5445, .T. ) ;
#3193 = LINE ( 'NONE', #2540, #5584 ) ;
#3194 = ORIENTED_EDGE ( 'NONE', *, *, #2430, .T. ) ;
#3195 = EDGE_LOOP ( 'NONE', ( #5150, #4598, #7050, #5806 ) ) ;
#3196 = CARTESIAN_POINT ( 'NONE',  ( -0.06692913385826770867, -0.02362204724409448786, -0.1574803149606299191 ) ) ;
#3197 = DIRECTION ( 'NONE',  ( 0.000000000000000000, 0.000000000000000000, 1.000000000000000000 ) ) ;
#3198 = FACE_OUTER_BOUND ( 'NONE', #4410, .T. ) ;
#3199 = AXIS2_PLACEMENT_3D ( 'NONE', #6842, #3393, #6205 ) ;
#3200 = ORIENTED_EDGE ( 'NONE', *, *, #7132, .F. ) ;
#3201 = EDGE_CURVE ( 'NONE', #4017, #4792, #7364, .T. ) ;
#3202 = EDGE_CURVE ( 'NONE', #4982, #2395, #2918, .T. ) ;
#3203 = VECTOR ( 'NONE', #6580, 39.37007874015748143 ) ;
#3204 = PLANE ( 'NONE',  #7253 ) ;
#3205 = ORIENTED_EDGE ( 'NONE', *, *, #7330, .F. ) ;
#3206 = DIRECTION ( 'NONE',  ( 1.000000000000000000, 3.552713678800500140E-15, 0.000000000000000000 ) ) ;
#3207 =( LENGTH_UNIT ( ) NAMED_UNIT ( * ) SI_UNIT ( $, .METRE. ) );
#3208 = EDGE_LOOP ( 'NONE', ( #4267, #3311, #4474, #1194 ) ) ;
#3209 = FACE_OUTER_BOUND ( 'NONE', #1791, .T. ) ;
#3210 = LINE ( 'NONE', #3140, #5410 ) ;
#3211 = ADVANCED_FACE ( 'NONE', ( #5867 ), #5222, .F. ) ;
#3212 = FACE_OUTER_BOUND ( 'NONE', #4429, .T. ) ;
#3213 = ADVANCED_FACE ( 'NONE', ( #4042 ), #652, .F. ) ;
#3214 = CARTESIAN_POINT ( 'NONE',  ( -0.07667901806391835828, -0.02246410375173656104, 0.05059055118110235977 ) ) ;
#3215 = ORIENTED_EDGE ( 'NONE', *, *, #2129, .F. ) ;
#3216 = VERTEX_POINT ( 'NONE', #1167 ) ;
#3217 = CARTESIAN_POINT ( 'NONE',  ( -0.01791338582677170360, 0.01141732283464570730, 0.02066471342245011777 ) ) ;
#3218 = ORIENTED_EDGE ( 'NONE', *, *, #7436, .T. ) ;
#3219 = CARTESIAN_POINT ( 'NONE',  ( 0.008429828624363150044, -0.02072718851320049308, 0.06633858267716535861 ) ) ;
#3220 = ORIENTED_EDGE ( 'NONE', *, *, #4663, .T. ) ;
#3221 = LINE ( 'NONE', #2492, #91 ) ;
#3222 = CARTESIAN_POINT ( 'NONE',  ( -0.04940944881889763884, 0.01141732283464563270, 0.1179179637429042804 ) ) ;
#3223 = EDGE_CURVE ( 'NONE', #3697, #2624, #1456, .T. ) ;
#3224 = CARTESIAN_POINT ( 'NONE',  ( 0.009356183418249165024, -0.02246410375173678656, 0.09783464566929132855 ) ) ;
#3225 = EDGE_CURVE ( 'NONE', #5666, #5420, #2417, .T. ) ;
#3226 = DIRECTION ( 'NONE',  ( -3.552713678800500140E-15, 1.000000000000000000, 0.000000000000000000 ) ) ;
#3227 = LINE ( 'NONE', #7077, #1576 ) ;
#3228 = VERTEX_POINT ( 'NONE', #4077 ) ;
#3229 = CARTESIAN_POINT ( 'NONE',  ( 0.006692913385826772428, -0.01574803149606291905, 0.02736220472440945017 ) ) ;
#3230 = ORIENTED_EDGE ( 'NONE', *, *, #4542, .T. ) ;
#3231 = ORIENTED_EDGE ( 'NONE', *, *, #1826, .T. ) ;
#3232 = DIRECTION ( 'NONE',  ( 0.000000000000000000, -0.000000000000000000, 1.000000000000000000 ) ) ;
#3233 = EDGE_CURVE ( 'NONE', #3662, #3720, #2961, .T. ) ;
#3234 = CLOSED_SHELL ( 'NONE', ( #4059, #1059, #5732, #4625, #4403, #3453, #3707, #1027, #858, #2130, #2275, #3485, #3298, #30 ) ) ;
#3235 = DIRECTION ( 'NONE',  ( -0.000000000000000000, -1.224606353822379970E-16, 1.000000000000000000 ) ) ;
#3236 = DIRECTION ( 'NONE',  ( -1.000000000000000000, 0.000000000000000000, 0.000000000000000000 ) ) ;
#3237 = ORIENTED_EDGE ( 'NONE', *, *, #5191, .T. ) ;
#3238 = CIRCLE ( 'NONE', #4062, 0.001968503937007874856 ) ;
#3239 = ORIENTED_EDGE ( 'NONE', *, *, #7384, .T. ) ;
#3240 = UNCERTAINTY_MEASURE_WITH_UNIT (LENGTH_MEASURE( 1.000000000000000082E-05 ), #3974, 'distance_accuracy_value', 'NONE');
#3241 = ORIENTED_EDGE ( 'NONE', *, *, #220, .F. ) ;
#3242 = DIRECTION ( 'NONE',  ( 0.000000000000000000, 1.000000000000000000, 1.224606353822379970E-16 ) ) ;
#3243 = CIRCLE ( 'NONE', #7453, 0.005905511811023620231 ) ;
#3244 = FACE_OUTER_BOUND ( 'NONE', #7259, .T. ) ;
#3245 = ORIENTED_EDGE ( 'NONE', *, *, #4275, .T. ) ;
#3246 = DIRECTION ( 'NONE',  ( 0.000000000000000000, 1.000000000000000000, 0.000000000000000000 ) ) ;
#3247 = CARTESIAN_POINT ( 'NONE',  ( -0.05590551181102362821, -0.01220472440944889853, 0.02478483794176892033 ) ) ;
#3248 = VECTOR ( 'NONE', #6581, 39.37007874015748143 ) ;
#3249 = PLANE ( 'NONE',  #5978 ) ;
#3250 = LINE ( 'NONE', #7141, #3959 ) ;
#3251 = ORIENTED_EDGE ( 'NONE', *, *, #19, .F. ) ;
#3252 = ORIENTED_EDGE ( 'NONE', *, *, #7056, .F. ) ;
#3253 = DIRECTION ( 'NONE',  ( 0.000000000000000000, 1.000000000000000000, 0.000000000000000000 ) ) ;
#3254 = ORIENTED_EDGE ( 'NONE', *, *, #4505, .F. ) ;
#3255 = VECTOR ( 'NONE', #5919, 39.37007874015748143 ) ;
#3256 = EDGE_CURVE ( 'NONE', #571, #6830, #1778, .T. ) ;
#3257 = ADVANCED_FACE ( 'NONE', ( #6998 ), #4571, .T. ) ;
#3258 = LINE ( 'NONE', #3816, #2334 ) ;
#3259 = DIRECTION ( 'NONE',  ( 0.4705882352941007651, -0.8823529411764794439, 0.000000000000000000 ) ) ;
#3260 = CARTESIAN_POINT ( 'NONE',  ( 0.006692913385826772428, -0.01574803149606291558, 0.09783464566929132855 ) ) ;
#3261 = DIRECTION ( 'NONE',  ( -0.000000000000000000, -0.000000000000000000, 1.000000000000000000 ) ) ;
#3262 = ORIENTED_EDGE ( 'NONE', *, *, #6398, .F. ) ;
#3263 = CARTESIAN_POINT ( 'NONE',  ( 0.01190365910143582201, -0.01887447892542835209, 0.1218503937007874155 ) ) ;
#3264 = EDGE_CURVE ( 'NONE', #3094, #2172, #1205, .T. ) ;
#3265 = VECTOR ( 'NONE', #1281, 39.37007874015748143 ) ;
#3266 = VERTEX_POINT ( 'NONE', #3522 ) ;
#3267 = ORIENTED_EDGE ( 'NONE', *, *, #5990, .F. ) ;
#3268 = CARTESIAN_POINT ( 'NONE',  ( -0.07922649374710502568, -0.01887447892542818556, 0.05059055118110235977 ) ) ;
#3269 = DIRECTION ( 'NONE',  ( 0.4705882352941179736, 0.8823529411764702290, 0.000000000000000000 ) ) ;
#3270 = EDGE_LOOP ( 'NONE', ( #6277, #5724, #2543, #3241 ) ) ;
#3271 = CARTESIAN_POINT ( 'NONE',  ( -0.07401574803149606196, -0.02165354330708653754, 0.01909448818897637595 ) ) ;
#3272 = AXIS2_PLACEMENT_3D ( 'NONE', #5682, #511, #2811 ) ;
#3273 = EDGE_CURVE ( 'NONE', #7252, #4910, #6324, .T. ) ;
#3274 = AXIS2_PLACEMENT_3D ( 'NONE', #7165, #4894, #2023 ) ;
#3275 = ORIENTED_EDGE ( 'NONE', *, *, #274, .T. ) ;
#3276 = ORIENTED_EDGE ( 'NONE', *, *, #447, .F. ) ;
#3277 = DIRECTION ( 'NONE',  ( 0.4705882352941179736, -0.8823529411764702290, 0.000000000000000000 ) ) ;
#3278 = AXIS2_PLACEMENT_3D ( 'NONE', #6015, #6058, #920 ) ;
#3279 = SURFACE_SIDE_STYLE ('',( #900 ) ) ;
#3280 = ORIENTED_EDGE ( 'NONE', *, *, #5006, .F. ) ;
#3281 = CARTESIAN_POINT ( 'NONE',  ( 0.02480314960629933368, -0.03007883464566929108, 0.1131795707388752042 ) ) ;
#3282 = CARTESIAN_POINT ( 'NONE',  ( -0.08188976377952757180, -0.01968503937007866356, 0.1194881889763779736 ) ) ;
#3283 = VECTOR ( 'NONE', #6840, 39.37007874015748143 ) ;
#3284 = DIRECTION ( 'NONE',  ( 0.000000000000000000, -0.000000000000000000, -1.000000000000000000 ) ) ;
#3285 = CARTESIAN_POINT ( 'NONE',  ( -0.01141732283464574893, 0.01338582677165358302, -2.487629559540103765E-33 ) ) ;
#3286 = ORIENTED_EDGE ( 'NONE', *, *, #5324, .F. ) ;
#3287 = VERTEX_POINT ( 'NONE', #5826 ) ;
#3288 = CARTESIAN_POINT ( 'NONE',  ( -0.0003937007874015312128, -0.01968503937007862886, 0.0007874015748031489449 ) ) ;
#3289 = EDGE_LOOP ( 'NONE', ( #3712, #18, #6253, #7149 ) ) ;
#3290 = DIRECTION ( 'NONE',  ( -1.000000000000000000, 0.000000000000000000, 0.000000000000000000 ) ) ;
#3291 = VERTEX_POINT ( 'NONE', #6437 ) ;
#3292 = VECTOR ( 'NONE', #2880, 39.37007874015748143 ) ;
#3293 = DIRECTION ( 'NONE',  ( -0.4705882352941775371, -0.8823529411764386987, 0.000000000000000000 ) ) ;
#3294 = CARTESIAN_POINT ( 'NONE',  ( -0.06181102362204724671, 0.01338582677165362292, 0.1218503937007874155 ) ) ;
#3295 = LINE ( 'NONE', #4455, #6378 ) ;
#3297 = DIRECTION ( 'NONE',  ( 0.000000000000000000, -1.000000000000000000, -1.224606353822379970E-16 ) ) ;
#3296 = VECTOR ( 'NONE', #5287, 39.37007874015748143 ) ;
#3298 = ADVANCED_FACE ( 'NONE', ( #1746 ), #5178, .F. ) ;
#3299 = ADVANCED_FACE ( 'NONE', ( #2376 ), #4682, .F. ) ;
#3300 = CARTESIAN_POINT ( 'NONE',  ( -0.08188976377952757180, -0.01968503937007866356, 0.05885826771653544093 ) ) ;
#3301 = EDGE_LOOP ( 'NONE', ( #1354, #4530, #452, #4136 ) ) ;
#3302 = DIRECTION ( 'NONE',  ( -1.000000000000000000, 0.000000000000000000, -0.000000000000000000 ) ) ;
#3303 = AXIS2_PLACEMENT_3D ( 'NONE', #1799, #6380, #3543 ) ;
#3304 = ORIENTED_EDGE ( 'NONE', *, *, #2370, .F. ) ;
#3305 = ORIENTED_EDGE ( 'NONE', *, *, #808, .F. ) ;
#3306 = FACE_OUTER_BOUND ( 'NONE', #2617, .T. ) ;
#3307 = DIRECTION ( 'NONE',  ( 0.8823529411764704511, -0.4705882352941180846, -5.762853429752370674E-17 ) ) ;
#3308 = EDGE_CURVE ( 'NONE', #3948, #681, #865, .T. ) ;
#3310 = DIRECTION ( 'NONE',  ( 6.476300976980080477E-16, -1.000000000000000000, 0.000000000000000000 ) ) ;
#3309 = AXIS2_PLACEMENT_3D ( 'NONE', #4617, #2931, #5392 ) ;
#3311 = ORIENTED_EDGE ( 'NONE', *, *, #6311, .T. ) ;
#3312 = EDGE_CURVE ( 'NONE', #2139, #505, #4118, .T. ) ;
#3313 =( NAMED_UNIT ( * ) PLANE_ANGLE_UNIT ( ) SI_UNIT ( $, .RADIAN. ) );
#3314 = EDGE_CURVE ( 'NONE', #5642, #2559, #6894, .T. ) ;
#3315 = UNCERTAINTY_MEASURE_WITH_UNIT (LENGTH_MEASURE( 1.000000000000000082E-05 ), #6128, 'distance_accuracy_value', 'NONE');
#3316 = AXIS2_PLACEMENT_3D ( 'NONE', #5533, #6179, #3755 ) ;
#3317 = ORIENTED_EDGE ( 'NONE', *, *, #4781, .T. ) ;
#3318 = ORIENTED_EDGE ( 'NONE', *, *, #5231, .F. ) ;
#3319 = VECTOR ( 'NONE', #5864, 39.37007874015748143 ) ;
#3320 = DIRECTION ( 'NONE',  ( 0.000000000000000000, 1.000000000000000000, 0.000000000000000000 ) ) ;
#3321 = CARTESIAN_POINT ( 'NONE',  ( -0.08015284854099133383, -0.02061139416396472537, 0.03484251968503937480 ) ) ;
#3322 = CARTESIAN_POINT ( 'NONE',  ( -0.09212598425196878715, -0.02165354330708653754, 0.03484251968503937480 ) ) ;
#3323 = VERTEX_POINT ( 'NONE', #577 ) ;
#3324 = ORIENTED_EDGE ( 'NONE', *, *, #527, .F. ) ;
#3325 = LINE ( 'NONE', #487, #3637 ) ;
#3326 = FILL_AREA_STYLE_COLOUR ( '', #2798 ) ;
#3327 = VECTOR ( 'NONE', #2003, 39.37007874015748143 ) ;
#3328 = CARTESIAN_POINT ( 'NONE',  ( 0.01456692913385826751, -0.01968503937007866356, 0.1194881889763779736 ) ) ;
#3329 = CARTESIAN_POINT ( 'NONE',  ( -0.05354330708661417942, -0.01456692913385834558, 0.1113999723756204652 ) ) ;
#3330 = PLANE ( 'NONE',  #5433 ) ;
#3331 = PLANE ( 'NONE',  #4364 ) ;
#3332 = ORIENTED_EDGE ( 'NONE', *, *, #2969, .T. ) ;
#3333 = DIRECTION ( 'NONE',  ( 0.000000000000000000, 1.000000000000000000, 1.224606353822379970E-16 ) ) ;
#3334 = VERTEX_POINT ( 'NONE', #2299 ) ;
#3335 = PLANE ( 'NONE',  #2132 ) ;
#3336 = CARTESIAN_POINT ( 'NONE',  ( 0.01283001389532189077, -0.02061139416396472537, 0.09035433070866143168 ) ) ;
#3337 = DIRECTION ( 'NONE',  ( -0.000000000000000000, -0.000000000000000000, 1.000000000000000000 ) ) ;
#3338 = CARTESIAN_POINT ( 'NONE',  ( -0.07401574803149606196, -0.01968503937007873988, 0.1037401574803149679 ) ) ;
#3339 = DIMENSIONAL_EXPONENTS ( 1.000000000000000000, 0.000000000000000000, 0.000000000000000000, 0.000000000000000000, 0.000000000000000000, 0.000000000000000000, 0.000000000000000000 ) ;
#3340 = EDGE_CURVE ( 'NONE', #1401, #5798, #4608, .T. ) ;
#3341 = EDGE_CURVE ( 'NONE', #475, #5877, #4802, .T. ) ;
#3342 = ORIENTED_EDGE ( 'NONE', *, *, #4275, .F. ) ;
#3343 = SURFACE_SIDE_STYLE ('',( #6225 ) ) ;
#3344 = ORIENTED_EDGE ( 'NONE', *, *, #7464, .T. ) ;
#3345 = PRESENTATION_LAYER_ASSIGNMENT (  '', '', ( #7346 ) ) ;
#3346 = EDGE_CURVE ( 'NONE', #4792, #1139, #3077, .T. ) ;
#3347 = VERTEX_POINT ( 'NONE', #2580 ) ;
#3348 = FACE_OUTER_BOUND ( 'NONE', #860, .T. ) ;
#3349 = LINE ( 'NONE', #5651, #2957 ) ;
#3350 = LINE ( 'NONE', #3947, #957 ) ;
#3351 = ORIENTED_EDGE ( 'NONE', *, *, #394, .T. ) ;
#3352 = AXIS2_PLACEMENT_3D ( 'NONE', #3123, #170, #2503 ) ;
#3353 = ORIENTED_EDGE ( 'NONE', *, *, #2717, .T. ) ;
#3354 = LINE ( 'NONE', #6126, #3513 ) ;
#3355 = ORIENTED_EDGE ( 'NONE', *, *, #202, .T. ) ;
#3356 = DIRECTION ( 'NONE',  ( 0.000000000000000000, 1.000000000000000000, 0.000000000000000000 ) ) ;
#3357 = ADVANCED_FACE ( 'NONE', ( #3748 ), #4238, .T. ) ;
#3358 = VECTOR ( 'NONE', #7412, 39.37007874015748143 ) ;
#3359 = DIRECTION ( 'NONE',  ( 0.000000000000000000, 0.000000000000000000, -1.000000000000000000 ) ) ;
#3360 = CARTESIAN_POINT ( 'NONE',  ( 0.009356183418249165024, -0.02246410375173678656, 0.07224409448818898405 ) ) ;
#3361 = CARTESIAN_POINT ( 'NONE',  ( -0.07401574803149606196, -0.01574803149606291558, 0.1061023622047244097 ) ) ;
#3362 = CARTESIAN_POINT ( 'NONE',  ( -0.09212598425196850960, -0.02165354330708653754, 0.05885826771653544093 ) ) ;
#3363 = VECTOR ( 'NONE', #3394, 39.37007874015748143 ) ;
#3365 = MECHANICAL_DESIGN_GEOMETRIC_PRESENTATION_REPRESENTATION (  '', ( #2622 ), #1669 ) ;
#3364 = PLANE ( 'NONE',  #1833 ) ;
#3366 = ORIENTED_EDGE ( 'NONE', *, *, #6981, .F. ) ;
#3367 = ORIENTED_EDGE ( 'NONE', *, *, #816, .F. ) ;
#3368 = CIRCLE ( 'NONE', #3013, 0.005905511811023622833 ) ;
#3369 = DIRECTION ( 'NONE',  ( -0.4705882352941179736, 0.8823529411764702290, 0.000000000000000000 ) ) ;
#3370 = LINE ( 'NONE', #4605, #6016 ) ;
#3371 = VERTEX_POINT ( 'NONE', #4281 ) ;
#3372 = CARTESIAN_POINT ( 'NONE',  ( -0.07401574803149606196, -0.02165354330708653754, 0.08799212598425197596 ) ) ;
#3373 = LINE ( 'NONE', #4572, #4370 ) ;
#3374 = VECTOR ( 'NONE', #2478, 39.37007874015748143 ) ;
#3375 = VERTEX_POINT ( 'NONE', #1326 ) ;
#3376 = COLOUR_RGB ( '',0.6470588235294117974, 0.5176470588235293491, 0.000000000000000000 ) ;
#3377 = CYLINDRICAL_SURFACE ( 'NONE', #3272, 0.005905511811023621965 ) ;
#3378 = EDGE_CURVE ( 'NONE', #6314, #4288, #1981, .T. ) ;
#3379 = EDGE_CURVE ( 'NONE', #852, #313, #3227, .T. ) ;
#3380 = DIRECTION ( 'NONE',  ( -0.000000000000000000, -0.000000000000000000, 1.000000000000000000 ) ) ;
#3381 = ORIENTED_EDGE ( 'NONE', *, *, #2801, .F. ) ;
#3382 = VECTOR ( 'NONE', #658, 39.37007874015748143 ) ;
#3383 = ORIENTED_EDGE ( 'NONE', *, *, #54, .T. ) ;
#3384 = FACE_OUTER_BOUND ( 'NONE', #4517, .T. ) ;
#3385 = DIRECTION ( 'NONE',  ( 6.476300976980080477E-16, 1.000000000000000000, 1.224606353822379970E-16 ) ) ;
#3386 = CARTESIAN_POINT ( 'NONE',  ( -0.04940944881889763191, 0.01141732283464560321, 0.1232283464566928943 ) ) ;
#3387 = ORIENTED_EDGE ( 'NONE', *, *, #5925, .F. ) ;
#3388 = ORIENTED_EDGE ( 'NONE', *, *, #2780, .T. ) ;
#3389 = EDGE_CURVE ( 'NONE', #3371, #6928, #614, .T. ) ;
#3390 = LINE ( 'NONE', #6305, #1209 ) ;
#3391 = AXIS2_PLACEMENT_3D ( 'NONE', #5448, #5407, #4308 ) ;
#3392 = CARTESIAN_POINT ( 'NONE',  ( -0.07922649374710512282, -0.01887447892542834862, 0.1037401574803149540 ) ) ;
#3393 = DIRECTION ( 'NONE',  ( 0.000000000000000000, 0.000000000000000000, -1.000000000000000000 ) ) ;
#3394 = DIRECTION ( 'NONE',  ( 1.000000000000000000, 3.552713678800500140E-15, 0.000000000000000000 ) ) ;
#3395 = CARTESIAN_POINT ( 'NONE',  ( -0.06692913385826770867, -0.01968503937007873988, -0.2362204724409449064 ) ) ;
#3396 = ADVANCED_FACE ( 'NONE', ( #7156 ), #1409, .T. ) ;
#3397 = DIRECTION ( 'NONE',  ( 6.123031769111861639E-17, 1.000000000000000000, -6.123031769111887524E-17 ) ) ;
#3398 = VERTEX_POINT ( 'NONE', #3633 ) ;
#3399 = EDGE_CURVE ( 'NONE', #4891, #4756, #2048, .T. ) ;
#3400 = VECTOR ( 'NONE', #5109, 39.37007874015748143 ) ;
#3401 = LINE ( 'NONE', #6174, #3052 ) ;
#3402 = ORIENTED_EDGE ( 'NONE', *, *, #5824, .F. ) ;
#3403 = MECHANICAL_DESIGN_GEOMETRIC_PRESENTATION_REPRESENTATION (  '', ( #4725 ), #2928 ) ;
#3404 = AXIS2_PLACEMENT_3D ( 'NONE', #7115, #1939, #4319 ) ;
#3405 = CARTESIAN_POINT ( 'NONE',  ( 0.01190365910143582548, -0.01887447892542834862, 0.1194881889763779736 ) ) ;
#3406 = CARTESIAN_POINT ( 'NONE',  ( -0.01141732283464574893, 0.01141732283464574893, 0.3541384361838492145 ) ) ;
#3407 = CYLINDRICAL_SURFACE ( 'NONE', #5157, 0.001968503937007873988 ) ;
#3408 = CARTESIAN_POINT ( 'NONE',  ( -0.07667901806391835828, -0.02246410375173656104, 0.1194881889763779736 ) ) ;
#3409 = ORIENTED_EDGE ( 'NONE', *, *, #3273, .T. ) ;
#3410 = ORIENTED_EDGE ( 'NONE', *, *, #945, .F. ) ;
#3411 = CARTESIAN_POINT ( 'NONE',  ( -0.05587038007015290852, -0.01261060923215921899, 0.1137270453591592012 ) ) ;
#3412 = PLANE ( 'NONE',  #1476 ) ;
#3413 = VECTOR ( 'NONE', #3531, 39.37007874015748143 ) ;
#3414 = VERTEX_POINT ( 'NONE', #1482 ) ;
#3415 = DIRECTION ( 'NONE',  ( 3.552713678800500140E-15, -1.000000000000000000, 0.000000000000000000 ) ) ;
#3416 = VECTOR ( 'NONE', #4679, 39.37007874015748143 ) ;
#3417 =( LENGTH_UNIT ( ) NAMED_UNIT ( * ) SI_UNIT ( $, .METRE. ) );
#3418 = CARTESIAN_POINT ( 'NONE',  ( 0.01456692913385826751, -0.01968503937007866356, 0.08799212598425197596 ) ) ;
#3419 = ORIENTED_EDGE ( 'NONE', *, *, #308, .F. ) ;
#3420 = ORIENTED_EDGE ( 'NONE', *, *, #680, .F. ) ;
#3421 = EDGE_CURVE ( 'NONE', #7408, #1221, #163, .T. ) ;
#3422 = EDGE_CURVE ( 'NONE', #2395, #5432, #280, .T. ) ;
#3423 = DIRECTION ( 'NONE',  ( -0.8823529411764704511, 0.4705882352941180846, 5.762853429752370674E-17 ) ) ;
#3424 = DIRECTION ( 'NONE',  ( -0.000000000000000000, -1.224606353822379970E-16, 1.000000000000000000 ) ) ;
#3425 = CARTESIAN_POINT ( 'NONE',  ( 0.006692913385826772428, -0.01574803149606291558, 0.02736220472440945017 ) ) ;
#3426 = CIRCLE ( 'NONE', #7051, 0.005905511811023620231 ) ;
#3427 = ORIENTED_EDGE ( 'NONE', *, *, #5431, .T. ) ;
#3428 = ORIENTED_EDGE ( 'NONE', *, *, #5733, .T. ) ;
#3429 = CYLINDRICAL_SURFACE ( 'NONE', #6548, 0.005905511811023621965 ) ;
#3430 =( LENGTH_UNIT ( ) NAMED_UNIT ( * ) SI_UNIT ( $, .METRE. ) );
#3431 = VECTOR ( 'NONE', #1775, 39.37007874015748143 ) ;
#3432 = EDGE_CURVE ( 'NONE', #2076, #5422, #3671, .T. ) ;
#3433 = EDGE_CURVE ( 'NONE', #3608, #4946, #1817, .T. ) ;
#3434 = CARTESIAN_POINT ( 'NONE',  ( 0.002755905511811065217, -0.02559055118110228552, 0.05649606299212599214 ) ) ;
#3435 = FACE_OUTER_BOUND ( 'NONE', #1638, .T. ) ;
#3436 = CARTESIAN_POINT ( 'NONE',  ( -0.07922649374710513670, -0.01887447892542834862, 0.07460629921259842590 ) ) ;
#3437 = DIMENSIONAL_EXPONENTS ( 1.000000000000000000, 0.000000000000000000, 0.000000000000000000, 0.000000000000000000, 0.000000000000000000, 0.000000000000000000, 0.000000000000000000 ) ;
#3438 = DIRECTION ( 'NONE',  ( 0.000000000000000000, -0.9851275630313907072, 0.1718245749473369388 ) ) ;
#3440 = DIRECTION ( 'NONE',  ( 0.000000000000000000, -0.000000000000000000, -1.000000000000000000 ) ) ;
#3439 = VECTOR ( 'NONE', #1153, 39.37007874015748143 ) ;
#3441 = ORIENTED_EDGE ( 'NONE', *, *, #6133, .F. ) ;
#3442 = LINE ( 'NONE', #6468, #3889 ) ;
#3443 = ORIENTED_EDGE ( 'NONE', *, *, #6102, .T. ) ;
#3444 = ADVANCED_FACE ( 'NONE', ( #3192 ), #5416, .F. ) ;
#3445 = EDGE_CURVE ( 'NONE', #2842, #1997, #1446, .T. ) ;
#3446 = CARTESIAN_POINT ( 'NONE',  ( 0.006692913385826772428, -0.01574803149606291558, 0.1061023622047244097 ) ) ;
#3447 = LINE ( 'NONE', #7376, #5243 ) ;
#3448 = DIRECTION ( 'NONE',  ( -0.8823529411764704511, 0.4705882352941180846, 5.762853429752370674E-17 ) ) ;
#3449 = CARTESIAN_POINT ( 'NONE',  ( 0.02480314960629933368, -0.01377952755905503986, 0.06633858267716535861 ) ) ;
#3450 = EDGE_LOOP ( 'NONE', ( #6717, #4144, #6296, #7358 ) ) ;
#3451 = DIRECTION ( 'NONE',  ( 0.000000000000000000, 1.000000000000000000, 0.000000000000000000 ) ) ;
#3452 = DIRECTION ( 'NONE',  ( 0.000000000000000000, 1.000000000000000000, 0.000000000000000000 ) ) ;
#3453 = ADVANCED_FACE ( 'NONE', ( #1938 ), #6515, .T. ) ;
#3454 = VERTEX_POINT ( 'NONE', #5981 ) ;
#3455 = CARTESIAN_POINT ( 'NONE',  ( -0.08188976377952757180, -0.02559055118110227164, 0.03484251968503937480 ) ) ;
#3456 = CYLINDRICAL_SURFACE ( 'NONE', #2541, 0.002362204724409448786 ) ;
#3457 = CARTESIAN_POINT ( 'NONE',  ( 0.02480314960629933368, -0.02559055118110225083, 0.09035433070866143168 ) ) ;
#3458 = ORIENTED_EDGE ( 'NONE', *, *, #7416, .F. ) ;
#3459 = ADVANCED_FACE ( 'NONE', ( #241 ), #2539, .T. ) ;
#3460 = ORIENTED_EDGE ( 'NONE', *, *, #2694, .T. ) ;
#3461 = FACE_OUTER_BOUND ( 'NONE', #175, .T. ) ;
#3462 = CIRCLE ( 'NONE', #803, 0.005905511811023621965 ) ;
#3463 = CARTESIAN_POINT ( 'NONE',  ( -0.06692913385826773642, -0.01968503937007873988, 0.1377952755905511306 ) ) ;
#3464 = ORIENTED_EDGE ( 'NONE', *, *, #580, .T. ) ;
#3465 = CARTESIAN_POINT ( 'NONE',  ( 0.01283001389532192719, -0.02061139416396473925, 0.1037401574803149540 ) ) ;
#3466 = CARTESIAN_POINT ( 'NONE',  ( -0.1171317238735696958, -0.01574803149606291558, 0.1194881889763779736 ) ) ;
#3467 = LINE ( 'NONE', #5770, #546 ) ;
#3468 = DIRECTION ( 'NONE',  ( -1.000000000000000000, -0.000000000000000000, 0.000000000000000000 ) ) ;
#3469 = FACE_OUTER_BOUND ( 'NONE', #835, .T. ) ;
#3470 = DIRECTION ( 'NONE',  ( 6.476300976980080477E-16, 1.000000000000000000, 1.224606353822379970E-16 ) ) ;
#3471 = ORIENTED_EDGE ( 'NONE', *, *, #292, .F. ) ;
#3472 = EDGE_CURVE ( 'NONE', #2387, #556, #7403, .T. ) ;
#3473 = LINE ( 'NONE', #602, #4120 ) ;
#3474 = VECTOR ( 'NONE', #6065, 39.37007874015748143 ) ;
#3475 = ORIENTED_EDGE ( 'NONE', *, *, #2735, .F. ) ;
#3476 = CARTESIAN_POINT ( 'NONE',  ( -0.07007874015748032093, -0.01968503937007873988, 0.003937007874015724558 ) ) ;
#3477 = DIRECTION ( 'NONE',  ( -0.000000000000000000, -1.000000000000000000, 0.000000000000000000 ) ) ;
#3478 = DIRECTION ( 'NONE',  ( -1.000000000000000000, 0.000000000000000000, -0.000000000000000000 ) ) ;
#3479 = CARTESIAN_POINT ( 'NONE',  ( -0.09212598425196850960, -0.02165354330708653754, 0.1037401574803149540 ) ) ;
#3480 = VECTOR ( 'NONE', #6739, 39.37007874015748854 ) ;
#3481 = MECHANICAL_DESIGN_GEOMETRIC_PRESENTATION_REPRESENTATION (  '', ( #7346 ), #6619 ) ;
#3482 = ORIENTED_EDGE ( 'NONE', *, *, #66, .T. ) ;
#3483 = CARTESIAN_POINT ( 'NONE',  ( 0.006692913385826772428, -0.02165354330708653754, 0.1135826771653543343 ) ) ;
#3484 = CARTESIAN_POINT ( 'NONE',  ( -0.06692913385826770867, -0.01968503937007873988, 0.08799212598425193432 ) ) ;
#3485 = ADVANCED_FACE ( 'NONE', ( #1015 ), #3331, .F. ) ;
#3486 = VECTOR ( 'NONE', #6400, 39.37007874015748143 ) ;
#3487 = PLANE ( 'NONE',  #5308 ) ;
#3488 = ORIENTED_EDGE ( 'NONE', *, *, #7204, .T. ) ;
#3489 = PLANE ( 'NONE',  #5718 ) ;
#3490 = CARTESIAN_POINT ( 'NONE',  ( 0.008429828624363150044, -0.02072718851320049308, 0.04074803149606298636 ) ) ;
#3491 = VECTOR ( 'NONE', #4317, 39.37007874015748143 ) ;
#3492 = EDGE_CURVE ( 'NONE', #625, #2868, #6742, .T. ) ;
#3493 = EDGE_CURVE ( 'NONE', #3777, #2431, #4458, .T. ) ;
#3494 = EDGE_CURVE ( 'NONE', #5541, #6976, #1553, .T. ) ;
#3495 = CARTESIAN_POINT ( 'NONE',  ( 0.002755905511811065217, -0.02559055118110228552, 0.1037401574803149540 ) ) ;
#3496 = VERTEX_POINT ( 'NONE', #6135 ) ;
#3497 = ORIENTED_EDGE ( 'NONE', *, *, #3861, .F. ) ;
#3498 = VECTOR ( 'NONE', #6111, 39.37007874015748143 ) ;
#3499 = ORIENTED_EDGE ( 'NONE', *, *, #6828, .T. ) ;
#3500 = ORIENTED_EDGE ( 'NONE', *, *, #4176, .T. ) ;
#3501 = DIRECTION ( 'NONE',  ( 1.000000000000000000, -0.000000000000000000, 0.000000000000000000 ) ) ;
#3502 = ORIENTED_EDGE ( 'NONE', *, *, #3346, .F. ) ;
#3503 = ORIENTED_EDGE ( 'NONE', *, *, #2519, .F. ) ;
#3504 = CARTESIAN_POINT ( 'NONE',  ( -0.05590551181102362821, -0.01220472440944890026, 0.1218503937007874155 ) ) ;
#3505 =( NAMED_UNIT ( * ) SI_UNIT ( $, .STERADIAN. ) SOLID_ANGLE_UNIT ( ) );
#3506 = DIRECTION ( 'NONE',  ( 0.000000000000000000, 1.000000000000000000, 0.000000000000000000 ) ) ;
#3507 = AXIS2_PLACEMENT_3D ( 'NONE', #2685, #6210, #354 ) ;
#3508 = LINE ( 'NONE', #6984, #6459 ) ;
#3509 = DIRECTION ( 'NONE',  ( 1.000000000000000000, -0.000000000000000000, 0.000000000000000000 ) ) ;
#3510 = DIRECTION ( 'NONE',  ( -1.000000000000000000, 0.000000000000000000, -0.000000000000000000 ) ) ;
#3511 = ORIENTED_EDGE ( 'NONE', *, *, #4081, .T. ) ;
#3512 = DIRECTION ( 'NONE',  ( 0.000000000000000000, 0.000000000000000000, 1.000000000000000000 ) ) ;
#3513 = VECTOR ( 'NONE', #2074, 39.37007874015749564 ) ;
#3514 = VERTEX_POINT ( 'NONE', #463 ) ;
#3515 = CARTESIAN_POINT ( 'NONE',  ( 0.0007874015748031627142, -0.01968503937007862886, 0.001968503937007841462 ) ) ;
#3516 = CARTESIAN_POINT ( 'NONE',  ( 0.01456692913385826751, -0.02165354330708653754, 0.08799212598425197596 ) ) ;
#3517 = EDGE_CURVE ( 'NONE', #342, #1486, #6781, .T. ) ;
#3518 = LINE ( 'NONE', #44, #3952 ) ;
#3520 = VECTOR ( 'NONE', #5260, 39.37007874015748143 ) ;
#3519 = LINE ( 'NONE', #84, #641 ) ;
#3521 = ORIENTED_EDGE ( 'NONE', *, *, #1930, .T. ) ;
#3522 = CARTESIAN_POINT ( 'NONE',  ( 0.009356183418249165024, -0.02246410375173678656, 0.1135826771653543343 ) ) ;
#3523 = CARTESIAN_POINT ( 'NONE',  ( -0.05263880110148464603, 0.01929133858267744264, 0.1983179640278689149 ) ) ;
#3524 = CIRCLE ( 'NONE', #6067, 0.005905511811023620231 ) ;
#3525 = CARTESIAN_POINT ( 'NONE',  ( -0.01141732283464574893, -0.01261060923215928664, 0.1137270453591591596 ) ) ;
#3526 = ORIENTED_EDGE ( 'NONE', *, *, #3312, .T. ) ;
#3527 = CARTESIAN_POINT ( 'NONE',  ( 0.006692913385826772428, -0.01574803149606291905, 0.1061023622047244097 ) ) ;
#3529 = PRESENTATION_STYLE_ASSIGNMENT (( #7048 ) ) ;
#3528 = AXIS2_PLACEMENT_3D ( 'NONE', #6495, #7178, #4339 ) ;
#3530 = VECTOR ( 'NONE', #6700, 39.37007874015748143 ) ;
#3531 = DIRECTION ( 'NONE',  ( -1.000000000000000000, 0.000000000000000000, -0.000000000000000000 ) ) ;
#3532 = ORIENTED_EDGE ( 'NONE', *, *, #66, .F. ) ;
#3533 = EDGE_LOOP ( 'NONE', ( #1624, #5995, #4302, #4417 ) ) ;
#3534 = CIRCLE ( 'NONE', #5707, 0.001968503937007873988 ) ;
#3535 = EDGE_LOOP ( 'NONE', ( #1135, #4576, #5406, #3898 ) ) ;
#3536 = EDGE_CURVE ( 'NONE', #5666, #6042, #2755, .T. ) ;
#3537 = EDGE_CURVE ( 'NONE', #6221, #4093, #2646, .T. ) ;
#3538 = FILL_AREA_STYLE_COLOUR ( '', #6171 ) ;
#3539 = LINE ( 'NONE', #666, #2390 ) ;
#3540 = EDGE_LOOP ( 'NONE', ( #2896, #4580, #3739, #1036 ) ) ;
#3541 = ORIENTED_EDGE ( 'NONE', *, *, #2707, .F. ) ;
#3542 = DIRECTION ( 'NONE',  ( -0.4705882352941775371, -0.8823529411764386987, 0.000000000000000000 ) ) ;
#3543 = DIRECTION ( 'NONE',  ( -1.000000000000000000, 2.168404344971008868E-15, 0.000000000000000000 ) ) ;
#3544 = VECTOR ( 'NONE', #4773, 39.37007874015748143 ) ;
#3545 = DIRECTION ( 'NONE',  ( 1.000000000000000000, -0.000000000000000000, 0.000000000000000000 ) ) ;
#3546 = LINE ( 'NONE', #4751, #3439 ) ;
#3547 = LINE ( 'NONE', #3696, #361 ) ;
#3548 = DIRECTION ( 'NONE',  ( -1.000000000000000000, 6.476300976980080477E-16, 0.000000000000000000 ) ) ;
#3549 = VERTEX_POINT ( 'NONE', #6708 ) ;
#3550 = DIRECTION ( 'NONE',  ( 0.000000000000000000, 1.000000000000000000, 0.000000000000000000 ) ) ;
#3551 = EDGE_LOOP ( 'NONE', ( #3978, #6611, #2848, #3503 ) ) ;
#3552 = CIRCLE ( 'NONE', #2106, 0.005905511811023621965 ) ;
#3553 = ORIENTED_EDGE ( 'NONE', *, *, #3999, .T. ) ;
#3554 = CARTESIAN_POINT ( 'NONE',  ( 0.01283001389532192719, -0.02061139416396473925, 0.01909448818897637595 ) ) ;
#3555 = DIRECTION ( 'NONE',  ( -0.000000000000000000, -0.000000000000000000, 1.000000000000000000 ) ) ;
#3556 = VECTOR ( 'NONE', #1690, 39.37007874015748143 ) ;
#3557 = LINE ( 'NONE', #1280, #6632 ) ;
#3558 = CARTESIAN_POINT ( 'NONE',  ( 0.002755905511811056544, -0.01377952755905503986, 0.09783464566929132855 ) ) ;
#3559 = CARTESIAN_POINT ( 'NONE',  ( -0.01141732283464566913, 0.01141732283464571077, 0.02066471342245012818 ) ) ;
#3560 = CARTESIAN_POINT ( 'NONE',  ( -0.005511811023622126965, 0.01338582677165360037, 0.1232283464566929221 ) ) ;
#3561 = CARTESIAN_POINT ( 'NONE',  ( 0.01190365910143582548, -0.01887447892542834862, 0.05649606299212599214 ) ) ;
#3562 = VERTEX_POINT ( 'NONE', #1084 ) ;
#3563 = DIRECTION ( 'NONE',  ( 0.000000000000000000, 1.000000000000000000, 1.224606353822379970E-16 ) ) ;
#3564 = DIRECTION ( 'NONE',  ( 0.4705882352941179736, -0.8823529411764702290, 0.000000000000000000 ) ) ;
#3565 = EDGE_CURVE ( 'NONE', #7290, #5042, #3854, .T. ) ;
#3566 = LINE ( 'NONE', #2471, #4739 ) ;
#3567 = EDGE_CURVE ( 'NONE', #509, #551, #7373, .T. ) ;
#3568 = VERTEX_POINT ( 'NONE', #7268 ) ;
#3569 = ORIENTED_EDGE ( 'NONE', *, *, #5383, .T. ) ;
#3570 = ORIENTED_EDGE ( 'NONE', *, *, #2637, .F. ) ;
#3571 = EDGE_LOOP ( 'NONE', ( #4527, #1210, #4212, #3776 ) ) ;
#3572 = LENGTH_MEASURE_WITH_UNIT ( LENGTH_MEASURE( 0.02539999999999999897 ), #23 );
#3573 = LINE ( 'NONE', #2278, #4684 ) ;
#3574 = ORIENTED_EDGE ( 'NONE', *, *, #3445, .T. ) ;
#3575 = CARTESIAN_POINT ( 'NONE',  ( 0.002755905511811070855, -0.01968503937007862192, 0.08799212598425197596 ) ) ;
#3576 = PLANE ( 'NONE',  #2688 ) ;
#3577 = EDGE_CURVE ( 'NONE', #6333, #4440, #1622, .T. ) ;
#3578 = DIRECTION ( 'NONE',  ( -0.000000000000000000, -0.000000000000000000, 1.000000000000000000 ) ) ;
#3579 =( CONVERSION_BASED_UNIT ( 'INCH', #1800 ) LENGTH_UNIT ( ) NAMED_UNIT ( #1598 ) );
#3580 = DIRECTION ( 'NONE',  ( 0.000000000000000000, 0.000000000000000000, -1.000000000000000000 ) ) ;
#3581 = CARTESIAN_POINT ( 'NONE',  ( -0.08188976377952757180, -0.02559055118110225777, 0.1061023622047244097 ) ) ;
#3582 = VERTEX_POINT ( 'NONE', #5096 ) ;
#3583 = CARTESIAN_POINT ( 'NONE',  ( 0.006692913385826772428, -0.02165354330708653754, 0.08208661417322835052 ) ) ;
#3584 = ORIENTED_EDGE ( 'NONE', *, *, #3225, .F. ) ;
#3585 = CYLINDRICAL_SURFACE ( 'NONE', #29, 0.005905511811023621965 ) ;
#3586 = ORIENTED_EDGE ( 'NONE', *, *, #4928, .F. ) ;
#3587 = EDGE_CURVE ( 'NONE', #7188, #3603, #4427, .T. ) ;
#3588 = ORIENTED_EDGE ( 'NONE', *, *, #999, .F. ) ;
#3589 = CARTESIAN_POINT ( 'NONE',  ( 0.01456692913385826751, -0.02559055118110226817, 0.1037401574803149540 ) ) ;
#3590 = CARTESIAN_POINT ( 'NONE',  ( -0.07575266327003267464, -0.02072718851320047226, 0.07460629921259842590 ) ) ;
#3591 = LINE ( 'NONE', #4885, #3265 ) ;
#3592 = DIRECTION ( 'NONE',  ( 3.552713678800500140E-15, -1.000000000000000000, 0.000000000000000000 ) ) ;
#3593 = CARTESIAN_POINT ( 'NONE',  ( 0.02480314960629933368, -0.02559055118110225083, 0.05885826771653544093 ) ) ;
#3594 = DIRECTION ( 'NONE',  ( -0.000000000000000000, 1.000000000000000000, 0.000000000000000000 ) ) ;
#3595 = ORIENTED_EDGE ( 'NONE', *, *, #6784, .T. ) ;
#3596 = VECTOR ( 'NONE', #3259, 39.37007874015749564 ) ;
#3597 = DIRECTION ( 'NONE',  ( -1.000000000000000000, -0.000000000000000000, -0.000000000000000000 ) ) ;
#3598 = DIRECTION ( 'NONE',  ( 0.000000000000000000, 1.000000000000000000, 1.224606353822379970E-16 ) ) ;
#3599 = FACE_OUTER_BOUND ( 'NONE', #5394, .T. ) ;
#3600 = VECTOR ( 'NONE', #2188, 39.37007874015748143 ) ;
#3601 = CARTESIAN_POINT ( 'NONE',  ( 0.006692913385826772428, -0.02165354330708653754, 0.07224409448818898405 ) ) ;
#3602 = ORIENTED_EDGE ( 'NONE', *, *, #5831, .F. ) ;
#3603 = VERTEX_POINT ( 'NONE', #2083 ) ;
#3604 = AXIS2_PLACEMENT_3D ( 'NONE', #1004, #5622, #6301 ) ;
#3605 = EDGE_CURVE ( 'NONE', #1016, #5195, #2190, .T. ) ;
#3606 = EDGE_CURVE ( 'NONE', #5043, #1262, #6814, .T. ) ;
#3607 = CARTESIAN_POINT ( 'NONE',  ( -0.09975459507475552268, -0.02559055118110224736, 0.09035433070866143168 ) ) ;
#3608 = VERTEX_POINT ( 'NONE', #395 ) ;
#3609 = DIRECTION ( 'NONE',  ( 0.4705882352940230495, 0.8823529411765209662, 0.000000000000000000 ) ) ;
#3610 = CARTESIAN_POINT ( 'NONE',  ( -0.07401574803149606196, -0.01968503937007873988, 0.1194881889763779875 ) ) ;
#3611 = MECHANICAL_DESIGN_GEOMETRIC_PRESENTATION_REPRESENTATION (  '', ( #5915 ), #3744 ) ;
#3612 = DIRECTION ( 'NONE',  ( 0.8823529411764704511, -0.4705882352941180846, -5.762853429752370674E-17 ) ) ;
#3613 = DIRECTION ( 'NONE',  ( 4.350675744370770171E-31, -1.545670522905158356E-45, 1.000000000000000000 ) ) ;
#3614 = CARTESIAN_POINT ( 'NONE',  ( -0.06692913385826770867, -0.01968503937007873988, -0.2362204724409449064 ) ) ;
#3615 = EDGE_CURVE ( 'NONE', #3582, #1676, #4994, .T. ) ;
#3616 = LINE ( 'NONE', #1191, #5298 ) ;
#3617 = ORIENTED_EDGE ( 'NONE', *, *, #1581, .T. ) ;
#3618 = VECTOR ( 'NONE', #6255, 39.37007874015748143 ) ;
#3619 = PLANE ( 'NONE',  #3875 ) ;
#3620 = EDGE_LOOP ( 'NONE', ( #7296, #2574, #6075, #619 ) ) ;
#3621 = CARTESIAN_POINT ( 'NONE',  ( -0.06811023622047245041, 0.01929133858267711304, 0.1366141732283464583 ) ) ;
#3622 = ORIENTED_EDGE ( 'NONE', *, *, #7277, .F. ) ;
#3623 = PRESENTATION_LAYER_ASSIGNMENT (  '', '', ( #5567 ) ) ;
#3624 = ORIENTED_EDGE ( 'NONE', *, *, #6102, .F. ) ;
#3625 = FACE_OUTER_BOUND ( 'NONE', #5976, .T. ) ;
#3626 =( GEOMETRIC_REPRESENTATION_CONTEXT ( 3 ) GLOBAL_UNCERTAINTY_ASSIGNED_CONTEXT ( ( #3906 ) ) GLOBAL_UNIT_ASSIGNED_CONTEXT ( ( #632, #4132, #138 ) ) REPRESENTATION_CONTEXT ( 'NONE', 'WORKASPACE' ) );
#3627 = CARTESIAN_POINT ( 'NONE',  ( -0.09030577617711772753, -0.02165354330708653754, 0.02736220472440945017 ) ) ;
#3628 = ADVANCED_FACE ( 'NONE', ( #6172 ), #981, .T. ) ;
#3629 = ADVANCED_FACE ( 'NONE', ( #5028 ), #7336, .F. ) ;
#3630 = LINE ( 'NONE', #1243, #4673 ) ;
#3631 = ADVANCED_FACE ( 'NONE', ( #5773 ), #1804, .T. ) ;
#3632 = DIRECTION ( 'NONE',  ( 0.000000000000000000, 1.224606353822379970E-16, -1.000000000000000000 ) ) ;
#3633 = CARTESIAN_POINT ( 'NONE',  ( -0.07007874015748032093, -0.01968503937007873988, 0.02500000000000000486 ) ) ;
#3634 = CIRCLE ( 'NONE', #388, 0.005905511811023621965 ) ;
#3635 = CARTESIAN_POINT ( 'NONE',  ( 0.009356183418249165024, -0.02246410375173678656, 0.03484251968503937480 ) ) ;
#3636 = DIRECTION ( 'NONE',  ( -1.000000000000000000, -3.552713678800500140E-15, 0.000000000000000000 ) ) ;
#3637 = VECTOR ( 'NONE', #345, 39.37007874015748143 ) ;
#3638 = ORIENTED_EDGE ( 'NONE', *, *, #5530, .F. ) ;
#3639 = DIRECTION ( 'NONE',  ( -0.000000000000000000, 0.000000000000000000, 1.000000000000000000 ) ) ;
#3640 = FACE_OUTER_BOUND ( 'NONE', #6560, .T. ) ;
#3641 = PLANE ( 'NONE',  #130 ) ;
#3642 = LINE ( 'NONE', #818, #5954 ) ;
#3643 = ORIENTED_EDGE ( 'NONE', *, *, #4857, .T. ) ;
#3644 = VERTEX_POINT ( 'NONE', #1122 ) ;
#3645 = CARTESIAN_POINT ( 'NONE',  ( -0.08015284854099134770, -0.02061139416396475660, 0.07224409448818898405 ) ) ;
#3646 = EDGE_LOOP ( 'NONE', ( #3280, #3873, #2199, #5065 ) ) ;
#3647 = FACE_OUTER_BOUND ( 'NONE', #5685, .T. ) ;
#3648 = ORIENTED_EDGE ( 'NONE', *, *, #5172, .T. ) ;
#3649 = LINE ( 'NONE', #1957, #6299 ) ;
#3650 = PRESENTATION_STYLE_ASSIGNMENT (( #4900 ) ) ;
#3651 = PRESENTATION_LAYER_ASSIGNMENT (  '', '', ( #4386 ) ) ;
#3652 = CARTESIAN_POINT ( 'NONE',  ( -0.07575266327003259137, -0.02072718851320056940, 0.1135826771653543343 ) ) ;
#3653 = DIRECTION ( 'NONE',  ( 0.000000000000000000, -1.000000000000000000, 0.000000000000000000 ) ) ;
#3654 = LINE ( 'NONE', #4305, #6940 ) ;
#3655 = DIRECTION ( 'NONE',  ( -3.552713678800500140E-15, 1.000000000000000000, 0.000000000000000000 ) ) ;
#3656 = VECTOR ( 'NONE', #4074, 39.37007874015748143 ) ;
#3657 = ORIENTED_EDGE ( 'NONE', *, *, #4022, .T. ) ;
#3658 = ORIENTED_EDGE ( 'NONE', *, *, #2410, .F. ) ;
#3659 = DIRECTION ( 'NONE',  ( -0.000000000000000000, -0.9851275630313912623, 0.1718245749473350514 ) ) ;
#3660 = ORIENTED_EDGE ( 'NONE', *, *, #2942, .T. ) ;
#3661 = LINE ( 'NONE', #2573, #1480 ) ;
#3662 = VERTEX_POINT ( 'NONE', #5249 ) ;
#3663 = EDGE_CURVE ( 'NONE', #4958, #6786, #3634, .T. ) ;
#3664 = ADVANCED_FACE ( 'NONE', ( #6466 ), #7476, .F. ) ;
#3665 = ORIENTED_EDGE ( 'NONE', *, *, #2845, .F. ) ;
#3666 = DIRECTION ( 'NONE',  ( 0.000000000000000000, 0.000000000000000000, -1.000000000000000000 ) ) ;
#3667 = DIRECTION ( 'NONE',  ( -1.000000000000000000, 0.000000000000000000, 0.000000000000000000 ) ) ;
#3668 = LINE ( 'NONE', #6308, #3600 ) ;
#3669 = DIRECTION ( 'NONE',  ( -8.673617379884032317E-15, 1.000000000000000000, 0.000000000000000000 ) ) ;
#3671 = LINE ( 'NONE', #4887, #3866 ) ;
#3670 = VECTOR ( 'NONE', #3597, 39.37007874015748143 ) ;
#3672 = CYLINDRICAL_SURFACE ( 'NONE', #3771, 0.001968503937007874856 ) ;
#3673 = ADVANCED_FACE ( 'NONE', ( #2867 ), #676, .F. ) ;
#3674 = VERTEX_POINT ( 'NONE', #76 ) ;
#3675 = ORIENTED_EDGE ( 'NONE', *, *, #6630, .T. ) ;
#3676 = CARTESIAN_POINT ( 'NONE',  ( 0.0007874015748030586308, 0.01929133858267728652, 0.1366141732283464860 ) ) ;
#3677 = CARTESIAN_POINT ( 'NONE',  ( 0.008429828624363150044, -0.02072718851320049308, 0.05059055118110235977 ) ) ;
#3678 = DIRECTION ( 'NONE',  ( -0.000000000000000000, -1.224606353822379970E-16, 1.000000000000000000 ) ) ;
#3679 = EDGE_LOOP ( 'NONE', ( #2170, #7213, #1182, #3158 ) ) ;
#3680 = VECTOR ( 'NONE', #2739, 39.37007874015748143 ) ;
#3681 = DIRECTION ( 'NONE',  ( 0.000000000000000000, 0.000000000000000000, -1.000000000000000000 ) ) ;
#3682 = ORIENTED_EDGE ( 'NONE', *, *, #5531, .F. ) ;
#3683 = EDGE_CURVE ( 'NONE', #5357, #2542, #5285, .T. ) ;
#3684 = ORIENTED_EDGE ( 'NONE', *, *, #6828, .F. ) ;
#3685 = ORIENTED_EDGE ( 'NONE', *, *, #1419, .T. ) ;
#3686 = LINE ( 'NONE', #5396, #3255 ) ;
#3687 = ORIENTED_EDGE ( 'NONE', *, *, #537, .F. ) ;
#3688 = SURFACE_SIDE_STYLE ('',( #3132 ) ) ;
#3689 = ORIENTED_EDGE ( 'NONE', *, *, #4575, .T. ) ;
#3690 = DIRECTION ( 'NONE',  ( -0.000000000000000000, 1.000000000000000000, 1.224606353822379970E-16 ) ) ;
#3691 = LINE ( 'NONE', #3728, #5950 ) ;
#3692 = CLOSED_SHELL ( 'NONE', ( #3721, #6785, #3173, #4320, #7360, #2825, #3357, #1348, #6109, #2460, #6961, #2944, #4069, #11 ) ) ;
#3693 = CARTESIAN_POINT ( 'NONE',  ( 0.002755905511811056110, -0.01574803149606291558, 0.09783464566929132855 ) ) ;
#3694 = DIRECTION ( 'NONE',  ( 0.000000000000000000, 1.224606353822379970E-16, -1.000000000000000000 ) ) ;
#3695 = CARTESIAN_POINT ( 'NONE',  ( -0.07007874015748032093, 0.01732283464566929110, 0.1346456692913385877 ) ) ;
#3696 = CARTESIAN_POINT ( 'NONE',  ( 0.009356183418249175432, -0.02246410375173684901, 0.1194881889763779736 ) ) ;
#3697 = VERTEX_POINT ( 'NONE', #601 ) ;
#3698 = EDGE_LOOP ( 'NONE', ( #4825, #407, #4272, #6939 ) ) ;
#3699 = CARTESIAN_POINT ( 'NONE',  ( 0.002755905511811066518, -0.01968503937007862192, 0.08799212598425197596 ) ) ;
#3700 = ORIENTED_EDGE ( 'NONE', *, *, #6681, .F. ) ;
#3701 = DIRECTION ( 'NONE',  ( 0.000000000000000000, 0.000000000000000000, 1.000000000000000000 ) ) ;
#3702 = EDGE_LOOP ( 'NONE', ( #6848, #3239, #4108, #3464 ) ) ;
#3703 = ORIENTED_EDGE ( 'NONE', *, *, #4312, .T. ) ;
#3704 = CARTESIAN_POINT ( 'NONE',  ( -0.05566398262798635116, -0.01379395456724711276, 0.1135206479169926647 ) ) ;
#3705 = PLANE ( 'NONE',  #2035 ) ;
#3706 = DIRECTION ( 'NONE',  ( 0.000000000000000000, -0.000000000000000000, -1.000000000000000000 ) ) ;
#3707 = ADVANCED_FACE ( 'NONE', ( #5131 ), #4561, .F. ) ;
#3708 = EDGE_CURVE ( 'NONE', #2535, #97, #112, .T. ) ;
#3709 = DIRECTION ( 'NONE',  ( -1.000000000000000000, -3.552713678800500140E-15, 0.000000000000000000 ) ) ;
#3710 = CARTESIAN_POINT ( 'NONE',  ( 0.04980888922789999951, -0.01377952755905503986, 0.06633858267716535861 ) ) ;
#3711 = CIRCLE ( 'NONE', #6753, 0.001968503937007874856 ) ;
#3712 = ORIENTED_EDGE ( 'NONE', *, *, #2062, .F. ) ;
#3713 = ORIENTED_EDGE ( 'NONE', *, *, #6991, .F. ) ;
#3714 = DIRECTION ( 'NONE',  ( -1.000000000000000000, -0.000000000000000000, -0.000000000000000000 ) ) ;
#3715 = DIRECTION ( 'NONE',  ( 1.000000000000000000, 3.552713678800500140E-15, 0.000000000000000000 ) ) ;
#3716 = CIRCLE ( 'NONE', #96, 0.001968503937007874856 ) ;
#3717 = ADVANCED_FACE ( 'NONE', ( #6884 ), #5704, .T. ) ;
#3718 = CARTESIAN_POINT ( 'NONE',  ( 0.04980888922789999951, -0.01377952755905503986, 0.08208661417322835052 ) ) ;
#3719 = CIRCLE ( 'NONE', #4552, 0.001968503937007874856 ) ;
#3720 = VERTEX_POINT ( 'NONE', #4065 ) ;
#3721 = ADVANCED_FACE ( 'NONE', ( #2406 ), #5207, .F. ) ;
#3722 = LINE ( 'NONE', #1993, #240 ) ;
#3723 = CARTESIAN_POINT ( 'NONE',  ( -0.1171317238735696958, -0.01377952755905503986, 0.03484251968503937480 ) ) ;
#3724 = EDGE_CURVE ( 'NONE', #97, #372, #5334, .T. ) ;
#3725 = VECTOR ( 'NONE', #5205, 39.37007874015748143 ) ;
#3726 = ORIENTED_EDGE ( 'NONE', *, *, #3536, .T. ) ;
#3727 = FACE_OUTER_BOUND ( 'NONE', #4986, .T. ) ;
#3728 = CARTESIAN_POINT ( 'NONE',  ( -0.08188976377952757180, -0.02165354330708653754, 0.09035433070866143168 ) ) ;
#3729 = VERTEX_POINT ( 'NONE', #1193 ) ;
#3730 = VECTOR ( 'NONE', #1574, 39.37007874015748143 ) ;
#3731 = PLANE ( 'NONE',  #1983 ) ;
#3732 = ORIENTED_EDGE ( 'NONE', *, *, #6991, .T. ) ;
#3733 = DIRECTION ( 'NONE',  ( -0.000000000000000000, 0.000000000000000000, 1.000000000000000000 ) ) ;
#3734 = CARTESIAN_POINT ( 'NONE',  ( -0.04940944881889763191, 0.01929133858267720325, 0.01535433070866141884 ) ) ;
#3735 = CARTESIAN_POINT ( 'NONE',  ( 0.01283001389532191679, -0.02061139416396473578, 0.1218503937007874155 ) ) ;
#3736 = VERTEX_POINT ( 'NONE', #6986 ) ;
#3737 = ORIENTED_EDGE ( 'NONE', *, *, #1635, .F. ) ;
#3738 = CARTESIAN_POINT ( 'NONE',  ( -0.07575266327003259137, -0.02072718851320056940, 0.02500000000000000139 ) ) ;
#3739 = ORIENTED_EDGE ( 'NONE', *, *, #2558, .F. ) ;
#3740 = VECTOR ( 'NONE', #3438, 39.37007874015748854 ) ;
#3741 = CYLINDRICAL_SURFACE ( 'NONE', #516, 0.005905511811023621965 ) ;
#3742 = ORIENTED_EDGE ( 'NONE', *, *, #4772, .T. ) ;
#3743 = PRESENTATION_STYLE_ASSIGNMENT (( #5453 ) ) ;
#3744 =( GEOMETRIC_REPRESENTATION_CONTEXT ( 3 ) GLOBAL_UNCERTAINTY_ASSIGNED_CONTEXT ( ( #6720 ) ) GLOBAL_UNIT_ASSIGNED_CONTEXT ( ( #7174, #1954, #258 ) ) REPRESENTATION_CONTEXT ( 'NONE', 'WORKASPACE' ) );
#3745 = CARTESIAN_POINT ( 'NONE',  ( -0.01791338582677173483, 0.01929133858267731427, 0.1983179640278689149 ) ) ;
#3746 = DIRECTION ( 'NONE',  ( 0.000000000000000000, 1.000000000000000000, 0.000000000000000000 ) ) ;
#3747 = DIRECTION ( 'NONE',  ( -0.000000000000000000, -1.224606353822379970E-16, 1.000000000000000000 ) ) ;
#3748 = FACE_OUTER_BOUND ( 'NONE', #4090, .T. ) ;
#3749 = CARTESIAN_POINT ( 'NONE',  ( 0.04980888922789999951, -0.01574803149606291558, 0.1194881889763779736 ) ) ;
#3750 = AXIS2_PLACEMENT_3D ( 'NONE', #3372, #4536, #3451 ) ;
#3751 = ADVANCED_FACE ( 'NONE', ( #3996 ), #2989, .F. ) ;
#3752 = EDGE_LOOP ( 'NONE', ( #1760, #415, #6868, #1095 ) ) ;
#3753 = EDGE_CURVE ( 'NONE', #1329, #901, #565, .T. ) ;
#3754 = VERTEX_POINT ( 'NONE', #6919 ) ;
#3755 = DIRECTION ( 'NONE',  ( 0.4705882352941179736, 0.8823529411764702290, 0.000000000000000000 ) ) ;
#3756 = LINE ( 'NONE', #2656, #5535 ) ;
#3757 = VECTOR ( 'NONE', #6963, 39.37007874015748143 ) ;
#3758 = LINE ( 'NONE', #4365, #5676 ) ;
#3759 = VECTOR ( 'NONE', #642, 39.37007874015749564 ) ;
#3760 = EDGE_CURVE ( 'NONE', #6689, #2477, #2326, .T. ) ;
#3761 = EDGE_CURVE ( 'NONE', #2096, #4416, #6544, .T. ) ;
#3762 = ORIENTED_EDGE ( 'NONE', *, *, #2990, .T. ) ;
#3763 = CARTESIAN_POINT ( 'NONE',  ( 0.04980888922789999951, -0.02559055118110224736, 0.1194881889763779736 ) ) ;
#3764 = DIRECTION ( 'NONE',  ( -1.000000000000000000, -0.000000000000000000, -0.000000000000000000 ) ) ;
#3765 = VECTOR ( 'NONE', #5503, 39.37007874015748143 ) ;
#3766 = VERTEX_POINT ( 'NONE', #6584 ) ;
#3767 = CARTESIAN_POINT ( 'NONE',  ( -0.07007874015748032093, -0.01574803149606291558, 0.1037401574803149540 ) ) ;
#3768 = LINE ( 'NONE', #2627, #765 ) ;
#3769 = EDGE_CURVE ( 'NONE', #1161, #6643, #4794, .T. ) ;
#3770 = EDGE_CURVE ( 'NONE', #4819, #7053, #876, .T. ) ;
#3771 = AXIS2_PLACEMENT_3D ( 'NONE', #7200, #4955, #5459 ) ;
#3772 = FACE_OUTER_BOUND ( 'NONE', #6358, .T. ) ;
#3773 = DIRECTION ( 'NONE',  ( -1.000000000000000000, -3.552713678800500140E-15, -0.000000000000000000 ) ) ;
#3774 = LINE ( 'NONE', #6082, #791 ) ;
#3775 = DIRECTION ( 'NONE',  ( -1.000000000000000000, -0.000000000000000000, -0.000000000000000000 ) ) ;
#3776 = ORIENTED_EDGE ( 'NONE', *, *, #447, .T. ) ;
#3777 = VERTEX_POINT ( 'NONE', #6006 ) ;
#3778 = CARTESIAN_POINT ( 'NONE',  ( -0.07401574803149606196, -0.02165354330708653754, 0.1135826771653543343 ) ) ;
#3779 = STYLED_ITEM ( 'NONE', ( #1502 ), #5365 ) ;
#3780 = DIRECTION ( 'NONE',  ( 0.000000000000000000, -0.000000000000000000, -1.000000000000000000 ) ) ;
#3781 = ADVANCED_FACE ( 'NONE', ( #5330 ), #1355, .F. ) ;
#3782 = AXIS2_PLACEMENT_3D ( 'NONE', #3418, #7423, #5797 ) ;
#3783 = DIRECTION ( 'NONE',  ( -1.000000000000000000, 0.000000000000000000, -0.000000000000000000 ) ) ;
#3784 = CARTESIAN_POINT ( 'NONE',  ( -0.1171317238735696958, -0.02559055118110228552, 0.05649606299212599214 ) ) ;
#3785 = CARTESIAN_POINT ( 'NONE',  ( 0.02480314960629930246, -0.02165354330708653754, 0.08168350774674922044 ) ) ;
#3786 = CARTESIAN_POINT ( 'NONE',  ( -0.07401574803149606196, -0.01574803149606291558, 0.08208661417322835052 ) ) ;
#3787 = CARTESIAN_POINT ( 'NONE',  ( -0.06692913385826770867, -0.01968503937007873988, 0.1194881889763780014 ) ) ;
#3788 = DIRECTION ( 'NONE',  ( -0.7071067811865282549, 0.000000000000000000, -0.7071067811865666686 ) ) ;
#3789 = ORIENTED_EDGE ( 'NONE', *, *, #1023, .F. ) ;
#3790 = ORIENTED_EDGE ( 'NONE', *, *, #5242, .F. ) ;
#3791 = DIRECTION ( 'NONE',  ( -1.000000000000000000, 0.000000000000000000, 0.000000000000000000 ) ) ;
#3792 = VECTOR ( 'NONE', #3714, 39.37007874015748143 ) ;
#3793 = CARTESIAN_POINT ( 'NONE',  ( 0.04980888922789999951, -0.02559055118110228552, 0.05649606299212599214 ) ) ;
#3794 = CARTESIAN_POINT ( 'NONE',  ( 0.01283001389532189077, -0.02061139416396472537, 0.1061023622047244097 ) ) ;
#3795 = VECTOR ( 'NONE', #3073, 39.37007874015748854 ) ;
#3796 = VERTEX_POINT ( 'NONE', #7223 ) ;
#3797 = AXIS2_PLACEMENT_3D ( 'NONE', #5282, #110, #2948 ) ;
#3798 = DIRECTION ( 'NONE',  ( 1.000000000000000000, 0.000000000000000000, 0.000000000000000000 ) ) ;
#3799 = ADVANCED_FACE ( 'NONE', ( #1396 ), #312, .F. ) ;
#3800 = EDGE_CURVE ( 'NONE', #182, #6839, #1702, .T. ) ;
#3801 = ORIENTED_EDGE ( 'NONE', *, *, #6292, .F. ) ;
#3802 = CARTESIAN_POINT ( 'NONE',  ( 0.04980888922789999951, -0.02165354330708653754, 0.08208661417322835052 ) ) ;
#3803 = VERTEX_POINT ( 'NONE', #1925 ) ;
#3804 = DIRECTION ( 'NONE',  ( -1.000000000000000000, 0.000000000000000000, 0.000000000000000000 ) ) ;
#3805 = LINE ( 'NONE', #5620, #3830 ) ;
#3806 = PLANE ( 'NONE',  #5009 ) ;
#3807 = FACE_OUTER_BOUND ( 'NONE', #2756, .T. ) ;
#3808 = ORIENTED_EDGE ( 'NONE', *, *, #3421, .F. ) ;
#3809 = VERTEX_POINT ( 'NONE', #5372 ) ;
#3810 = CIRCLE ( 'NONE', #4179, 0.001968503937007874856 ) ;
#3811 = EDGE_CURVE ( 'NONE', #6314, #7082, #7145, .T. ) ;
#3812 = CARTESIAN_POINT ( 'NONE',  ( 0.01283001389532192719, -0.02061139416396473925, 0.1194881889763779736 ) ) ;
#3813 = VERTEX_POINT ( 'NONE', #3699 ) ;
#3814 = EDGE_LOOP ( 'NONE', ( #5787, #5842, #6492, #4476 ) ) ;
#3815 = DIRECTION ( 'NONE',  ( -0.000000000000000000, -0.000000000000000000, -1.000000000000000000 ) ) ;
#3816 = CARTESIAN_POINT ( 'NONE',  ( 0.002755905511811067819, -0.01968503937007862192, 0.000000000000000000 ) ) ;
#3817 = CYLINDRICAL_SURFACE ( 'NONE', #3127, 0.005905511811023620231 ) ;
#3818 = PLANE ( 'NONE',  #4690 ) ;
#3819 = EDGE_CURVE ( 'NONE', #4565, #4146, #504, .T. ) ;
#3820 = DIRECTION ( 'NONE',  ( 3.552713678800500140E-15, -1.000000000000000000, 0.000000000000000000 ) ) ;
#3821 = ORIENTED_EDGE ( 'NONE', *, *, #4590, .T. ) ;
#3822 = DIRECTION ( 'NONE',  ( 0.000000000000000000, 1.000000000000000000, -0.000000000000000000 ) ) ;
#3823 = VERTEX_POINT ( 'NONE', #837 ) ;
#3824 = ORIENTED_EDGE ( 'NONE', *, *, #4663, .F. ) ;
#3825 = PLANE ( 'NONE',  #2330 ) ;
#3826 = VECTOR ( 'NONE', #647, 39.37007874015748143 ) ;
#3827 = LINE ( 'NONE', #4325, #1784 ) ;
#3828 = DIRECTION ( 'NONE',  ( -0.4705882352940230495, -0.8823529411765209662, 0.000000000000000000 ) ) ;
#3829 = ORIENTED_EDGE ( 'NONE', *, *, #750, .F. ) ;
#3830 = VECTOR ( 'NONE', #6836, 39.37007874015748143 ) ;
#3831 = CARTESIAN_POINT ( 'NONE',  ( 0.04980888922789999951, -0.02559055118110228552, 0.03484251968503937480 ) ) ;
#3832 = AXIS2_PLACEMENT_3D ( 'NONE', #7075, #1894, #4193 ) ;
#3833 = LINE ( 'NONE', #2169, #7158 ) ;
#3834 = EDGE_LOOP ( 'NONE', ( #5018, #1062, #6874, #888 ) ) ;
#3835 = EDGE_LOOP ( 'NONE', ( #1225, #3167, #3149, #4084 ) ) ;
#3836 = ORIENTED_EDGE ( 'NONE', *, *, #1160, .F. ) ;
#3837 = EDGE_CURVE ( 'NONE', #3966, #1386, #4964, .T. ) ;
#3838 = EDGE_CURVE ( 'NONE', #4397, #4565, #191, .T. ) ;
#3839 = CARTESIAN_POINT ( 'NONE',  ( -0.01791338582677173483, 0.01929133858267732468, 0.1192913385826771533 ) ) ;
#3840 = DIRECTION ( 'NONE',  ( -1.000000000000000000, 0.000000000000000000, 0.000000000000000000 ) ) ;
#3841 = VECTOR ( 'NONE', #1154, 39.37007874015748143 ) ;
#3842 = LINE ( 'NONE', #3321, #4468 ) ;
#3843 = DIRECTION ( 'NONE',  ( 4.350675744370774550E-31, 1.224606353822379970E-16, -1.000000000000000000 ) ) ;
#3844 = VERTEX_POINT ( 'NONE', #3738 ) ;
#3845 = ORIENTED_EDGE ( 'NONE', *, *, #6941, .T. ) ;
#3846 = DIRECTION ( 'NONE',  ( -0.000000000000000000, -1.224606353822379970E-16, 1.000000000000000000 ) ) ;
#3847 = FILL_AREA_STYLE ('',( #4419 ) ) ;
#3848 = AXIS2_PLACEMENT_3D ( 'NONE', #2895, #2939, #4094 ) ;
#3849 = ADVANCED_FACE ( 'NONE', ( #798 ), #2006, .F. ) ;
#3850 = PLANE ( 'NONE',  #5906 ) ;
#3851 = CARTESIAN_POINT ( 'NONE',  ( -0.09212598425196878715, -0.02165354330708653754, 0.05059055118110235977 ) ) ;
#3852 = PLANE ( 'NONE',  #2384 ) ;
#3853 = CARTESIAN_POINT ( 'NONE',  ( -0.08188976377952757180, -0.02165354330708653754, 0.04311023622047244208 ) ) ;
#3854 = LINE ( 'NONE', #3957, #4961 ) ;
#3855 = ORIENTED_EDGE ( 'NONE', *, *, #5440, .T. ) ;
#3856 = LINE ( 'NONE', #985, #1710 ) ;
#3857 = AXIS2_PLACEMENT_3D ( 'NONE', #5835, #3047, #5229 ) ;
#3858 = ORIENTED_EDGE ( 'NONE', *, *, #5507, .F. ) ;
#3859 = EDGE_CURVE ( 'NONE', #2559, #4923, #1887, .T. ) ;
#3860 = EDGE_CURVE ( 'NONE', #2192, #475, #3166, .T. ) ;
#3861 = EDGE_CURVE ( 'NONE', #7429, #6412, #6900, .T. ) ;
#3862 = ORIENTED_EDGE ( 'NONE', *, *, #2978, .F. ) ;
#3863 = CARTESIAN_POINT ( 'NONE',  ( -0.09030577617711772753, -0.02165354330708653754, 0.07460629921259842590 ) ) ;
#3864 = CARTESIAN_POINT ( 'NONE',  ( -0.07667901806391849706, -0.02246410375173685248, 0.02736220472440945017 ) ) ;
#3865 = CARTESIAN_POINT ( 'NONE',  ( 0.02480314960629929205, -0.02559055118110228552, 0.07224409448818898405 ) ) ;
#3866 = VECTOR ( 'NONE', #3155, 39.37007874015748143 ) ;
#3867 = VERTEX_POINT ( 'NONE', #5894 ) ;
#3868 = ORIENTED_EDGE ( 'NONE', *, *, #7224, .T. ) ;
#3869 = LENGTH_MEASURE_WITH_UNIT ( LENGTH_MEASURE( 0.02539999999999999897 ), #6756 );
#3870 = VECTOR ( 'NONE', #3542, 39.37007874015748854 ) ;
#3871 = PRESENTATION_STYLE_ASSIGNMENT (( #1569 ) ) ;
#3872 = ORIENTED_EDGE ( 'NONE', *, *, #5491, .F. ) ;
#3873 = ORIENTED_EDGE ( 'NONE', *, *, #3494, .F. ) ;
#3874 = DIRECTION ( 'NONE',  ( 0.000000000000000000, 1.000000000000000000, 0.000000000000000000 ) ) ;
#3875 = AXIS2_PLACEMENT_3D ( 'NONE', #5932, #5514, #4985 ) ;
#3876 = CARTESIAN_POINT ( 'NONE',  ( 0.02480314960629930940, -0.02559055118110224736, 0.08799212598425197596 ) ) ;
#3877 = DIRECTION ( 'NONE',  ( -0.7071067811865532349, 0.000000000000000000, 0.7071067811865416886 ) ) ;
#3878 = EDGE_LOOP ( 'NONE', ( #7349, #4655, #7167, #5900, #1039, #6151, #2773, #6799 ) ) ;
#3879 = ORIENTED_EDGE ( 'NONE', *, *, #5657, .T. ) ;
#3880 = LINE ( 'NONE', #5590, #2185 ) ;
#3881 = VERTEX_POINT ( 'NONE', #716 ) ;
#3882 = CARTESIAN_POINT ( 'NONE',  ( -0.05263880110148464603, 0.01929133858267742183, 0.01535433070866140670 ) ) ;
#3883 = ORIENTED_EDGE ( 'NONE', *, *, #4780, .T. ) ;
#3884 = VECTOR ( 'NONE', #4138, 39.37007874015748143 ) ;
#3885 = FILL_AREA_STYLE_COLOUR ( '', #2386 ) ;
#3886 = FACE_OUTER_BOUND ( 'NONE', #4743, .T. ) ;
#3887 = DIRECTION ( 'NONE',  ( 0.000000000000000000, 1.000000000000000000, 0.000000000000000000 ) ) ;
#3888 = AXIS2_PLACEMENT_3D ( 'NONE', #6306, #7468, #5241 ) ;
#3890 = CARTESIAN_POINT ( 'NONE',  ( -0.08188976377952757180, -0.02559055118110229246, 0.1194881889763779736 ) ) ;
#3889 = VECTOR ( 'NONE', #4639, 39.37007874015748143 ) ;
#3891 = CARTESIAN_POINT ( 'NONE',  ( 0.009356183418249175432, -0.02246410375173684901, 0.04074803149606298636 ) ) ;
#3892 = ORIENTED_EDGE ( 'NONE', *, *, #3021, .F. ) ;
#3893 = EDGE_CURVE ( 'NONE', #566, #6725, #7148, .T. ) ;
#3894 = CARTESIAN_POINT ( 'NONE',  ( 0.009356183418249208392, -0.02246410375173683166, 0.07460629921259842590 ) ) ;
#3895 = ADVANCED_FACE ( 'NONE', ( #1313 ), #3619, .F. ) ;
#3896 = VECTOR ( 'NONE', #1254, 39.37007874015748143 ) ;
#3897 = VECTOR ( 'NONE', #1475, 39.37007874015748143 ) ;
#3898 = ORIENTED_EDGE ( 'NONE', *, *, #1265, .F. ) ;
#3899 = VERTEX_POINT ( 'NONE', #2111 ) ;
#3900 = DIRECTION ( 'NONE',  ( -1.000000000000000000, -7.228014483236696555E-16, 0.000000000000000000 ) ) ;
#3901 = CARTESIAN_POINT ( 'NONE',  ( 0.008429828624363150044, -0.02072718851320049308, 0.1135826771653543343 ) ) ;
#3902 = CARTESIAN_POINT ( 'NONE',  ( -0.07401574803149606196, -0.01968503937007873988, 0.01909448818897638289 ) ) ;
#3903 = EDGE_CURVE ( 'NONE', #372, #2084, #2743, .T. ) ;
#3904 = ORIENTED_EDGE ( 'NONE', *, *, #4368, .T. ) ;
#3905 = SURFACE_SIDE_STYLE ('',( #6573 ) ) ;
#3906 = UNCERTAINTY_MEASURE_WITH_UNIT (LENGTH_MEASURE( 1.000000000000000082E-05 ), #632, 'distance_accuracy_value', 'NONE');
#3907 = EDGE_CURVE ( 'NONE', #6942, #3287, #4449, .T. ) ;
#3908 = VECTOR ( 'NONE', #4489, 39.37007874015748143 ) ;
#3909 =( NAMED_UNIT ( * ) PLANE_ANGLE_UNIT ( ) SI_UNIT ( $, .RADIAN. ) );
#3910 = ORIENTED_EDGE ( 'NONE', *, *, #3605, .T. ) ;
#3911 = ORIENTED_EDGE ( 'NONE', *, *, #486, .T. ) ;
#3912 = AXIS2_PLACEMENT_3D ( 'NONE', #1538, #3385, #6837 ) ;
#3913 = CARTESIAN_POINT ( 'NONE',  ( -0.05589377207669014164, -0.01247649506134556989, 0.02483223979965784589 ) ) ;
#3914 = CARTESIAN_POINT ( 'NONE',  ( 0.006692913385826772428, -0.01574803149606291558, 0.06633858267716535861 ) ) ;
#3915 = LINE ( 'NONE', #7392, #5429 ) ;
#3916 = ORIENTED_EDGE ( 'NONE', *, *, #1806, .F. ) ;
#3917 = ORIENTED_EDGE ( 'NONE', *, *, #3087, .F. ) ;
#3918 = DIRECTION ( 'NONE',  ( -0.4705882352940230495, -0.8823529411765209662, 0.000000000000000000 ) ) ;
#3919 = CARTESIAN_POINT ( 'NONE',  ( -0.07401574803149606196, -0.02165354330708653754, 0.08208661417322835052 ) ) ;
#3920 = DIRECTION ( 'NONE',  ( 3.552713678800500140E-15, -1.000000000000000000, 0.000000000000000000 ) ) ;
#3921 = CARTESIAN_POINT ( 'NONE',  ( -0.07007874015748032093, -0.001181102362204724393, 0.003937007874015748844 ) ) ;
#3922 = LINE ( 'NONE', #5662, #3480 ) ;
#3923 = CARTESIAN_POINT ( 'NONE',  ( -0.07007874015748030705, 0.01732283464566929110, 0.003937007874015741905 ) ) ;
#3924 = CARTESIAN_POINT ( 'NONE',  ( 0.02480314960629933368, -0.02559055118110225083, 0.1218503937007874155 ) ) ;
#3925 = ORIENTED_EDGE ( 'NONE', *, *, #6269, .T. ) ;
#3926 = CARTESIAN_POINT ( 'NONE',  ( -0.07667901806391835828, -0.02246410375173656104, 0.07224409448818898405 ) ) ;
#3927 = ORIENTED_EDGE ( 'NONE', *, *, #4261, .F. ) ;
#3928 = ORIENTED_EDGE ( 'NONE', *, *, #5012, .T. ) ;
#3929 = EDGE_CURVE ( 'NONE', #6815, #6660, #3354, .T. ) ;
#3930 = CARTESIAN_POINT ( 'NONE',  ( -0.08188976377952757180, -0.02165354330708653754, 0.07224409448818898405 ) ) ;
#3931 = EDGE_CURVE ( 'NONE', #1852, #4746, #4483, .T. ) ;
#3932 = DIRECTION ( 'NONE',  ( 0.4705882352940230495, 0.8823529411765209662, 0.000000000000000000 ) ) ;
#3933 = ORIENTED_EDGE ( 'NONE', *, *, #2658, .T. ) ;
#3934 = DIRECTION ( 'NONE',  ( 4.500641816552991797E-31, 1.224606353822379970E-16, 1.000000000000000000 ) ) ;
#3935 = DIRECTION ( 'NONE',  ( 0.000000000000000000, 1.224606353822379970E-16, -1.000000000000000000 ) ) ;
#3936 = ORIENTED_EDGE ( 'NONE', *, *, #2236, .T. ) ;
#3937 = ADVANCED_FACE ( 'NONE', ( #6086 ), #5655, .F. ) ;
#3938 = FILL_AREA_STYLE_COLOUR ( '', #2770 ) ;
#3939 = LINE ( 'NONE', #4653, #3413 ) ;
#3940 = VERTEX_POINT ( 'NONE', #3288 ) ;
#3941 = EDGE_LOOP ( 'NONE', ( #3099, #4035, #2183, #5084, #3419, #1344, #443, #4135, #422, #5777, #3004, #6297 ) ) ;
#3942 = ORIENTED_EDGE ( 'NONE', *, *, #2615, .T. ) ;
#3943 = EDGE_CURVE ( 'NONE', #1546, #5743, #4385, .T. ) ;
#3944 = EDGE_CURVE ( 'NONE', #6136, #5936, #3880, .T. ) ;
#3945 = CARTESIAN_POINT ( 'NONE',  ( 0.01283001389532192719, -0.02061139416396473925, 0.05059055118110235977 ) ) ;
#3946 = LINE ( 'NONE', #2779, #2000 ) ;
#3947 = CARTESIAN_POINT ( 'NONE',  ( -0.07922649374710513670, -0.01887447892542834862, 0.05885826771653544093 ) ) ;
#3948 = VERTEX_POINT ( 'NONE', #3812 ) ;
#3949 = VECTOR ( 'NONE', #1106, 39.37007874015748143 ) ;
#3950 = ORIENTED_EDGE ( 'NONE', *, *, #5148, .T. ) ;
#3951 = DIRECTION ( 'NONE',  ( 0.000000000000000000, -0.000000000000000000, 1.000000000000000000 ) ) ;
#3952 = VECTOR ( 'NONE', #6996, 39.37007874015748143 ) ;
#3953 = CARTESIAN_POINT ( 'NONE',  ( -0.09212598425196863450, -0.02559055118110226817, 0.1037401574803149540 ) ) ;
#3954 = DIRECTION ( 'NONE',  ( -1.000000000000000000, 0.000000000000000000, 0.000000000000000000 ) ) ;
#3955 = DIRECTION ( 'NONE',  ( 0.4705882352941007651, -0.8823529411764794439, 0.000000000000000000 ) ) ;
#3956 = FACE_OUTER_BOUND ( 'NONE', #6363, .T. ) ;
#3957 = CARTESIAN_POINT ( 'NONE',  ( -0.07007874015748030705, 0.01732283464566928069, 0.1346456692913385877 ) ) ;
#3958 = VERTEX_POINT ( 'NONE', #1008 ) ;
#3959 = VECTOR ( 'NONE', #4266, 39.37007874015748143 ) ;
#3961 = AXIS2_PLACEMENT_3D ( 'NONE', #2718, #7432, #7399 ) ;
#3960 = DIRECTION ( 'NONE',  ( 0.000000000000000000, 1.000000000000000000, 0.000000000000000000 ) ) ;
#3962 = ORIENTED_EDGE ( 'NONE', *, *, #348, .T. ) ;
#3963 = EDGE_LOOP ( 'NONE', ( #3286, #4624, #966, #6243 ) ) ;
#3964 = CARTESIAN_POINT ( 'NONE',  ( -0.005511811023622126965, 0.01338582677165358475, 0.000000000000000000 ) ) ;
#3965 = CARTESIAN_POINT ( 'NONE',  ( -0.07667901806391851094, -0.02246410375173684901, 0.08799212598425197596 ) ) ;
#3966 = VERTEX_POINT ( 'NONE', #7395 ) ;
#3967 = CARTESIAN_POINT ( 'NONE',  ( 0.002755905511811061314, -0.01574803149606291558, 0.07224409448818898405 ) ) ;
#3968 = LINE ( 'NONE', #507, #146 ) ;
#3969 = EDGE_CURVE ( 'NONE', #5642, #7052, #6807, .T. ) ;
#3970 = EDGE_CURVE ( 'NONE', #679, #453, #3325, .T. ) ;
#3971 = ORIENTED_EDGE ( 'NONE', *, *, #869, .T. ) ;
#3972 = DIRECTION ( 'NONE',  ( -0.000000000000000000, -1.224606353822379970E-16, 1.000000000000000000 ) ) ;
#3973 = AXIS2_PLACEMENT_3D ( 'NONE', #5398, #6074, #296 ) ;
#3974 =( CONVERSION_BASED_UNIT ( 'INCH', #3869 ) LENGTH_UNIT ( ) NAMED_UNIT ( #10 ) );
#3975 = EDGE_CURVE ( 'NONE', #1185, #4017, #2714, .T. ) ;
#3976 = PLANE ( 'NONE',  #414 ) ;
#3977 = ADVANCED_FACE ( 'NONE', ( #5085 ), #943, .F. ) ;
#3978 = ORIENTED_EDGE ( 'NONE', *, *, #2651, .T. ) ;
#3979 = VECTOR ( 'NONE', #2804, 39.37007874015748143 ) ;
#3980 = ORIENTED_EDGE ( 'NONE', *, *, #5646, .T. ) ;
#3981 = DIRECTION ( 'NONE',  ( 0.8823529411764704511, 0.4705882352941180846, -0.000000000000000000 ) ) ;
#3982 = CARTESIAN_POINT ( 'NONE',  ( 0.002755905511811056544, -0.01377952755905503986, 0.03484251968503937480 ) ) ;
#3983 = FACE_OUTER_BOUND ( 'NONE', #4901, .T. ) ;
#3984 = VERTEX_POINT ( 'NONE', #7262 ) ;
#3985 = AXIS2_PLACEMENT_3D ( 'NONE', #3483, #3000, #2879 ) ;
#3986 = EDGE_LOOP ( 'NONE', ( #1877, #3497, #6532, #3441 ) ) ;
#3987 = LINE ( 'NONE', #5730, #618 ) ;
#3988 = CARTESIAN_POINT ( 'NONE',  ( 0.01283001389532192719, -0.02061139416396473925, 0.05649606299212599214 ) ) ;
#3989 = EDGE_CURVE ( 'NONE', #1656, #7067, #1511, .T. ) ;
#3990 = EDGE_CURVE ( 'NONE', #1997, #5262, #2069, .T. ) ;
#3991 = VECTOR ( 'NONE', #4670, 39.37007874015748143 ) ;
#3992 =( CONVERSION_BASED_UNIT ( 'INCH', #1688 ) LENGTH_UNIT ( ) NAMED_UNIT ( #5071 ) );
#3993 = DIRECTION ( 'NONE',  ( 0.000000000000000000, 1.224606353822379970E-16, -1.000000000000000000 ) ) ;
#3994 = LINE ( 'NONE', #3436, #5537 ) ;
#3995 = LINE ( 'NONE', #2866, #2532 ) ;
#3996 = FACE_OUTER_BOUND ( 'NONE', #190, .T. ) ;
#3997 = VECTOR ( 'NONE', #27, 39.37007874015748143 ) ;
#3998 = CARTESIAN_POINT ( 'NONE',  ( -0.07007874015748032093, 0.000000000000000000, 0.000000000000000000 ) ) ;
#3999 = EDGE_CURVE ( 'NONE', #6303, #1558, #4715, .T. ) ;
#4000 = ORIENTED_EDGE ( 'NONE', *, *, #953, .F. ) ;
#4001 = VECTOR ( 'NONE', #2834, 39.37007874015748143 ) ;
#4002 = ORIENTED_EDGE ( 'NONE', *, *, #4422, .F. ) ;
#4003 = DIRECTION ( 'NONE',  ( 0.000000000000000000, 1.000000000000000000, 0.000000000000000000 ) ) ;
#4004 = DIRECTION ( 'NONE',  ( 0.000000000000000000, 0.000000000000000000, 1.000000000000000000 ) ) ;
#4005 = LINE ( 'NONE', #3558, #3416 ) ;
#4006 = ORIENTED_EDGE ( 'NONE', *, *, #1951, .T. ) ;
#4007 = DIRECTION ( 'NONE',  ( -0.4705882352941318514, 0.8823529411764629016, 0.000000000000000000 ) ) ;
#4008 = LINE ( 'NONE', #6687, #7382 ) ;
#4009 =( GEOMETRIC_REPRESENTATION_CONTEXT ( 3 ) GLOBAL_UNCERTAINTY_ASSIGNED_CONTEXT ( ( #5644 ) ) GLOBAL_UNIT_ASSIGNED_CONTEXT ( ( #6420, #7021, #6377 ) ) REPRESENTATION_CONTEXT ( 'NONE', 'WORKASPACE' ) );
#4010 = DIMENSIONAL_EXPONENTS ( 1.000000000000000000, 0.000000000000000000, 0.000000000000000000, 0.000000000000000000, 0.000000000000000000, 0.000000000000000000, 0.000000000000000000 ) ;
#4011 = VECTOR ( 'NONE', #2041, 39.37007874015748143 ) ;
#4012 = ORIENTED_EDGE ( 'NONE', *, *, #1951, .F. ) ;
#4013 = FACE_OUTER_BOUND ( 'NONE', #6265, .T. ) ;
#4014 = AXIS2_PLACEMENT_3D ( 'NONE', #779, #4777, #4164 ) ;
#4015 = CYLINDRICAL_SURFACE ( 'NONE', #2204, 0.005905511811023620231 ) ;
#4016 = VERTEX_POINT ( 'NONE', #7327 ) ;
#4017 = VERTEX_POINT ( 'NONE', #2143 ) ;
#4018 = DIRECTION ( 'NONE',  ( -0.000000000000000000, -1.000000000000000000, 0.000000000000000000 ) ) ;
#4019 = EDGE_CURVE ( 'NONE', #3398, #2784, #1474, .T. ) ;
#4020 = ORIENTED_EDGE ( 'NONE', *, *, #4080, .T. ) ;
#4021 = PRODUCT_CONTEXT ( 'NONE', #4652, 'mechanical' ) ;
#4022 = EDGE_CURVE ( 'NONE', #742, #6090, #2423, .T. ) ;
#4023 = DIRECTION ( 'NONE',  ( -0.4705882352941179736, 0.8823529411764702290, 0.000000000000000000 ) ) ;
#4024 = ORIENTED_EDGE ( 'NONE', *, *, #6496, .F. ) ;
#4025 = LINE ( 'NONE', #6946, #3870 ) ;
#4026 = AXIS2_PLACEMENT_3D ( 'NONE', #4991, #1363, #3667 ) ;
#4027 = LINE ( 'NONE', #7064, #1847 ) ;
#4028 = CARTESIAN_POINT ( 'NONE',  ( -0.07007874015748032093, -0.01968503937007873988, 0.1135826771653543482 ) ) ;
#4029 = ADVANCED_FACE ( 'NONE', ( #5052 ), #7359, .F. ) ;
#4030 = DIRECTION ( 'NONE',  ( 0.000000000000000000, 1.000000000000000000, -0.000000000000000000 ) ) ;
#4031 = CARTESIAN_POINT ( 'NONE',  ( 0.006692913385826772428, -0.01574803149606291558, 0.1135826771653543343 ) ) ;
#4032 = CARTESIAN_POINT ( 'NONE',  ( -0.07401574803149606196, -0.01574803149606291558, 0.09035433070866143168 ) ) ;
#4033 = ORIENTED_EDGE ( 'NONE', *, *, #2747, .T. ) ;
#4034 = CARTESIAN_POINT ( 'NONE',  ( 0.002755905511811070855, -0.01968503937007862192, 0.08208661417322835052 ) ) ;
#4035 = ORIENTED_EDGE ( 'NONE', *, *, #2031, .F. ) ;
#4036 = DIRECTION ( 'NONE',  ( -0.000000000000000000, -0.000000000000000000, 1.000000000000000000 ) ) ;
#4037 = CARTESIAN_POINT ( 'NONE',  ( -0.07922649374710502568, -0.01887447892542818556, 0.01909448818897637595 ) ) ;
#4038 = ADVANCED_FACE ( 'NONE', ( #5807 ), #5276, .F. ) ;
#4039 = CARTESIAN_POINT ( 'NONE',  ( -0.05590551181102363515, 0.01141732283464574199, 0.02066471342245009349 ) ) ;
#4040 = DIRECTION ( 'NONE',  ( 0.4705882352941179736, -0.8823529411764702290, 0.000000000000000000 ) ) ;
#4041 = ORIENTED_EDGE ( 'NONE', *, *, #7010, .F. ) ;
#4042 = FACE_OUTER_BOUND ( 'NONE', #5022, .T. ) ;
#4044 = AXIS2_PLACEMENT_3D ( 'NONE', #118, #6431, #4071 ) ;
#4043 = DIRECTION ( 'NONE',  ( 0.000000000000000000, 1.000000000000000000, 0.000000000000000000 ) ) ;
#4045 = DIRECTION ( 'NONE',  ( -1.000000000000000000, -0.000000000000000000, -0.000000000000000000 ) ) ;
#4046 = ORIENTED_EDGE ( 'NONE', *, *, #999, .T. ) ;
#4047 = CARTESIAN_POINT ( 'NONE',  ( -0.07007874015748032093, -0.01968503937007873988, 0.08799212598425194820 ) ) ;
#4048 = CARTESIAN_POINT ( 'NONE',  ( 0.002755905511811056544, -0.01377952755905503986, 0.01909448818897637595 ) ) ;
#4049 =( NAMED_UNIT ( * ) PLANE_ANGLE_UNIT ( ) SI_UNIT ( $, .RADIAN. ) );
#4050 = ORIENTED_EDGE ( 'NONE', *, *, #6208, .T. ) ;
#4051 = VERTEX_POINT ( 'NONE', #1076 ) ;
#4052 = PLANE ( 'NONE',  #7007 ) ;
#4053 = DIRECTION ( 'NONE',  ( 0.000000000000000000, 0.000000000000000000, -1.000000000000000000 ) ) ;
#4054 = EDGE_LOOP ( 'NONE', ( #3950, #14, #4798, #7170 ) ) ;
#4055 = VERTEX_POINT ( 'NONE', #5766 ) ;
#4056 = FACE_OUTER_BOUND ( 'NONE', #7173, .T. ) ;
#4057 = CARTESIAN_POINT ( 'NONE',  ( -0.001181102362204701408, -0.02362204724409443235, 0.1385826771653543565 ) ) ;
#4058 = EDGE_CURVE ( 'NONE', #5694, #1956, #2860, .T. ) ;
#4059 = ADVANCED_FACE ( 'NONE', ( #595 ), #1148, .F. ) ;
#4060 = CARTESIAN_POINT ( 'NONE',  ( 0.002755905511811066518, -0.01968503937007862192, 0.1194881889763779875 ) ) ;
#4061 = DIRECTION ( 'NONE',  ( 0.000000000000000000, 1.000000000000000000, 0.000000000000000000 ) ) ;
#4062 = AXIS2_PLACEMENT_3D ( 'NONE', #2208, #482, #6694 ) ;
#4063 = DIRECTION ( 'NONE',  ( -0.000000000000000000, -1.000000000000000000, -1.224606353822379970E-16 ) ) ;
#4064 = FACE_OUTER_BOUND ( 'NONE', #6607, .T. ) ;
#4065 = CARTESIAN_POINT ( 'NONE',  ( -0.08015284854099134770, -0.02061139416396475660, 0.09783464566929132855 ) ) ;
#4066 = ORIENTED_EDGE ( 'NONE', *, *, #3139, .T. ) ;
#4067 = CARTESIAN_POINT ( 'NONE',  ( 0.006692913385826772428, -0.02165354330708653754, 0.1194881889763779736 ) ) ;
#4068 = VECTOR ( 'NONE', #3235, 39.37007874015748143 ) ;
#4069 = ADVANCED_FACE ( 'NONE', ( #4056 ), #3429, .T. ) ;
#4070 = VERTEX_POINT ( 'NONE', #2356 ) ;
#4071 = DIRECTION ( 'NONE',  ( 0.000000000000000000, 1.000000000000000000, 0.000000000000000000 ) ) ;
#4072 = LINE ( 'NONE', #6958, #7058 ) ;
#4073 = CARTESIAN_POINT ( 'NONE',  ( -0.01141732283464566740, -0.01220472440944873546, 0.1137978392235854258 ) ) ;
#4074 = DIRECTION ( 'NONE',  ( 0.000000000000000000, 1.000000000000000000, -0.000000000000000000 ) ) ;
#4075 = VECTOR ( 'NONE', #1233, 39.37007874015748143 ) ;
#4076 = VERTEX_POINT ( 'NONE', #3465 ) ;
#4077 = CARTESIAN_POINT ( 'NONE',  ( -0.08188976377952757180, -0.02559055118110227164, 0.06633858267716535861 ) ) ;
#4078 = CARTESIAN_POINT ( 'NONE',  ( 0.002755905511810997997, 9.790943209292624975E-18, 0.000000000000000000 ) ) ;
#4079 = EDGE_CURVE ( 'NONE', #6653, #5043, #7467, .T. ) ;
#4080 = EDGE_CURVE ( 'NONE', #2387, #2784, #6419, .T. ) ;
#4081 = EDGE_CURVE ( 'NONE', #4183, #2063, #4025, .T. ) ;
#4082 = VECTOR ( 'NONE', #3501, 39.37007874015748143 ) ;
#4083 = LINE ( 'NONE', #2422, #4451 ) ;
#4084 = ORIENTED_EDGE ( 'NONE', *, *, #3340, .F. ) ;
#4085 = CARTESIAN_POINT ( 'NONE',  ( 0.02480314960629930246, -0.02165354330708653754, 0.06593547625068622853 ) ) ;
#4086 = CARTESIAN_POINT ( 'NONE',  ( 0.02480314960629933368, -0.02559055118110227164, 0.05059055118110235977 ) ) ;
#4087 = AXIS2_PLACEMENT_3D ( 'NONE', #141, #5739, #3056 ) ;
#4088 = DIRECTION ( 'NONE',  ( 0.000000000000000000, 1.000000000000000000, 0.000000000000000000 ) ) ;
#4089 = ORIENTED_EDGE ( 'NONE', *, *, #527, .T. ) ;
#4090 = EDGE_LOOP ( 'NONE', ( #4510, #200, #7272, #3829 ) ) ;
#4091 = MECHANICAL_DESIGN_GEOMETRIC_PRESENTATION_REPRESENTATION (  '', ( #249 ), #1934 ) ;
#4092 = VERTEX_POINT ( 'NONE', #6979 ) ;
#4093 = VERTEX_POINT ( 'NONE', #1763 ) ;
#4094 = DIRECTION ( 'NONE',  ( -1.000000000000000000, 2.168404344971008868E-15, 0.000000000000000000 ) ) ;
#4095 = ORIENTED_EDGE ( 'NONE', *, *, #2927, .T. ) ;
#4096 = VERTEX_POINT ( 'NONE', #2245 ) ;
#4097 = ORIENTED_EDGE ( 'NONE', *, *, #986, .F. ) ;
#4098 = DIRECTION ( 'NONE',  ( 0.000000000000000000, 1.224606353822379970E-16, -1.000000000000000000 ) ) ;
#4099 = AXIS2_PLACEMENT_3D ( 'NONE', #857, #2056, #7121 ) ;
#4100 = VECTOR ( 'NONE', #2392, 39.37007874015748143 ) ;
#4101 = CARTESIAN_POINT ( 'NONE',  ( 0.01456692913385826751, -0.01968503937007866356, 0.05059055118110235977 ) ) ;
#4102 = VECTOR ( 'NONE', #432, 39.37007874015748143 ) ;
#4103 = DIRECTION ( 'NONE',  ( -1.000000000000000000, 0.000000000000000000, 0.000000000000000000 ) ) ;
#4104 = DIRECTION ( 'NONE',  ( -1.000000000000000000, -0.000000000000000000, -0.000000000000000000 ) ) ;
#4105 = DIRECTION ( 'NONE',  ( 0.000000000000000000, 0.000000000000000000, -1.000000000000000000 ) ) ;
#4106 = EDGE_LOOP ( 'NONE', ( #6164, #4222, #6634, #5985 ) ) ;
#4107 = DIRECTION ( 'NONE',  ( 6.476300976980080477E-16, -1.000000000000000000, 0.000000000000000000 ) ) ;
#4108 = ORIENTED_EDGE ( 'NONE', *, *, #5989, .T. ) ;
#4109 = VECTOR ( 'NONE', #4098, 39.37007874015748143 ) ;
#4110 = VERTEX_POINT ( 'NONE', #6376 ) ;
#4111 = CARTESIAN_POINT ( 'NONE',  ( -0.05566398262798642749, -0.01379395456724703643, 0.02506202924836154963 ) ) ;
#4112 = DIRECTION ( 'NONE',  ( -8.673617379884032317E-15, 1.000000000000000000, 0.000000000000000000 ) ) ;
#4113 = DIRECTION ( 'NONE',  ( 1.000000000000000000, 3.552713678800500140E-15, 0.000000000000000000 ) ) ;
#4115 = AXIS2_PLACEMENT_3D ( 'NONE', #3560, #1897, #4683 ) ;
#4114 = DIRECTION ( 'NONE',  ( -0.7071067811865474617, 0.000000000000000000, -0.7071067811865474617 ) ) ;
#4116 = EDGE_CURVE ( 'NONE', #2472, #5984, #3987, .T. ) ;
#4117 = EDGE_CURVE ( 'NONE', #2038, #1378, #6267, .T. ) ;
#4118 = LINE ( 'NONE', #2264, #6288 ) ;
#4119 = CARTESIAN_POINT ( 'NONE',  ( -0.07007874015748032093, -0.01377952755905503986, 0.09783464566929132855 ) ) ;
#4120 = VECTOR ( 'NONE', #1123, 39.37007874015748143 ) ;
#4121 = FACE_OUTER_BOUND ( 'NONE', #6730, .T. ) ;
#4122 = EDGE_LOOP ( 'NONE', ( #5610, #5235, #944, #1831 ) ) ;
#4123 = LINE ( 'NONE', #5948, #5607 ) ;
#4124 = EDGE_CURVE ( 'NONE', #3940, #3766, #1648, .T. ) ;
#4126 = DIRECTION ( 'NONE',  ( -0.000000000000000000, 0.000000000000000000, 1.000000000000000000 ) ) ;
#4125 =( GEOMETRIC_REPRESENTATION_CONTEXT ( 3 ) GLOBAL_UNCERTAINTY_ASSIGNED_CONTEXT ( ( #5039 ) ) GLOBAL_UNIT_ASSIGNED_CONTEXT ( ( #3098, #217, #2518 ) ) REPRESENTATION_CONTEXT ( 'NONE', 'WORKASPACE' ) );
#4127 = DIRECTION ( 'NONE',  ( -0.000000000000000000, 1.000000000000000000, 1.224606353822379970E-16 ) ) ;
#4128 = ORIENTED_EDGE ( 'NONE', *, *, #4360, .T. ) ;
#4129 = VERTEX_POINT ( 'NONE', #68 ) ;
#4130 = ORIENTED_EDGE ( 'NONE', *, *, #5089, .F. ) ;
#4131 = ORIENTED_EDGE ( 'NONE', *, *, #3990, .F. ) ;
#4132 =( NAMED_UNIT ( * ) PLANE_ANGLE_UNIT ( ) SI_UNIT ( $, .RADIAN. ) );
#4133 = EDGE_CURVE ( 'NONE', #2380, #7052, #3390, .T. ) ;
#4134 = CARTESIAN_POINT ( 'NONE',  ( -0.05354330708661417942, -0.01456692913385834558, 0.02718270478973380463 ) ) ;
#4135 = ORIENTED_EDGE ( 'NONE', *, *, #1149, .F. ) ;
#4136 = ORIENTED_EDGE ( 'NONE', *, *, #4377, .T. ) ;
#4137 = ORIENTED_EDGE ( 'NONE', *, *, #6901, .T. ) ;
#4138 = DIRECTION ( 'NONE',  ( -0.000000000000000000, -0.000000000000000000, 1.000000000000000000 ) ) ;
#4139 = CARTESIAN_POINT ( 'NONE',  ( -0.09212598425196888430, -0.02559055118110224736, 0.05018744475462323662 ) ) ;
#4140 = CARTESIAN_POINT ( 'NONE',  ( 0.01283001389532192719, -0.02061139416396473925, 0.06633858267716535861 ) ) ;
#4141 = AXIS2_PLACEMENT_3D ( 'NONE', #7291, #4539, #52 ) ;
#4142 = CARTESIAN_POINT ( 'NONE',  ( 0.01190365910143582201, -0.01887447892542835209, 0.05885826771653544093 ) ) ;
#4143 = DIRECTION ( 'NONE',  ( 0.000000000000000000, 1.000000000000000000, 0.000000000000000000 ) ) ;
#4144 = ORIENTED_EDGE ( 'NONE', *, *, #2999, .F. ) ;
#4145 = CARTESIAN_POINT ( 'NONE',  ( -0.1171317238735696958, -0.02559055118110228552, 0.1194881889763779736 ) ) ;
#4146 = VERTEX_POINT ( 'NONE', #4554 ) ;
#4147 = FACE_OUTER_BOUND ( 'NONE', #2797, .T. ) ;
#4148 = ORIENTED_EDGE ( 'NONE', *, *, #2024, .T. ) ;
#4149 = AXIS2_PLACEMENT_3D ( 'NONE', #5902, #5292, #4718 ) ;
#4150 = ORIENTED_EDGE ( 'NONE', *, *, #698, .F. ) ;
#4151 = FACE_OUTER_BOUND ( 'NONE', #3135, .T. ) ;
#4152 = CARTESIAN_POINT ( 'NONE',  ( 0.002755905511811063482, -0.01968503937007862192, 0.06633858267716535861 ) ) ;
#4153 = AXIS2_PLACEMENT_3D ( 'NONE', #562, #7472, #6738 ) ;
#4154 = DIRECTION ( 'NONE',  ( -1.000000000000000000, 0.000000000000000000, 0.000000000000000000 ) ) ;
#4155 = DIRECTION ( 'NONE',  ( 0.000000000000000000, -1.224606353822379970E-16, 1.000000000000000000 ) ) ;
#4156 = DIRECTION ( 'NONE',  ( 0.000000000000000000, 0.000000000000000000, 1.000000000000000000 ) ) ;
#4157 = DIRECTION ( 'NONE',  ( 0.000000000000000000, 0.000000000000000000, 1.000000000000000000 ) ) ;
#4158 = EDGE_CURVE ( 'NONE', #829, #2479, #6340, .T. ) ;
#4159 = FACE_OUTER_BOUND ( 'NONE', #2605, .T. ) ;
#4160 = EDGE_CURVE ( 'NONE', #742, #7082, #5199, .T. ) ;
#4161 = ORIENTED_EDGE ( 'NONE', *, *, #6496, .T. ) ;
#4162 = CARTESIAN_POINT ( 'NONE',  ( 0.04980888922789999951, -0.01574803149606291558, 0.1135826771653543343 ) ) ;
#4163 = LINE ( 'NONE', #205, #1289 ) ;
#4164 = DIRECTION ( 'NONE',  ( -1.000000000000000000, 2.168404344971008868E-15, 0.000000000000000000 ) ) ;
#4165 = ORIENTED_EDGE ( 'NONE', *, *, #1808, .F. ) ;
#4166 = ORIENTED_EDGE ( 'NONE', *, *, #3042, .T. ) ;
#4167 = EDGE_CURVE ( 'NONE', #1277, #3809, #4589, .T. ) ;
#4168 = ORIENTED_EDGE ( 'NONE', *, *, #7202, .T. ) ;
#4169 = DIRECTION ( 'NONE',  ( 1.000000000000000000, 0.000000000000000000, 0.000000000000000000 ) ) ;
#4170 = CARTESIAN_POINT ( 'NONE',  ( -0.01377952755905511792, -0.01456692913385818945, -0.2362204724409449064 ) ) ;
#4171 = ORIENTED_EDGE ( 'NONE', *, *, #629, .T. ) ;
#4172 = DIRECTION ( 'NONE',  ( 0.000000000000000000, 1.224606353822379970E-16, -1.000000000000000000 ) ) ;
#4173 = DIRECTION ( 'NONE',  ( 0.000000000000000000, 1.224606353822379970E-16, -1.000000000000000000 ) ) ;
#4174 = CARTESIAN_POINT ( 'NONE',  ( -0.07667901806391835828, -0.02246410375173656104, 0.03484251968503936786 ) ) ;
#4175 = EDGE_CURVE ( 'NONE', #5859, #5497, #5849, .T. ) ;
#4176 = EDGE_CURVE ( 'NONE', #6942, #303, #3649, .T. ) ;
#4177 = EDGE_CURVE ( 'NONE', #4093, #1640, #7093, .T. ) ;
#4178 = DIRECTION ( 'NONE',  ( 0.000000000000000000, 0.000000000000000000, -1.000000000000000000 ) ) ;
#4179 = AXIS2_PLACEMENT_3D ( 'NONE', #5821, #1162, #2955 ) ;
#4180 = PRESENTATION_STYLE_ASSIGNMENT (( #711 ) ) ;
#4181 = DIRECTION ( 'NONE',  ( 1.000000000000000000, -0.000000000000000000, 0.000000000000000000 ) ) ;
#4182 = CARTESIAN_POINT ( 'NONE',  ( -0.08188976377952757180, -0.02165354330708653754, 0.1037401574803149540 ) ) ;
#4183 = VERTEX_POINT ( 'NONE', #1345 ) ;
#4184 = DIRECTION ( 'NONE',  ( -1.000000000000000000, -3.552713678800500140E-15, 0.000000000000000000 ) ) ;
#4185 = VERTEX_POINT ( 'NONE', #1840 ) ;
#4186 = DIRECTION ( 'NONE',  ( 0.000000000000000000, 0.000000000000000000, 1.000000000000000000 ) ) ;
#4187 = ORIENTED_EDGE ( 'NONE', *, *, #5893, .F. ) ;
#4188 = EDGE_CURVE ( 'NONE', #7351, #425, #5474, .T. ) ;
#4189 = AXIS2_PLACEMENT_3D ( 'NONE', #4730, #7046, #3598 ) ;
#4190 = EDGE_LOOP ( 'NONE', ( #1675, #2744, #5273, #1888, #5189, #419, #6620, #228, #4268, #5374, #3665, #3109 ) ) ;
#4191 = CYLINDRICAL_SURFACE ( 'NONE', #7318, 0.005905511811023621965 ) ;
#4192 = LINE ( 'NONE', #82, #1991 ) ;
#4193 = DIRECTION ( 'NONE',  ( -1.000000000000000000, 0.000000000000000000, 0.000000000000000000 ) ) ;
#4194 = DIRECTION ( 'NONE',  ( 0.000000000000000000, 1.224606353822379970E-16, -1.000000000000000000 ) ) ;
#4195 = DIRECTION ( 'NONE',  ( -0.8823529411764704511, 0.4705882352941180846, 5.762853429752370674E-17 ) ) ;
#4196 = VECTOR ( 'NONE', #1200, 39.37007874015748143 ) ;
#4197 = CARTESIAN_POINT ( 'NONE',  ( 0.01283001389532191679, -0.02061139416396473578, 0.09035433070866143168 ) ) ;
#4198 = CYLINDRICAL_SURFACE ( 'NONE', #2165, 0.005905511811023621965 ) ;
#4199 = ORIENTED_EDGE ( 'NONE', *, *, #2498, .T. ) ;
#4200 = CIRCLE ( 'NONE', #1176, 0.005905511811023621965 ) ;
#4201 = CARTESIAN_POINT ( 'NONE',  ( 0.01456692913385826751, -0.01968503937007866356, 0.09035433070866143168 ) ) ;
#4202 = LINE ( 'NONE', #6871, #3949 ) ;
#4203 = LINE ( 'NONE', #2344, #6534 ) ;
#4204 = ADVANCED_FACE ( 'NONE', ( #3727 ), #5998, .F. ) ;
#4205 = VECTOR ( 'NONE', #4696, 39.37007874015748143 ) ;
#4206 = PLANE ( 'NONE',  #1114 ) ;
#4207 = VERTEX_POINT ( 'NONE', #789 ) ;
#4208 = ORIENTED_EDGE ( 'NONE', *, *, #6650, .T. ) ;
#4209 = AXIS2_PLACEMENT_3D ( 'NONE', #6706, #4426, #2189 ) ;
#4210 = ORIENTED_EDGE ( 'NONE', *, *, #202, .F. ) ;
#4211 = CARTESIAN_POINT ( 'NONE',  ( 0.006692913385826772428, -0.01574803149606291558, 0.07460629921259842590 ) ) ;
#4212 = ORIENTED_EDGE ( 'NONE', *, *, #7203, .T. ) ;
#4213 = LINE ( 'NONE', #2829, #243 ) ;
#4214 = EDGE_CURVE ( 'NONE', #3803, #1558, #5320, .T. ) ;
#4215 = EDGE_CURVE ( 'NONE', #6846, #3867, #260, .T. ) ;
#4216 = CARTESIAN_POINT ( 'NONE',  ( -0.1171317238735696958, -0.02559055118110228552, 0.02500000000000000139 ) ) ;
#4217 = SURFACE_SIDE_STYLE ('',( #184 ) ) ;
#4218 = EDGE_CURVE ( 'NONE', #1394, #6303, #6575, .T. ) ;
#4219 = LINE ( 'NONE', #3177, #4873 ) ;
#4220 = CARTESIAN_POINT ( 'NONE',  ( 0.008429828624363150044, -0.02072718851320047226, 0.05885826771653544093 ) ) ;
#4221 = DIRECTION ( 'NONE',  ( 0.000000000000000000, 1.000000000000000000, 0.000000000000000000 ) ) ;
#4222 = ORIENTED_EDGE ( 'NONE', *, *, #4402, .T. ) ;
#4223 = AXIS2_PLACEMENT_3D ( 'NONE', #2700, #5010, #3564 ) ;
#4224 = VERTEX_POINT ( 'NONE', #1387 ) ;
#4225 = EDGE_CURVE ( 'NONE', #6314, #4224, #4822, .T. ) ;
#4226 = DIRECTION ( 'NONE',  ( 0.000000000000000000, 1.000000000000000000, 0.000000000000000000 ) ) ;
#4227 = ORIENTED_EDGE ( 'NONE', *, *, #3663, .T. ) ;
#4228 = LINE ( 'NONE', #6546, #6071 ) ;
#4229 = EDGE_LOOP ( 'NONE', ( #1131, #65, #5146, #5953 ) ) ;
#4230 = AXIS2_PLACEMENT_3D ( 'NONE', #1375, #3678, #5988 ) ;
#4231 = ORIENTED_EDGE ( 'NONE', *, *, #173, .F. ) ;
#4232 = LINE ( 'NONE', #6011, #4920 ) ;
#4233 = CARTESIAN_POINT ( 'NONE',  ( -0.1171317238735696958, -0.02165354330708653754, 0.06633858267716535861 ) ) ;
#4234 = PLANE ( 'NONE',  #4803 ) ;
#4235 = LINE ( 'NONE', #7153, #4573 ) ;
#4236 = EDGE_CURVE ( 'NONE', #5798, #3347, #5437, .T. ) ;
#4237 = EDGE_CURVE ( 'NONE', #6815, #4982, #3097, .T. ) ;
#4238 = CYLINDRICAL_SURFACE ( 'NONE', #3278, 0.005905511811023621965 ) ;
#4239 = VECTOR ( 'NONE', #4493, 39.37007874015749564 ) ;
#4240 = DIRECTION ( 'NONE',  ( 0.000000000000000000, 0.000000000000000000, 1.000000000000000000 ) ) ;
#4241 = ORIENTED_EDGE ( 'NONE', *, *, #5566, .T. ) ;
#4242 = VECTOR ( 'NONE', #7105, 39.37007874015748143 ) ;
#4243 = VERTEX_POINT ( 'NONE', #826 ) ;
#4244 = DIRECTION ( 'NONE',  ( 6.476300976980080477E-16, 1.000000000000000000, 1.224606353822379970E-16 ) ) ;
#4245 = CARTESIAN_POINT ( 'NONE',  ( 0.002755905511811066518, -0.01968503937007862192, 0.05649606299212597826 ) ) ;
#4246 = LINE ( 'NONE', #364, #3031 ) ;
#4247 = AXIS2_PLACEMENT_3D ( 'NONE', #1040, #2184, #3290 ) ;
#4248 = VECTOR ( 'NONE', #5223, 39.37007874015748143 ) ;
#4249 = FACE_OUTER_BOUND ( 'NONE', #208, .T. ) ;
#4250 = ORIENTED_EDGE ( 'NONE', *, *, #518, .F. ) ;
#4251 = ORIENTED_EDGE ( 'NONE', *, *, #2094, .F. ) ;
#4252 = AXIS2_PLACEMENT_3D ( 'NONE', #2101, #1532, #6758 ) ;
#4253 = VECTOR ( 'NONE', #6316, 39.37007874015748143 ) ;
#4254 = CARTESIAN_POINT ( 'NONE',  ( -0.1171317238735696958, -0.02559055118110228552, 0.1037401574803149540 ) ) ;
#4255 = EDGE_LOOP ( 'NONE', ( #2994, #5569, #2933, #5268, #6194, #4760, #4470 ) ) ;
#4256 = FILL_AREA_STYLE ('',( #2513 ) ) ;
#4257 = ORIENTED_EDGE ( 'NONE', *, *, #3202, .T. ) ;
#4258 = DIRECTION ( 'NONE',  ( -1.000000000000000000, -0.000000000000000000, -0.000000000000000000 ) ) ;
#4259 = DIRECTION ( 'NONE',  ( 1.000000000000000000, -0.000000000000000000, 0.000000000000000000 ) ) ;
#4260 = VECTOR ( 'NONE', #4570, 39.37007874015748143 ) ;
#4261 = EDGE_CURVE ( 'NONE', #551, #3813, #1263, .T. ) ;
#4262 = ADVANCED_FACE ( 'NONE', ( #3171 ), #706, .F. ) ;
#4263 = DIRECTION ( 'NONE',  ( 0.000000000000000000, 0.000000000000000000, 1.000000000000000000 ) ) ;
#4264 = PLANE ( 'NONE',  #6254 ) ;
#4265 = FACE_OUTER_BOUND ( 'NONE', #2732, .T. ) ;
#4266 = DIRECTION ( 'NONE',  ( -0.000000000000000000, 0.000000000000000000, 1.000000000000000000 ) ) ;
#4267 = ORIENTED_EDGE ( 'NONE', *, *, #5946, .F. ) ;
#4268 = ORIENTED_EDGE ( 'NONE', *, *, #2018, .T. ) ;
#4269 = CARTESIAN_POINT ( 'NONE',  ( 0.000000000000000000, 0.000000000000000000, 0.000000000000000000 ) ) ;
#4270 = ORIENTED_EDGE ( 'NONE', *, *, #4914, .T. ) ;
#4271 = LINE ( 'NONE', #6586, #2807 ) ;
#4272 = ORIENTED_EDGE ( 'NONE', *, *, #4176, .F. ) ;
#4273 = VECTOR ( 'NONE', #638, 39.37007874015748143 ) ;
#4274 = ORIENTED_EDGE ( 'NONE', *, *, #1458, .F. ) ;
#4275 = EDGE_CURVE ( 'NONE', #5918, #7413, #5362, .T. ) ;
#4276 = DIRECTION ( 'NONE',  ( -0.000000000000000000, -1.224606353822379970E-16, 1.000000000000000000 ) ) ;
#4277 = PLANE ( 'NONE',  #5114 ) ;
#4278 = DIRECTION ( 'NONE',  ( 1.000000000000000000, 0.000000000000000000, 0.000000000000000000 ) ) ;
#4279 = CARTESIAN_POINT ( 'NONE',  ( -0.06051516863511142291, 0.01141732283464574893, 0.01503445160072433041 ) ) ;
#4281 = CARTESIAN_POINT ( 'NONE',  ( -0.08188976377952757180, -0.02165354330708653754, 0.06633858267716535861 ) ) ;
#4280 = CIRCLE ( 'NONE', #5963, 0.005905511811023621965 ) ;
#4282 = DIRECTION ( 'NONE',  ( 0.000000000000000000, 1.224606353822379970E-16, -1.000000000000000000 ) ) ;
#4283 = VERTEX_POINT ( 'NONE', #144 ) ;
#4284 = ADVANCED_FACE ( 'NONE', ( #6533 ), #2396, .T. ) ;
#4285 = EDGE_CURVE ( 'NONE', #2063, #6928, #5400, .T. ) ;
#4286 = VECTOR ( 'NONE', #2642, 39.37007874015748143 ) ;
#4287 = ADVANCED_FACE ( 'NONE', ( #7020 ), #2440, .T. ) ;
#4288 = VERTEX_POINT ( 'NONE', #3610 ) ;
#4289 = FACE_OUTER_BOUND ( 'NONE', #3571, .T. ) ;
#4290 = LINE ( 'NONE', #6143, #4326 ) ;
#4291 = DIRECTION ( 'NONE',  ( 0.000000000000000000, 1.000000000000000000, 0.000000000000000000 ) ) ;
#4292 = VECTOR ( 'NONE', #6880, 39.37007874015748143 ) ;
#4293 = ORIENTED_EDGE ( 'NONE', *, *, #4533, .F. ) ;
#4294 = VERTEX_POINT ( 'NONE', #5922 ) ;
#4295 = ORIENTED_EDGE ( 'NONE', *, *, #4454, .T. ) ;
#4296 = CARTESIAN_POINT ( 'NONE',  ( -0.07401574803149606196, -0.01574803149606291558, 0.07224409448818898405 ) ) ;
#4297 = ORIENTED_EDGE ( 'NONE', *, *, #4615, .F. ) ;
#4298 = FACE_OUTER_BOUND ( 'NONE', #6779, .T. ) ;
#4299 = ORIENTED_EDGE ( 'NONE', *, *, #2847, .F. ) ;
#4300 = DIRECTION ( 'NONE',  ( -1.000000000000000000, 0.000000000000000000, 0.000000000000000000 ) ) ;
#4301 = EDGE_CURVE ( 'NONE', #359, #6835, #6652, .T. ) ;
#4302 = ORIENTED_EDGE ( 'NONE', *, *, #4525, .T. ) ;
#4303 = DIRECTION ( 'NONE',  ( 0.000000000000000000, 0.000000000000000000, -1.000000000000000000 ) ) ;
#4304 =( CONVERSION_BASED_UNIT ( 'INCH', #2068 ) LENGTH_UNIT ( ) NAMED_UNIT ( #589 ) );
#4305 = CARTESIAN_POINT ( 'NONE',  ( 0.0007874015748030598234, 0.01929133858267727611, 0.03090551181102362335 ) ) ;
#4306 = CARTESIAN_POINT ( 'NONE',  ( 0.01456692913385826751, -0.01968503937007866356, 0.1135826771653543343 ) ) ;
#4307 = ORIENTED_EDGE ( 'NONE', *, *, #2877, .F. ) ;
#4308 = DIRECTION ( 'NONE',  ( 0.000000000000000000, 1.000000000000000000, 0.000000000000000000 ) ) ;
#4309 = EDGE_LOOP ( 'NONE', ( #5232, #3858, #5585, #4942 ) ) ;
#4310 = EDGE_CURVE ( 'NONE', #6159, #4898, #5143, .T. ) ;
#4311 = CARTESIAN_POINT ( 'NONE',  ( -0.09212598425196850960, -0.02559055118110228552, 0.1194881889763779736 ) ) ;
#4312 = EDGE_CURVE ( 'NONE', #6609, #3371, #3968, .T. ) ;
#4313 = ORIENTED_EDGE ( 'NONE', *, *, #6540, .T. ) ;
#4314 = CARTESIAN_POINT ( 'NONE',  ( 0.04980888922789999951, -0.02559055118110228552, 0.08799212598425197596 ) ) ;
#4315 = DIRECTION ( 'NONE',  ( 0.000000000000000000, 0.000000000000000000, -1.000000000000000000 ) ) ;
#4316 = DIRECTION ( 'NONE',  ( 0.000000000000000000, 1.000000000000000000, 0.000000000000000000 ) ) ;
#4317 = DIRECTION ( 'NONE',  ( 1.000000000000000000, 0.000000000000000000, 0.000000000000000000 ) ) ;
#4318 = CARTESIAN_POINT ( 'NONE',  ( 0.01456692913385826925, -0.02559055118110228552, 0.05885826771653544093 ) ) ;
#4319 = DIRECTION ( 'NONE',  ( 0.000000000000000000, -0.000000000000000000, -1.000000000000000000 ) ) ;
#4320 = ADVANCED_FACE ( 'NONE', ( #6827 ), #2844, .F. ) ;
#4321 = VECTOR ( 'NONE', #3293, 39.37007874015748854 ) ;
#4322 = ORIENTED_EDGE ( 'NONE', *, *, #2801, .T. ) ;
#4323 = ORIENTED_EDGE ( 'NONE', *, *, #2637, .T. ) ;
#4324 = FACE_OUTER_BOUND ( 'NONE', #909, .T. ) ;
#4325 = CARTESIAN_POINT ( 'NONE',  ( 0.01456692913385826925, -0.02559055118110228552, 0.02736220472440945017 ) ) ;
#4326 = VECTOR ( 'NONE', #4850, 39.37007874015748143 ) ;
#4327 = DIRECTION ( 'NONE',  ( 0.000000000000000000, 0.000000000000000000, -1.000000000000000000 ) ) ;
#4328 = ADVANCED_FACE ( 'NONE', ( #7451 ), #373, .F. ) ;
#4329 = EDGE_CURVE ( 'NONE', #6786, #3608, #1462, .T. ) ;
#4330 = EDGE_LOOP ( 'NONE', ( #41, #4968, #4954, #2833 ) ) ;
#4331 = EDGE_LOOP ( 'NONE', ( #4758, #3409, #5008, #4874 ) ) ;
#4332 = LINE ( 'NONE', #3763, #114 ) ;
#4333 = LINE ( 'NONE', #6685, #3498 ) ;
#4334 = AXIS2_PLACEMENT_3D ( 'NONE', #73, #2446, #6382 ) ;
#4335 = VECTOR ( 'NONE', #3815, 39.37007874015748143 ) ;
#4336 = EDGE_LOOP ( 'NONE', ( #6854, #6019, #5393, #4350 ) ) ;
#4337 = EDGE_CURVE ( 'NONE', #332, #3291, #5677, .T. ) ;
#4338 = DIRECTION ( 'NONE',  ( 1.000000000000000000, 3.552713678800500140E-15, 0.000000000000000000 ) ) ;
#4339 = DIRECTION ( 'NONE',  ( 1.000000000000000000, 0.000000000000000000, 0.000000000000000000 ) ) ;
#4340 = ORIENTED_EDGE ( 'NONE', *, *, #3537, .T. ) ;
#4341 = VECTOR ( 'NONE', #2965, 39.37007874015748143 ) ;
#4342 = CARTESIAN_POINT ( 'NONE',  ( 0.008429828624363132697, -0.02072718851320048267, 0.04311023622047244208 ) ) ;
#4343 = PLANE ( 'NONE',  #316 ) ;
#4344 = CARTESIAN_POINT ( 'NONE',  ( -0.09975459507475552268, -0.02559055118110224736, 0.07460629921259842590 ) ) ;
#4345 = ORIENTED_EDGE ( 'NONE', *, *, #155, .T. ) ;
#4346 = EDGE_LOOP ( 'NONE', ( #1805, #481, #5654, #7299 ) ) ;
#4347 = DIRECTION ( 'NONE',  ( -0.000000000000000000, -0.000000000000000000, 1.000000000000000000 ) ) ;
#4348 = CIRCLE ( 'NONE', #6644, 0.001968503937007874856 ) ;
#4349 = CARTESIAN_POINT ( 'NONE',  ( 0.02480314960629930246, -0.02165354330708653754, 0.1289276022349381823 ) ) ;
#4350 = ORIENTED_EDGE ( 'NONE', *, *, #3493, .F. ) ;
#4351 = FILL_AREA_STYLE ('',( #2078 ) ) ;
#4352 = PLANE ( 'NONE',  #540 ) ;
#4353 = LINE ( 'NONE', #6665, #7231 ) ;
#4354 = DIRECTION ( 'NONE',  ( -1.000000000000000000, -0.000000000000000000, -0.000000000000000000 ) ) ;
#4355 = CARTESIAN_POINT ( 'NONE',  ( 0.002755905511811054809, -0.01574803149606291558, 0.02736220472440945017 ) ) ;
#4356 = PLANE ( 'NONE',  #6193 ) ;
#4357 = VECTOR ( 'NONE', #289, 39.37007874015748143 ) ;
#4358 = ORIENTED_EDGE ( 'NONE', *, *, #4884, .T. ) ;
#4359 = ORIENTED_EDGE ( 'NONE', *, *, #4402, .F. ) ;
#4360 = EDGE_CURVE ( 'NONE', #1594, #7413, #1828, .T. ) ;
#4361 = PLANE ( 'NONE',  #5367 ) ;
#4362 = ADVANCED_FACE ( 'NONE', ( #931 ), #4972, .T. ) ;
#4363 = DIRECTION ( 'NONE',  ( 0.000000000000000000, 1.224606353822379970E-16, -1.000000000000000000 ) ) ;
#4364 = AXIS2_PLACEMENT_3D ( 'NONE', #1655, #2154, #5631 ) ;
#4365 = CARTESIAN_POINT ( 'NONE',  ( -0.09212598425196889818, -0.01377952755905503986, 0.05059055118110235977 ) ) ;
#4366 = VECTOR ( 'NONE', #757, 39.37007874015748143 ) ;
#4367 = ORIENTED_EDGE ( 'NONE', *, *, #1067, .F. ) ;
#4368 = EDGE_CURVE ( 'NONE', #4815, #3881, #298, .T. ) ;
#4369 = DIRECTION ( 'NONE',  ( -0.5773502691896269523, 0.5773502691896250649, -0.5773502691896250649 ) ) ;
#4370 = VECTOR ( 'NONE', #2805, 39.37007874015748143 ) ;
#4371 = ORIENTED_EDGE ( 'NONE', *, *, #3990, .T. ) ;
#4372 = DIRECTION ( 'NONE',  ( 3.552713678800500140E-15, -1.000000000000000000, 0.000000000000000000 ) ) ;
#4373 = SURFACE_STYLE_USAGE ( .BOTH. , #5011 ) ;
#4374 = ORIENTED_EDGE ( 'NONE', *, *, #3472, .T. ) ;
#4375 = ORIENTED_EDGE ( 'NONE', *, *, #1514, .F. ) ;
#4376 = VECTOR ( 'NONE', #4395, 39.37007874015748143 ) ;
#4377 = EDGE_CURVE ( 'NONE', #4875, #982, #1632, .T. ) ;
#4378 = DIRECTION ( 'NONE',  ( 0.000000000000000000, 0.000000000000000000, 1.000000000000000000 ) ) ;
#4379 = EDGE_CURVE ( 'NONE', #1575, #571, #6674, .T. ) ;
#4380 = LINE ( 'NONE', #6155, #6138 ) ;
#4381 = CARTESIAN_POINT ( 'NONE',  ( 0.009356183418249165024, -0.02246410375173678656, 0.01909448818897637595 ) ) ;
#4382 = CARTESIAN_POINT ( 'NONE',  ( -0.01141732283464574893, 0.01141732283464574893, 0.3541384361838492145 ) ) ;
#4383 = ORIENTED_EDGE ( 'NONE', *, *, #3312, .F. ) ;
#4384 = ORIENTED_EDGE ( 'NONE', *, *, #1087, .F. ) ;
#4385 = LINE ( 'NONE', #6769, #6185 ) ;
#4386 = STYLED_ITEM ( 'NONE', ( #3650 ), #5309 ) ;
#4387 = DIRECTION ( 'NONE',  ( 0.000000000000000000, 1.224606353822379970E-16, -1.000000000000000000 ) ) ;
#4388 = VECTOR ( 'NONE', #685, 39.37007874015748143 ) ;
#4389 = PRESENTATION_STYLE_ASSIGNMENT (( #236 ) ) ;
#4390 = DIRECTION ( 'NONE',  ( 0.000000000000000000, -1.224606353822379970E-16, 1.000000000000000000 ) ) ;
#4391 = DIRECTION ( 'NONE',  ( 3.837386249217209879E-15, -1.000000000000000000, 0.000000000000000000 ) ) ;
#4392 = DIRECTION ( 'NONE',  ( 0.5773502691896370553, 0.5773502691896038597, -0.5773502691896361672 ) ) ;
#4393 = CARTESIAN_POINT ( 'NONE',  ( -0.01141732283464566913, 0.01141732283464575760, 0.02066471342245011777 ) ) ;
#4394 = ORIENTED_EDGE ( 'NONE', *, *, #412, .T. ) ;
#4395 = DIRECTION ( 'NONE',  ( 0.000000000000000000, 1.224606353822379970E-16, -1.000000000000000000 ) ) ;
#4396 = ORIENTED_EDGE ( 'NONE', *, *, #5251, .F. ) ;
#4397 = VERTEX_POINT ( 'NONE', #3767 ) ;
#4398 = DIRECTION ( 'NONE',  ( -0.000000000000000000, -0.000000000000000000, 1.000000000000000000 ) ) ;
#4399 = AXIS2_PLACEMENT_3D ( 'NONE', #6118, #936, #3246 ) ;
#4400 = FACE_OUTER_BOUND ( 'NONE', #4331, .T. ) ;
#4401 = DIRECTION ( 'NONE',  ( 0.4705882352941179736, 0.8823529411764702290, 0.000000000000000000 ) ) ;
#4402 = EDGE_CURVE ( 'NONE', #2765, #590, #3373, .T. ) ;
#4403 = ADVANCED_FACE ( 'NONE', ( #6895 ), #898, .T. ) ;
#4404 = VECTOR ( 'NONE', #2727, 39.37007874015748143 ) ;
#4405 = ORIENTED_EDGE ( 'NONE', *, *, #5990, .T. ) ;
#4406 = VECTOR ( 'NONE', #4181, 39.37007874015748143 ) ;
#4407 =( LENGTH_UNIT ( ) NAMED_UNIT ( * ) SI_UNIT ( $, .METRE. ) );
#4408 = ORIENTED_EDGE ( 'NONE', *, *, #984, .F. ) ;
#4409 = EDGE_CURVE ( 'NONE', #2516, #2932, #335, .T. ) ;
#4410 = EDGE_LOOP ( 'NONE', ( #5862, #6104, #4295, #6418, #2940 ) ) ;
#4411 = ORIENTED_EDGE ( 'NONE', *, *, #7282, .F. ) ;
#4412 = CARTESIAN_POINT ( 'NONE',  ( 0.01283001389532192719, -0.02061139416396473925, 0.07224409448818898405 ) ) ;
#4413 = CARTESIAN_POINT ( 'NONE',  ( 0.006692913385826768091, -0.01968503937007860805, 0.08799212598425197596 ) ) ;
#4414 = DIRECTION ( 'NONE',  ( -5.084870673310913741E-17, 2.711931025765824031E-17, -1.000000000000000000 ) ) ;
#4415 = CARTESIAN_POINT ( 'NONE',  ( -0.05590551181102362821, 0.01141732283464574893, 0.01535433070866141884 ) ) ;
#4416 = VERTEX_POINT ( 'NONE', #2064 ) ;
#4417 = ORIENTED_EDGE ( 'NONE', *, *, #660, .T. ) ;
#4418 = DIRECTION ( 'NONE',  ( -0.000000000000000000, -0.000000000000000000, -1.000000000000000000 ) ) ;
#4419 = FILL_AREA_STYLE_COLOUR ( '', #5087 ) ;
#4420 = EDGE_CURVE ( 'NONE', #58, #4283, #4008, .T. ) ;
#4421 = ADVANCED_FACE ( 'NONE', ( #1666 ), #3412, .T. ) ;
#4422 = EDGE_CURVE ( 'NONE', #1394, #4694, #4899, .T. ) ;
#4423 =( NAMED_UNIT ( * ) PLANE_ANGLE_UNIT ( ) SI_UNIT ( $, .RADIAN. ) );
#4424 = FACE_OUTER_BOUND ( 'NONE', #2813, .T. ) ;
#4425 = DIRECTION ( 'NONE',  ( 0.000000000000000000, 0.000000000000000000, 1.000000000000000000 ) ) ;
#4426 = DIRECTION ( 'NONE',  ( 0.000000000000000000, 0.000000000000000000, -1.000000000000000000 ) ) ;
#4427 = LINE ( 'NONE', #5061, #2783 ) ;
#4428 = DIRECTION ( 'NONE',  ( 0.000000000000000000, 0.000000000000000000, -1.000000000000000000 ) ) ;
#4429 = EDGE_LOOP ( 'NONE', ( #627, #3675, #5957, #695 ) ) ;
#4430 = FACE_OUTER_BOUND ( 'NONE', #7404, .T. ) ;
#4431 = CARTESIAN_POINT ( 'NONE',  ( 0.0007874015748030560287, 0.01929133858267729346, 0.001968503937007873121 ) ) ;
#4432 = CLOSED_SHELL ( 'NONE', ( #328, #473, #4764, #5390, #567, #536, #2557, #6041, #2086, #7417, #1736, #74, #5190, #896 ) ) ;
#4433 = DIRECTION ( 'NONE',  ( -1.000000000000000000, 0.000000000000000000, -0.000000000000000000 ) ) ;
#4434 = CARTESIAN_POINT ( 'NONE',  ( -0.06614173228346456601, -0.02362204724409448786, 2.517755414082664309E-18 ) ) ;
#4435 = ORIENTED_EDGE ( 'NONE', *, *, #6450, .T. ) ;
#4436 = VECTOR ( 'NONE', #5306, 39.37007874015748143 ) ;
#4437 = EDGE_LOOP ( 'NONE', ( #2979, #1424, #5708, #2058 ) ) ;
#4438 = VECTOR ( 'NONE', #684, 39.37007874015748143 ) ;
#4439 = DIRECTION ( 'NONE',  ( 0.000000000000000000, 1.000000000000000000, 0.000000000000000000 ) ) ;
#4440 = VERTEX_POINT ( 'NONE', #2378 ) ;
#4441 = DIRECTION ( 'NONE',  ( -1.000000000000000000, -0.000000000000000000, -0.000000000000000000 ) ) ;
#4442 = CIRCLE ( 'NONE', #6268, 0.001968503937007873988 ) ;
#4443 = DIRECTION ( 'NONE',  ( 0.000000000000000000, 1.000000000000000000, 0.000000000000000000 ) ) ;
#4444 = VECTOR ( 'NONE', #5595, 39.37007874015748143 ) ;
#4445 = ADVANCED_FACE ( 'NONE', ( #5788, #1168 ), #2463, .T. ) ;
#4446 = DIRECTION ( 'NONE',  ( 1.000000000000000000, 3.552713678800500140E-15, 0.000000000000000000 ) ) ;
#4447 = ORIENTED_EDGE ( 'NONE', *, *, #4837, .F. ) ;
#4448 = VERTEX_POINT ( 'NONE', #4609 ) ;
#4449 = LINE ( 'NONE', #976, #5075 ) ;
#4450 = CARTESIAN_POINT ( 'NONE',  ( -0.06692913385826770867, -0.01968503937007873988, 0.07224409448818897017 ) ) ;
#4451 = VECTOR ( 'NONE', #688, 39.37007874015748143 ) ;
#4452 = CARTESIAN_POINT ( 'NONE',  ( 0.002755905511811067819, -0.01968503937007862192, 0.000000000000000000 ) ) ;
#4453 = FACE_OUTER_BOUND ( 'NONE', #6731, .T. ) ;
#4454 = EDGE_CURVE ( 'NONE', #2499, #6956, #653, .T. ) ;
#4455 = CARTESIAN_POINT ( 'NONE',  ( -0.04940944881889763191, 0.01141732283464559107, 0.1232283464566929221 ) ) ;
#4456 = FACE_OUTER_BOUND ( 'NONE', #2206, .T. ) ;
#4457 = VECTOR ( 'NONE', #4392, 39.37007874015748854 ) ;
#4458 = LINE ( 'NONE', #1046, #6175 ) ;
#4459 = ORIENTED_EDGE ( 'NONE', *, *, #5102, .T. ) ;
#4460 = CARTESIAN_POINT ( 'NONE',  ( -0.08188976377952757180, -0.01968503937007866356, 0.02500000000000000139 ) ) ;
#4461 = ORIENTED_EDGE ( 'NONE', *, *, #5784, .T. ) ;
#4462 = ORIENTED_EDGE ( 'NONE', *, *, #204, .F. ) ;
#4463 = LINE ( 'NONE', #6320, #4404 ) ;
#4464 = ADVANCED_FACE ( 'NONE', ( #1284 ), #6516, .F. ) ;
#4465 = CARTESIAN_POINT ( 'NONE',  ( -0.01145245457551640270, -0.01261060923215897613, 0.02485563180619510676 ) ) ;
#4466 = CARTESIAN_POINT ( 'NONE',  ( -0.1171317238735696958, -0.01574803149606291558, 0.07224409448818898405 ) ) ;
#4467 = AXIS2_PLACEMENT_3D ( 'NONE', #7208, #6641, #4927 ) ;
#4468 = VECTOR ( 'NONE', #450, 39.37007874015748854 ) ;
#4469 = AXIS2_PLACEMENT_3D ( 'NONE', #4844, #3820, #6778 ) ;
#4470 = ORIENTED_EDGE ( 'NONE', *, *, #3683, .T. ) ;
#4471 = EDGE_CURVE ( 'NONE', #5538, #1656, #6931, .T. ) ;
#4472 = AXIS2_PLACEMENT_3D ( 'NONE', #1693, #37, #6383 ) ;
#4473 = CARTESIAN_POINT ( 'NONE',  ( -0.07401574803149606196, -0.01574803149606291558, 0.06633858267716535861 ) ) ;
#4474 = ORIENTED_EDGE ( 'NONE', *, *, #5005, .T. ) ;
#4475 = PRODUCT_DEFINITION_SHAPE ( 'NONE', 'NONE',  #5618 ) ;
#4476 = ORIENTED_EDGE ( 'NONE', *, *, #1315, .T. ) ;
#4477 = CARTESIAN_POINT ( 'NONE',  ( -0.07401574803149606196, -0.02165354330708653754, 0.1061023622047244097 ) ) ;
#4478 = VECTOR ( 'NONE', #6438, 39.37007874015748143 ) ;
#4479 = DIRECTION ( 'NONE',  ( 1.000000000000000000, -0.000000000000000000, 0.000000000000000000 ) ) ;
#4480 = FACE_OUTER_BOUND ( 'NONE', #7169, .T. ) ;
#4481 = ORIENTED_EDGE ( 'NONE', *, *, #7010, .T. ) ;
#4482 = ORIENTED_EDGE ( 'NONE', *, *, #6183, .T. ) ;
#4483 = LINE ( 'NONE', #2785, #397 ) ;
#4484 = DIRECTION ( 'NONE',  ( 0.000000000000000000, 1.224606353822379970E-16, -1.000000000000000000 ) ) ;
#4485 = CIRCLE ( 'NONE', #4975, 0.005905511811023620231 ) ;
#4486 = EDGE_CURVE ( 'NONE', #5538, #3216, #21, .T. ) ;
#4487 = EDGE_CURVE ( 'NONE', #6456, #2450, #616, .T. ) ;
#4488 = LINE ( 'NONE', #1650, #4444 ) ;
#4489 = DIRECTION ( 'NONE',  ( -0.000000000000000000, -1.224606353822379970E-16, 1.000000000000000000 ) ) ;
#4490 = DIRECTION ( 'NONE',  ( 0.000000000000000000, -1.000000000000000000, -1.224606353822379970E-16 ) ) ;
#4491 = CARTESIAN_POINT ( 'NONE',  ( -0.05590551181102362821, 0.01338582677165363680, 0.01535433070866142405 ) ) ;
#4492 = ORIENTED_EDGE ( 'NONE', *, *, #347, .T. ) ;
#4493 = DIRECTION ( 'NONE',  ( -0.4705882352941007651, 0.8823529411764794439, 0.000000000000000000 ) ) ;
#4494 = DIRECTION ( 'NONE',  ( -0.000000000000000000, -0.000000000000000000, 1.000000000000000000 ) ) ;
#4495 = EDGE_CURVE ( 'NONE', #6199, #4792, #1747, .T. ) ;
#4496 = VECTOR ( 'NONE', #4579, 39.37007874015748143 ) ;
#4497 = ORIENTED_EDGE ( 'NONE', *, *, #6269, .F. ) ;
#4498 = DIRECTION ( 'NONE',  ( 0.4705882352941179736, 0.8823529411764702290, 0.000000000000000000 ) ) ;
#4499 = DIRECTION ( 'NONE',  ( 0.4705882352941775371, 0.8823529411764386987, 0.000000000000000000 ) ) ;
#4500 = DIRECTION ( 'NONE',  ( -0.000000000000000000, 0.000000000000000000, 1.000000000000000000 ) ) ;
#4501 = ORIENTED_EDGE ( 'NONE', *, *, #4175, .F. ) ;
#4503 = DIRECTION ( 'NONE',  ( 0.8823529411764704511, -0.4705882352941180846, -5.762853429752370674E-17 ) ) ;
#4502 = AXIS2_PLACEMENT_3D ( 'NONE', #219, #7137, #5478 ) ;
#4504 = DIRECTION ( 'NONE',  ( 0.4705882352941007651, -0.8823529411764794439, 0.000000000000000000 ) ) ;
#4505 = EDGE_CURVE ( 'NONE', #2871, #4416, #579, .T. ) ;
#4506 = EDGE_CURVE ( 'NONE', #496, #6640, #2339, .T. ) ;
#4507 = CIRCLE ( 'NONE', #1501, 0.005905511811023620231 ) ;
#4508 = VERTEX_POINT ( 'NONE', #5301 ) ;
#4509 = CIRCLE ( 'NONE', #4026, 0.005905511811023621965 ) ;
#4510 = ORIENTED_EDGE ( 'NONE', *, *, #2055, .T. ) ;
#4511 = ORIENTED_EDGE ( 'NONE', *, *, #953, .T. ) ;
#4512 = EDGE_LOOP ( 'NONE', ( #1664, #6509, #464, #1570 ) ) ;
#4513 = AXIS2_PLACEMENT_3D ( 'NONE', #4828, #223, #7140 ) ;
#4514 = DIRECTION ( 'NONE',  ( -0.000000000000000000, -1.000000000000000000, -0.000000000000000000 ) ) ;
#4515 = CARTESIAN_POINT ( 'NONE',  ( -0.07922649374710513670, -0.01887447892542834862, 0.1061023622047244097 ) ) ;
#4516 = LINE ( 'NONE', #6873, #7113 ) ;
#4517 = EDGE_LOOP ( 'NONE', ( #2799, #2337, #3353, #5933 ) ) ;
#4518 = DIRECTION ( 'NONE',  ( 1.000000000000000000, 0.000000000000000000, 0.000000000000000000 ) ) ;
#4519 = DIRECTION ( 'NONE',  ( -1.000000000000000000, -0.000000000000000000, -0.000000000000000000 ) ) ;
#4520 = CARTESIAN_POINT ( 'NONE',  ( 0.02480314960629929205, -0.02559055118110228552, 0.02500000000000000139 ) ) ;
#4521 = DIRECTION ( 'NONE',  ( 0.7071067811865474617, 0.000000000000000000, -0.7071067811865474617 ) ) ;
#4522 = DIRECTION ( 'NONE',  ( 0.000000000000000000, 0.000000000000000000, 1.000000000000000000 ) ) ;
#4523 = CARTESIAN_POINT ( 'NONE',  ( -0.09212598425196850960, -0.02165354330708653754, 0.02736220472440945017 ) ) ;
#4524 = EDGE_CURVE ( 'NONE', #4283, #4848, #879, .T. ) ;
#4525 = EDGE_CURVE ( 'NONE', #5239, #2765, #2300, .T. ) ;
#4526 = DIRECTION ( 'NONE',  ( -0.000000000000000000, 1.000000000000000000, 1.224606353822379970E-16 ) ) ;
#4527 = ORIENTED_EDGE ( 'NONE', *, *, #6122, .F. ) ;
#4528 = LINE ( 'NONE', #5063, #7385 ) ;
#4529 = ORIENTED_EDGE ( 'NONE', *, *, #2411, .T. ) ;
#4530 = ORIENTED_EDGE ( 'NONE', *, *, #518, .T. ) ;
#4531 = DIRECTION ( 'NONE',  ( 0.000000000000000000, 1.224606353822379970E-16, -1.000000000000000000 ) ) ;
#4532 = DIRECTION ( 'NONE',  ( 0.5773502691896266192, -0.5773502691896215122, 0.5773502691896290617 ) ) ;
#4533 = EDGE_CURVE ( 'NONE', #5892, #1510, #5179, .T. ) ;
#4534 = EDGE_CURVE ( 'NONE', #6585, #342, #5909, .T. ) ;
#4535 = ORIENTED_EDGE ( 'NONE', *, *, #2225, .T. ) ;
#4536 = DIRECTION ( 'NONE',  ( 0.000000000000000000, 1.224606353822379970E-16, -1.000000000000000000 ) ) ;
#4537 = CARTESIAN_POINT ( 'NONE',  ( 0.008429828624363132697, -0.02072718851320048267, 0.1218503937007874155 ) ) ;
#4538 = ORIENTED_EDGE ( 'NONE', *, *, #3587, .T. ) ;
#4539 = DIRECTION ( 'NONE',  ( 1.000000000000000000, 3.552713678800500140E-15, 0.000000000000000000 ) ) ;
#4540 = EDGE_CURVE ( 'NONE', #969, #2842, #5827, .T. ) ;
#4541 = CARTESIAN_POINT ( 'NONE',  ( 0.008429828624363150044, -0.02072718851320047226, 0.1061023622047244097 ) ) ;
#4542 = EDGE_CURVE ( 'NONE', #3966, #3159, #1780, .T. ) ;
#4543 = CARTESIAN_POINT ( 'NONE',  ( 0.002755905511810997997, 9.790943209292624975E-18, 0.000000000000000000 ) ) ;
#4544 = ORIENTED_EDGE ( 'NONE', *, *, #4167, .F. ) ;
#4545 = AXIS2_PLACEMENT_3D ( 'NONE', #2670, #7322, #520 ) ;
#4546 = EDGE_LOOP ( 'NONE', ( #94, #1523, #3962, #4459 ) ) ;
#4547 = PLANE ( 'NONE',  #4189 ) ;
#4548 = LINE ( 'NONE', #6230, #436 ) ;
#4549 = ADVANCED_FACE ( 'NONE', ( #6360 ), #3002, .F. ) ;
#4550 = CARTESIAN_POINT ( 'NONE',  ( 0.006692913385826768091, -0.01968503937007860805, 0.1037401574803149540 ) ) ;
#4551 = ORIENTED_EDGE ( 'NONE', *, *, #5783, .F. ) ;
#4552 = AXIS2_PLACEMENT_3D ( 'NONE', #2054, #4363, #6853 ) ;
#4553 = ORIENTED_EDGE ( 'NONE', *, *, #4487, .T. ) ;
#4554 = CARTESIAN_POINT ( 'NONE',  ( -0.07922649374710502568, -0.01887447892542818556, 0.1037401574803149540 ) ) ;
#4555 =( LENGTH_UNIT ( ) NAMED_UNIT ( * ) SI_UNIT ( $, .METRE. ) );
#4556 = AXIS2_PLACEMENT_3D ( 'NONE', #6638, #3307, #3269 ) ;
#4557 = DIRECTION ( 'NONE',  ( -0.000000000000000000, 0.000000000000000000, 1.000000000000000000 ) ) ;
#4558 = CARTESIAN_POINT ( 'NONE',  ( -0.07007874015748032093, -0.01968503937007873988, -0.2362204724409449064 ) ) ;
#4559 = DIRECTION ( 'NONE',  ( 0.000000000000000000, 1.224606353822379970E-16, -1.000000000000000000 ) ) ;
#4560 = DIRECTION ( 'NONE',  ( -0.000000000000000000, -1.224606353822379970E-16, 1.000000000000000000 ) ) ;
#4561 = PLANE ( 'NONE',  #6538 ) ;
#4562 = ORIENTED_EDGE ( 'NONE', *, *, #5946, .T. ) ;
#4563 = CIRCLE ( 'NONE', #7345, 0.001968503937007873988 ) ;
#4564 = DIRECTION ( 'NONE',  ( 0.4705882352941775371, 0.8823529411764386987, 0.000000000000000000 ) ) ;
#4565 = VERTEX_POINT ( 'NONE', #6397 ) ;
#4566 = VERTEX_POINT ( 'NONE', #4723 ) ;
#4567 = VECTOR ( 'NONE', #654, 39.37007874015748143 ) ;
#4568 = DIRECTION ( 'NONE',  ( 0.4705882352940230495, 0.8823529411765209662, 0.000000000000000000 ) ) ;
#4569 = PLANE ( 'NONE',  #5417 ) ;
#4570 = DIRECTION ( 'NONE',  ( 0.000000000000000000, 0.000000000000000000, -1.000000000000000000 ) ) ;
#4571 = PLANE ( 'NONE',  #6411 ) ;
#4572 = CARTESIAN_POINT ( 'NONE',  ( -0.001181102362204828043, 0.01732283464566940906, 0.1385826771653543565 ) ) ;
#4573 = VECTOR ( 'NONE', #3154, 39.37007874015748143 ) ;
#4574 = EDGE_CURVE ( 'NONE', #5357, #3568, #7041, .T. ) ;
#4575 = EDGE_CURVE ( 'NONE', #1055, #4958, #6017, .T. ) ;
#4576 = ORIENTED_EDGE ( 'NONE', *, *, #7315, .F. ) ;
#4577 = FACE_OUTER_BOUND ( 'NONE', #4861, .T. ) ;
#4578 = FILL_AREA_STYLE ('',( #3938 ) ) ;
#4579 = DIRECTION ( 'NONE',  ( -0.000000000000000000, -0.000000000000000000, 1.000000000000000000 ) ) ;
#4580 = ORIENTED_EDGE ( 'NONE', *, *, #934, .T. ) ;
#4581 = AXIS2_PLACEMENT_3D ( 'NONE', #544, #3310, #506 ) ;
#4582 = EDGE_CURVE ( 'NONE', #3454, #505, #2563, .T. ) ;
#4583 = ORIENTED_EDGE ( 'NONE', *, *, #3860, .F. ) ;
#4584 = PLANE ( 'NONE',  #3352 ) ;
#4585 = ORIENTED_EDGE ( 'NONE', *, *, #204, .T. ) ;
#4586 = LINE ( 'NONE', #7015, #2270 ) ;
#4587 = ORIENTED_EDGE ( 'NONE', *, *, #5784, .F. ) ;
#4588 = AXIS2_PLACEMENT_3D ( 'NONE', #5813, #2832, #5858 ) ;
#4589 = LINE ( 'NONE', #3504, #5579 ) ;
#4590 = EDGE_CURVE ( 'NONE', #5449, #2507, #2085, .T. ) ;
#4591 = AXIS2_PLACEMENT_3D ( 'NONE', #3778, #3846, #454 ) ;
#4592 = DIRECTION ( 'NONE',  ( -1.000000000000000000, 0.000000000000000000, -0.000000000000000000 ) ) ;
#4593 = DIRECTION ( 'NONE',  ( -0.000000000000000000, -1.000000000000000000, 0.000000000000000000 ) ) ;
#4594 = CARTESIAN_POINT ( 'NONE',  ( 0.006692913385826772428, -0.01968503937007860805, 0.000000000000000000 ) ) ;
#4595 = FACE_OUTER_BOUND ( 'NONE', #1495, .T. ) ;
#4596 = DIRECTION ( 'NONE',  ( 0.000000000000000000, 1.224606353822379970E-16, -1.000000000000000000 ) ) ;
#4597 = CARTESIAN_POINT ( 'NONE',  ( 0.009356183418249175432, -0.02246410375173684901, 0.07224409448818898405 ) ) ;
#4598 = ORIENTED_EDGE ( 'NONE', *, *, #3421, .T. ) ;
#4599 = AXIS2_PLACEMENT_3D ( 'NONE', #5717, #7250, #2664 ) ;
#4600 = LINE ( 'NONE', #1195, #4253 ) ;
#4601 = VERTEX_POINT ( 'NONE', #5982 ) ;
#4602 = AXIS2_PLACEMENT_3D ( 'NONE', #7337, #4428, #1590 ) ;
#4603 = CARTESIAN_POINT ( 'NONE',  ( 0.04980888922789999951, -0.02165354330708653754, 0.03484251968503937480 ) ) ;
#4604 = CARTESIAN_POINT ( 'NONE',  ( -0.07007874015748032093, -0.01968503937007873988, 0.09783464566929131467 ) ) ;
#4605 = CARTESIAN_POINT ( 'NONE',  ( -0.09212598425196888430, -0.02559055118110224736, 0.08168350774674922044 ) ) ;
#4606 = CARTESIAN_POINT ( 'NONE',  ( -0.06614173228346456601, 0.000000000000000000, 0.000000000000000000 ) ) ;
#4607 = VERTEX_POINT ( 'NONE', #4845 ) ;
#4608 = LINE ( 'NONE', #810, #135 ) ;
#4609 = CARTESIAN_POINT ( 'NONE',  ( 0.002755905511811067386, -0.01968503937007862192, 0.003937007874015747977 ) ) ;
#4610 = LINE ( 'NONE', #1172, #6514 ) ;
#4611 = ORIENTED_EDGE ( 'NONE', *, *, #3378, .F. ) ;
#4612 = FACE_OUTER_BOUND ( 'NONE', #6574, .T. ) ;
#4613 = AXIS2_PLACEMENT_3D ( 'NONE', #7470, #5244, #672 ) ;
#4614 =( LENGTH_UNIT ( ) NAMED_UNIT ( * ) SI_UNIT ( $, .METRE. ) );
#4615 = EDGE_CURVE ( 'NONE', #6725, #4076, #886, .T. ) ;
#4616 = EDGE_CURVE ( 'NONE', #3736, #6266, #771, .T. ) ;
#4617 = CARTESIAN_POINT ( 'NONE',  ( 0.02298294153144818733, -0.02165354330708653754, 0.04311023622047244208 ) ) ;
#4618 = ORIENTED_EDGE ( 'NONE', *, *, #2411, .F. ) ;
#4619 = VECTOR ( 'NONE', #5962, 39.37007874015748143 ) ;
#4620 = EDGE_LOOP ( 'NONE', ( #6893, #1001, #5841, #2691 ) ) ;
#4621 = SHAPE_DEFINITION_REPRESENTATION ( #4475, #4835 ) ;
#4622 = CARTESIAN_POINT ( 'NONE',  ( 0.001771653543306996384, 0.01830708661417334779, 0.03090551181102362335 ) ) ;
#4623 = AXIS2_PLACEMENT_3D ( 'NONE', #4808, #4244, #2467 ) ;
#4624 = ORIENTED_EDGE ( 'NONE', *, *, #2659, .T. ) ;
#4625 = ADVANCED_FACE ( 'NONE', ( #2649 ), #3672, .F. ) ;
#4626 = DIRECTION ( 'NONE',  ( 0.000000000000000000, 0.000000000000000000, 1.000000000000000000 ) ) ;
#4627 = LINE ( 'NONE', #4139, #1842 ) ;
#4628 = CIRCLE ( 'NONE', #4886, 0.005905511811023621965 ) ;
#4629 = DIRECTION ( 'NONE',  ( -1.000000000000000000, -0.000000000000000000, -0.000000000000000000 ) ) ;
#4630 = CARTESIAN_POINT ( 'NONE',  ( 0.02480314960629930940, -0.02559055118110224736, 0.02500000000000000139 ) ) ;
#4631 = FACE_OUTER_BOUND ( 'NONE', #1436, .T. ) ;
#4632 = CARTESIAN_POINT ( 'NONE',  ( -0.08015284854099134770, -0.02061139416396475660, 0.08208661417322835052 ) ) ;
#4633 = ADVANCED_FACE ( 'NONE', ( #242 ), #6101, .T. ) ;
#4634 = ADVANCED_FACE ( 'NONE', ( #3117 ), #7157, .T. ) ;
#4636 = CARTESIAN_POINT ( 'NONE',  ( -0.09212598425196888430, -0.02559055118110224736, 0.03443941325856019614 ) ) ;
#4635 = VECTOR ( 'NONE', #1108, 39.37007874015748143 ) ;
#4637 = VERTEX_POINT ( 'NONE', #4888 ) ;
#4638 = EDGE_CURVE ( 'NONE', #6333, #5259, #3193, .T. ) ;
#4639 = DIRECTION ( 'NONE',  ( -1.000000000000000000, -0.000000000000000000, -0.000000000000000000 ) ) ;
#4640 = VERTEX_POINT ( 'NONE', #3635 ) ;
#4641 = DIRECTION ( 'NONE',  ( 3.552713678800500140E-15, -1.000000000000000000, 0.000000000000000000 ) ) ;
#4642 = DIRECTION ( 'NONE',  ( 1.000000000000000000, -0.000000000000000000, 0.000000000000000000 ) ) ;
#4643 = DIRECTION ( 'NONE',  ( -5.084870673310913741E-17, 2.711931025765824031E-17, -1.000000000000000000 ) ) ;
#4644 = LINE ( 'NONE', #1701, #6201 ) ;
#4645 = ORIENTED_EDGE ( 'NONE', *, *, #4788, .T. ) ;
#4646 = DIRECTION ( 'NONE',  ( -1.000000000000000000, 0.000000000000000000, 0.000000000000000000 ) ) ;
#4647 = CARTESIAN_POINT ( 'NONE',  ( -0.1171317238735696958, -0.02165354330708653754, 0.1194881889763779736 ) ) ;
#4648 = CARTESIAN_POINT ( 'NONE',  ( -0.09212598425196889818, -0.03007883464566929108, 0.09743153924281221234 ) ) ;
#4649 = ORIENTED_EDGE ( 'NONE', *, *, #7446, .F. ) ;
#4650 = CARTESIAN_POINT ( 'NONE',  ( -0.07401574803149606196, -0.02165354330708653754, 0.05649606299212599214 ) ) ;
#4651 = DIRECTION ( 'NONE',  ( -1.000000000000000000, -3.552713678800500140E-15, -0.000000000000000000 ) ) ;
#4652 = APPLICATION_CONTEXT ( 'automotive_design' ) ;
#4653 = CARTESIAN_POINT ( 'NONE',  ( 0.04980888922789999951, -0.02559055118110224736, 0.04074803149606298636 ) ) ;
#4654 = ORIENTED_EDGE ( 'NONE', *, *, #5750, .T. ) ;
#4655 = ORIENTED_EDGE ( 'NONE', *, *, #4574, .T. ) ;
#4656 = ORIENTED_EDGE ( 'NONE', *, *, #7447, .T. ) ;
#4657 = DIRECTION ( 'NONE',  ( -0.4705882352941318514, 0.8823529411764629016, 0.000000000000000000 ) ) ;
#4658 = ORIENTED_EDGE ( 'NONE', *, *, #2767, .F. ) ;
#4659 = ORIENTED_EDGE ( 'NONE', *, *, #6646, .F. ) ;
#4660 = DIRECTION ( 'NONE',  ( 0.8823529411764704511, -0.4705882352941180846, -5.762853429752370674E-17 ) ) ;
#4661 = VECTOR ( 'NONE', #148, 39.37007874015748143 ) ;
#4662 = SURFACE_SIDE_STYLE ('',( #2357 ) ) ;
#4663 = EDGE_CURVE ( 'NONE', #4416, #1221, #5943, .T. ) ;
#4664 = EDGE_CURVE ( 'NONE', #496, #4397, #3156, .T. ) ;
#4665 = DIRECTION ( 'NONE',  ( 4.500641816552991797E-31, 1.224606353822379970E-16, 1.000000000000000000 ) ) ;
#4666 = CARTESIAN_POINT ( 'NONE',  ( 0.01283001389532193066, -0.02061139416396472537, 0.06633858267716535861 ) ) ;
#4667 = VECTOR ( 'NONE', #1331, 39.37007874015748143 ) ;
#4668 = LINE ( 'NONE', #6423, #5248 ) ;
#4669 = DIRECTION ( 'NONE',  ( -1.000000000000000000, 2.168404344971008868E-15, 0.000000000000000000 ) ) ;
#4670 = DIRECTION ( 'NONE',  ( 4.350675744370770171E-31, -1.545670522905158356E-45, 1.000000000000000000 ) ) ;
#4671 = ORIENTED_EDGE ( 'NONE', *, *, #7419, .F. ) ;
#4672 = FACE_OUTER_BOUND ( 'NONE', #3646, .T. ) ;
#4673 = VECTOR ( 'NONE', #4800, 39.37007874015749564 ) ;
#4674 = ORIENTED_EDGE ( 'NONE', *, *, #6252, .F. ) ;
#4675 = EDGE_CURVE ( 'NONE', #5497, #151, #281, .T. ) ;
#4676 = DIRECTION ( 'NONE',  ( 0.000000000000000000, 1.224606353822379970E-16, -1.000000000000000000 ) ) ;
#4677 = CARTESIAN_POINT ( 'NONE',  ( -0.01791338582677173483, 0.01929133858267731427, 0.1983179640278689149 ) ) ;
#4678 = CARTESIAN_POINT ( 'NONE',  ( 0.002755905511811070855, -0.01968503937007862192, 0.000000000000000000 ) ) ;
#4679 = DIRECTION ( 'NONE',  ( -0.000000000000000000, -1.000000000000000000, 0.000000000000000000 ) ) ;
#4680 = VECTOR ( 'NONE', #6424, 39.37007874015749564 ) ;
#4681 = AXIS2_PLACEMENT_3D ( 'NONE', #5855, #2985, #5280 ) ;
#4682 = PLANE ( 'NONE',  #2903 ) ;
#4683 = DIRECTION ( 'NONE',  ( 0.000000000000000000, 1.000000000000000000, 0.000000000000000000 ) ) ;
#4684 = VECTOR ( 'NONE', #7057, 39.37007874015748854 ) ;
#4685 = FACE_OUTER_BOUND ( 'NONE', #6903, .T. ) ;
#4686 = ADVANCED_FACE ( 'NONE', ( #4804 ), #2049, .T. ) ;
#4687 = ORIENTED_EDGE ( 'NONE', *, *, #6772, .T. ) ;
#4688 = CARTESIAN_POINT ( 'NONE',  ( -0.08188976377952757180, -0.02165354330708653754, 0.02500000000000000139 ) ) ;
#4689 = LINE ( 'NONE', #6935, #6162 ) ;
#4690 = AXIS2_PLACEMENT_3D ( 'NONE', #2684, #5058, #3226 ) ;
#4691 = CARTESIAN_POINT ( 'NONE',  ( 0.02480314960629933368, -0.02559055118110227164, 0.01909448818897637595 ) ) ;
#4692 = ORIENTED_EDGE ( 'NONE', *, *, #1109, .T. ) ;
#4693 = ORIENTED_EDGE ( 'NONE', *, *, #628, .T. ) ;
#4694 = VERTEX_POINT ( 'NONE', #5494 ) ;
#4695 = DIRECTION ( 'NONE',  ( -0.000000000000000000, -0.000000000000000000, 1.000000000000000000 ) ) ;
#4696 = DIRECTION ( 'NONE',  ( -1.000000000000000000, 3.675174314182740233E-15, 0.000000000000000000 ) ) ;
#4697 = EDGE_LOOP ( 'NONE', ( #5791, #2135, #6048, #5436 ) ) ;
#4698 = ORIENTED_EDGE ( 'NONE', *, *, #5605, .T. ) ;
#4699 = DIRECTION ( 'NONE',  ( 0.000000000000000000, -1.000000000000000000, -1.224606353822379970E-16 ) ) ;
#4700 = VECTOR ( 'NONE', #5756, 39.37007874015748854 ) ;
#4701 = LINE ( 'NONE', #559, #4855 ) ;
#4702 = STYLED_ITEM ( 'NONE', ( #2938 ), #4835 ) ;
#4703 = DIRECTION ( 'NONE',  ( 0.000000000000000000, 0.000000000000000000, -1.000000000000000000 ) ) ;
#4704 = SURFACE_STYLE_FILL_AREA ( #2402 ) ;
#4705 = VECTOR ( 'NONE', #2462, 39.37007874015748143 ) ;
#4706 = CARTESIAN_POINT ( 'NONE',  ( 0.01456692913385826751, -0.01968503937007866356, 0.1037401574803149540 ) ) ;
#4707 = LINE ( 'NONE', #3062, #2639 ) ;
#4708 = ORIENTED_EDGE ( 'NONE', *, *, #6353, .T. ) ;
#4709 = DIRECTION ( 'NONE',  ( 1.000000000000000000, 3.552713678800500140E-15, 0.000000000000000000 ) ) ;
#4710 = ORIENTED_EDGE ( 'NONE', *, *, #6959, .T. ) ;
#4711 = EDGE_CURVE ( 'NONE', #6519, #2507, #3524, .T. ) ;
#4712 = CARTESIAN_POINT ( 'NONE',  ( -0.07401574803149606196, -0.02165354330708653754, 0.04074803149606298636 ) ) ;
#4713 = ADVANCED_FACE ( 'NONE', ( #6633 ), #1367, .F. ) ;
#4714 = ORIENTED_EDGE ( 'NONE', *, *, #4506, .T. ) ;
#4715 = CIRCLE ( 'NONE', #7139, 0.001968503937007874856 ) ;
#4716 = ORIENTED_EDGE ( 'NONE', *, *, #6721, .T. ) ;
#4717 = DIRECTION ( 'NONE',  ( 0.000000000000000000, 1.000000000000000000, -0.000000000000000000 ) ) ;
#4718 = DIRECTION ( 'NONE',  ( 0.7071067811865490160, 0.000000000000000000, 0.7071067811865460184 ) ) ;
#4719 = PLANE ( 'NONE',  #6373 ) ;
#4721 = VECTOR ( 'NONE', #864, 39.37007874015748143 ) ;
#4720 = LINE ( 'NONE', #5713, #1974 ) ;
#4722 = DIRECTION ( 'NONE',  ( 0.000000000000000000, 1.224606353822379970E-16, -1.000000000000000000 ) ) ;
#4723 = CARTESIAN_POINT ( 'NONE',  ( 0.01283001389532192719, -0.02061139416396473925, 0.1135826771653543343 ) ) ;
#4724 = ADVANCED_FACE ( 'NONE', ( #4919 ), #4356, .T. ) ;
#4725 = STYLED_ITEM ( 'NONE', ( #5021 ), #5218 ) ;
#4726 = AXIS2_PLACEMENT_3D ( 'NONE', #4460, #6242, #2796 ) ;
#4727 = DIRECTION ( 'NONE',  ( 4.773526345348539605E-16, -0.1718245749473350514, -0.9851275630313912623 ) ) ;
#4728 = ORIENTED_EDGE ( 'NONE', *, *, #4471, .F. ) ;
#4729 = DIRECTION ( 'NONE',  ( 0.000000000000000000, -1.000000000000000000, -1.224606353822379970E-16 ) ) ;
#4730 = CARTESIAN_POINT ( 'NONE',  ( -0.1171317238735696958, -0.01377952755905503986, 0.05059055118110235977 ) ) ;
#4732 = FILL_AREA_STYLE_COLOUR ( '', #1080 ) ;
#4731 = STYLED_ITEM ( 'NONE', ( #3871 ), #5428 ) ;
#4733 = EDGE_CURVE ( 'NONE', #6519, #7188, #4528, .T. ) ;
#4734 = ADVANCED_FACE ( 'NONE', ( #5633 ), #1556, .T. ) ;
#4735 = ADVANCED_FACE ( 'NONE', ( #5098 ), #7372, .T. ) ;
#4736 = CARTESIAN_POINT ( 'NONE',  ( 0.01283001389532189077, -0.02061139416396472537, 0.02736220472440945017 ) ) ;
#4737 = EDGE_LOOP ( 'NONE', ( #5799, #5861, #2391, #2367 ) ) ;
#4738 = ORIENTED_EDGE ( 'NONE', *, *, #1503, .T. ) ;
#4739 = VECTOR ( 'NONE', #207, 39.37007874015748854 ) ;
#4740 = ORIENTED_EDGE ( 'NONE', *, *, #2521, .F. ) ;
#4741 =( NAMED_UNIT ( * ) SI_UNIT ( $, .STERADIAN. ) SOLID_ANGLE_UNIT ( ) );
#4742 = PLANE ( 'NONE',  #2645 ) ;
#4743 = EDGE_LOOP ( 'NONE', ( #3586, #6009, #6227, #6624 ) ) ;
#4744 = LINE ( 'NONE', #6918, #3374 ) ;
#4745 = ORIENTED_EDGE ( 'NONE', *, *, #580, .F. ) ;
#4746 = VERTEX_POINT ( 'NONE', #7308 ) ;
#4747 = CARTESIAN_POINT ( 'NONE',  ( 0.006692913385826772428, -0.01574803149606291905, 0.07460629921259842590 ) ) ;
#4748 = DIRECTION ( 'NONE',  ( -0.000000000000000000, -0.000000000000000000, 1.000000000000000000 ) ) ;
#4749 = DIRECTION ( 'NONE',  ( -1.000000000000000000, -7.228014483236696555E-16, 0.000000000000000000 ) ) ;
#4750 = SURFACE_SIDE_STYLE ('',( #4704 ) ) ;
#4751 = CARTESIAN_POINT ( 'NONE',  ( 0.04980888922789999951, -0.02559055118110228552, 0.06633858267716535861 ) ) ;
#4752 = LINE ( 'NONE', #7066, #3133 ) ;
#4753 = EDGE_LOOP ( 'NONE', ( #6971, #7210, #7321, #2803 ) ) ;
#4754 = DIRECTION ( 'NONE',  ( 0.000000000000000000, 1.224606353822379970E-16, -1.000000000000000000 ) ) ;
#4755 = EDGE_CURVE ( 'NONE', #1942, #2407, #3401, .T. ) ;
#4756 = VERTEX_POINT ( 'NONE', #2121 ) ;
#4757 = CARTESIAN_POINT ( 'NONE',  ( 0.02298294153144818733, -0.02165354330708653754, 0.02736220472440945017 ) ) ;
#4758 = ORIENTED_EDGE ( 'NONE', *, *, #5752, .T. ) ;
#4759 = AXIS2_PLACEMENT_3D ( 'NONE', #7302, #6664, #7227 ) ;
#4760 = ORIENTED_EDGE ( 'NONE', *, *, #4574, .F. ) ;
#4761 = DIRECTION ( 'NONE',  ( -1.000000000000000000, 0.000000000000000000, 0.000000000000000000 ) ) ;
#4762 = EDGE_CURVE ( 'NONE', #4601, #812, #1048, .T. ) ;
#4763 = PLANE ( 'NONE',  #2826 ) ;
#4764 = ADVANCED_FACE ( 'NONE', ( #1623 ), #3364, .T. ) ;
#4765 = CIRCLE ( 'NONE', #61, 0.005905511811023621965 ) ;
#4766 = CYLINDRICAL_SURFACE ( 'NONE', #3832, 0.005905511811023621965 ) ;
#4767 = DIRECTION ( 'NONE',  ( 1.000000000000000000, -0.000000000000000000, 0.000000000000000000 ) ) ;
#4768 = DIRECTION ( 'NONE',  ( -8.673617379884032317E-15, 1.000000000000000000, 0.000000000000000000 ) ) ;
#4769 = DIRECTION ( 'NONE',  ( 1.000000000000000000, 3.552713678800500140E-15, -0.000000000000000000 ) ) ;
#4770 = CARTESIAN_POINT ( 'NONE',  ( -0.07401574803149606196, -0.01968503937007873988, 0.09783464566929131467 ) ) ;
#4771 = ORIENTED_EDGE ( 'NONE', *, *, #2942, .F. ) ;
#4772 = EDGE_CURVE ( 'NONE', #552, #1656, #498, .T. ) ;
#4773 = DIRECTION ( 'NONE',  ( 0.5773502691896288397, -0.5773502691896236216, -0.5773502691896248429 ) ) ;
#4774 = EDGE_CURVE ( 'NONE', #6258, #6368, #5134, .T. ) ;
#4775 = CARTESIAN_POINT ( 'NONE',  ( 0.02480314960629932675, -0.02165354330708653754, 0.05059055118110235977 ) ) ;
#4776 = SURFACE_STYLE_FILL_AREA ( #1290 ) ;
#4777 = DIRECTION ( 'NONE',  ( -0.000000000000000000, -0.000000000000000000, 1.000000000000000000 ) ) ;
#4778 = VERTEX_POINT ( 'NONE', #3926 ) ;
#4779 = ORIENTED_EDGE ( 'NONE', *, *, #1819, .F. ) ;
#4780 = EDGE_CURVE ( 'NONE', #6487, #744, #1357, .T. ) ;
#4781 = EDGE_CURVE ( 'NONE', #297, #1329, #6780, .T. ) ;
#4782 = LINE ( 'NONE', #7090, #2523 ) ;
#4783 = ORIENTED_EDGE ( 'NONE', *, *, #880, .T. ) ;
#4784 = CARTESIAN_POINT ( 'NONE',  ( -0.09212598425196850960, -0.02165354330708653754, 0.09035433070866143168 ) ) ;
#4785 = DIRECTION ( 'NONE',  ( 1.000000000000000000, -0.000000000000000000, 0.000000000000000000 ) ) ;
#4786 = CARTESIAN_POINT ( 'NONE',  ( -0.07922649374710513670, -0.01887447892542834862, 0.04311023622047244208 ) ) ;
#4787 = CARTESIAN_POINT ( 'NONE',  ( 0.02480314960629932675, -0.02165354330708653754, 0.03484251968503937480 ) ) ;
#4788 = EDGE_CURVE ( 'NONE', #3496, #5234, #6847, .T. ) ;
#4789 = VECTOR ( 'NONE', #81, 39.37007874015748143 ) ;
#4790 = CARTESIAN_POINT ( 'NONE',  ( -0.005511811023622130434, 0.01929133858267726917, 0.1983179640278689149 ) ) ;
#4791 = CARTESIAN_POINT ( 'NONE',  ( -0.07401574803149606196, -0.01968503937007873988, -0.2362204724409449064 ) ) ;
#4792 = VERTEX_POINT ( 'NONE', #5565 ) ;
#4793 = EDGE_LOOP ( 'NONE', ( #1811, #3332, #5288, #2181 ) ) ;
#4794 = LINE ( 'NONE', #3183, #872 ) ;
#4795 = DIRECTION ( 'NONE',  ( 1.000000000000000000, 6.476300976980080477E-16, 0.000000000000000000 ) ) ;
#4796 = ORIENTED_EDGE ( 'NONE', *, *, #7329, .F. ) ;
#4797 = CIRCLE ( 'NONE', #2742, 0.005905511811023620231 ) ;
#4798 = ORIENTED_EDGE ( 'NONE', *, *, #7330, .T. ) ;
#4799 = DIRECTION ( 'NONE',  ( -1.000000000000000000, 0.000000000000000000, 0.000000000000000000 ) ) ;
#4800 = DIRECTION ( 'NONE',  ( 0.4705882352941007651, -0.8823529411764794439, 0.000000000000000000 ) ) ;
#4801 = PLANE ( 'NONE',  #723 ) ;
#4802 = LINE ( 'NONE', #6668, #4705 ) ;
#4803 = AXIS2_PLACEMENT_3D ( 'NONE', #7036, #1814, #5219 ) ;
#4804 = FACE_OUTER_BOUND ( 'NONE', #4697, .T. ) ;
#4805 = ORIENTED_EDGE ( 'NONE', *, *, #1303, .F. ) ;
#4806 = ORIENTED_EDGE ( 'NONE', *, *, #5873, .F. ) ;
#4807 = VECTOR ( 'NONE', #3955, 39.37007874015749564 ) ;
#4808 = CARTESIAN_POINT ( 'NONE',  ( -0.09975459507475552268, -0.02559055118110224736, 0.02736220472440945017 ) ) ;
#4809 = LINE ( 'NONE', #1944, #6973 ) ;
#4810 = CARTESIAN_POINT ( 'NONE',  ( 0.006692913385826772428, -0.02165354330708653754, 0.09035433070866143168 ) ) ;
#4811 = CIRCLE ( 'NONE', #3604, 0.001968503937007874856 ) ;
#4812 = EDGE_CURVE ( 'NONE', #2076, #4183, #4485, .T. ) ;
#4813 = DIRECTION ( 'NONE',  ( 0.000000000000000000, -0.9851275630313912623, -0.1718245749473350514 ) ) ;
#4814 = ORIENTED_EDGE ( 'NONE', *, *, #1361, .T. ) ;
#4815 = VERTEX_POINT ( 'NONE', #6278 ) ;
#4816 = AXIS2_PLACEMENT_3D ( 'NONE', #2754, #4950, #1481 ) ;
#4817 = EDGE_LOOP ( 'NONE', ( #3917, #4984, #113, #1796 ) ) ;
#4818 = DIRECTION ( 'NONE',  ( -1.000000000000000000, 6.476300976980080477E-16, 0.000000000000000000 ) ) ;
#4819 = VERTEX_POINT ( 'NONE', #2254 ) ;
#4820 = DIRECTION ( 'NONE',  ( -0.000000000000000000, -0.000000000000000000, 1.000000000000000000 ) ) ;
#4821 = ORIENTED_EDGE ( 'NONE', *, *, #4913, .T. ) ;
#4822 = LINE ( 'NONE', #5883, #1214 ) ;
#4823 = LINE ( 'NONE', #1427, #2313 ) ;
#4824 = EDGE_CURVE ( 'NONE', #3697, #3984, #5706, .T. ) ;
#4825 = ORIENTED_EDGE ( 'NONE', *, *, #1561, .F. ) ;
#4826 = PLANE ( 'NONE',  #5107 ) ;
#4827 = FACE_OUTER_BOUND ( 'NONE', #1251, .T. ) ;
#4828 = CARTESIAN_POINT ( 'NONE',  ( 0.006692913385826772428, -0.02165354330708653754, 0.04311023622047244208 ) ) ;
#4829 = CARTESIAN_POINT ( 'NONE',  ( 0.04980888922789999951, -0.02559055118110224736, 0.08799212598425197596 ) ) ;
#4830 = ORIENTED_EDGE ( 'NONE', *, *, #393, .T. ) ;
#4831 = AXIS2_PLACEMENT_3D ( 'NONE', #3271, #5035, #7414 ) ;
#4832 = ORIENTED_EDGE ( 'NONE', *, *, #7366, .F. ) ;
#4833 = CARTESIAN_POINT ( 'NONE',  ( 0.02480314960629929205, -0.02559055118110228552, 0.05649606299212599214 ) ) ;
#4834 = CYLINDRICAL_SURFACE ( 'NONE', #5702, 0.005905511811023620231 ) ;
#4835 = ADVANCED_BREP_SHAPE_REPRESENTATION ( 'DF40C-10DP', ( #5365, #2854, #2706, #5428, #2792, #5200, #255, #229, #408, #5309, #314, #5255, #5218, #2776, #423, #7369 ), #3626 ) ;
#4836 = EDGE_CURVE ( 'NONE', #2452, #6689, #534, .T. ) ;
#4837 = EDGE_CURVE ( 'NONE', #3958, #6042, #1522, .T. ) ;
#4838 = VECTOR ( 'NONE', #7114, 39.37007874015748143 ) ;
#4839 = VERTEX_POINT ( 'NONE', #6137 ) ;
#4840 = FILL_AREA_STYLE ('',( #5977 ) ) ;
#4841 = FACE_OUTER_BOUND ( 'NONE', #1783, .T. ) ;
#4842 = CARTESIAN_POINT ( 'NONE',  ( 0.002755905511811067819, -0.01968503937007862192, 0.000000000000000000 ) ) ;
#4843 = LINE ( 'NONE', #846, #1448 ) ;
#4844 = CARTESIAN_POINT ( 'NONE',  ( 0.002755905511811070855, -0.01968503937007862192, 0.000000000000000000 ) ) ;
#4845 = CARTESIAN_POINT ( 'NONE',  ( 0.008429828624363150044, -0.02072718851320049308, 0.02500000000000000139 ) ) ;
#4846 = ORIENTED_EDGE ( 'NONE', *, *, #4506, .F. ) ;
#4847 = AXIS2_PLACEMENT_3D ( 'NONE', #6964, #5749, #4043 ) ;
#4848 = VERTEX_POINT ( 'NONE', #951 ) ;
#4849 = LINE ( 'NONE', #1414, #3792 ) ;
#4850 = DIRECTION ( 'NONE',  ( -0.000000000000000000, -1.000000000000000000, -0.000000000000000000 ) ) ;
#4851 = DIRECTION ( 'NONE',  ( -1.000000000000000000, 0.000000000000000000, 0.000000000000000000 ) ) ;
#4852 = VECTOR ( 'NONE', #4338, 39.37007874015748143 ) ;
#4853 = DIRECTION ( 'NONE',  ( -1.000000000000000000, 0.000000000000000000, 0.000000000000000000 ) ) ;
#4854 = ORIENTED_EDGE ( 'NONE', *, *, #2927, .F. ) ;
#4855 = VECTOR ( 'NONE', #5159, 39.37007874015748143 ) ;
#4856 = VECTOR ( 'NONE', #3512, 39.37007874015748143 ) ;
#4857 = EDGE_CURVE ( 'NONE', #1359, #635, #3856, .T. ) ;
#4858 = ORIENTED_EDGE ( 'NONE', *, *, #4218, .F. ) ;
#4859 = EDGE_CURVE ( 'NONE', #3729, #7383, #2328, .T. ) ;
#4860 = PLANE ( 'NONE',  #1559 ) ;
#4861 = EDGE_LOOP ( 'NONE', ( #4693, #311, #5532, #4796 ) ) ;
#4862 = PRESENTATION_STYLE_ASSIGNMENT (( #7247 ) ) ;
#4863 = ORIENTED_EDGE ( 'NONE', *, *, #5689, .F. ) ;
#4864 = CARTESIAN_POINT ( 'NONE',  ( 0.01456692913385826751, -0.01968503937007866356, 0.07460629921259842590 ) ) ;
#4865 = CARTESIAN_POINT ( 'NONE',  ( 0.002755905511811063482, -0.01968503937007862192, 0.08208661417322835052 ) ) ;
#4866 = CIRCLE ( 'NONE', #2696, 0.005905511811023621965 ) ;
#4867 = ORIENTED_EDGE ( 'NONE', *, *, #4080, .F. ) ;
#4868 = CARTESIAN_POINT ( 'NONE',  ( -0.07575266327003267464, -0.02072718851320047226, 0.1061023622047244097 ) ) ;
#4869 = FACE_OUTER_BOUND ( 'NONE', #3835, .T. ) ;
#4870 = DIRECTION ( 'NONE',  ( 4.500641816552991797E-31, 1.224606353822379970E-16, 1.000000000000000000 ) ) ;
#4871 = EDGE_CURVE ( 'NONE', #4110, #7222, #3442, .T. ) ;
#4872 = LINE ( 'NONE', #4791, #2262 ) ;
#4873 = VECTOR ( 'NONE', #2482, 39.37007874015748143 ) ;
#4874 = ORIENTED_EDGE ( 'NONE', *, *, #6165, .T. ) ;
#4875 = VERTEX_POINT ( 'NONE', #5741 ) ;
#4876 = CARTESIAN_POINT ( 'NONE',  ( -0.1171317238735696958, -0.01574803149606291558, 0.1037401574803149540 ) ) ;
#4877 = ORIENTED_EDGE ( 'NONE', *, *, #6251, .F. ) ;
#4878 = DIRECTION ( 'NONE',  ( -0.000000000000000000, 0.000000000000000000, 1.000000000000000000 ) ) ;
#4879 = ORIENTED_EDGE ( 'NONE', *, *, #7056, .T. ) ;
#4880 = AXIS2_PLACEMENT_3D ( 'NONE', #2021, #4398, #6636 ) ;
#4881 = DIRECTION ( 'NONE',  ( -1.000000000000000000, 6.476300976980080477E-16, 0.000000000000000000 ) ) ;
#4882 = EDGE_CURVE ( 'NONE', #5354, #1761, #1275, .T. ) ;
#4883 = LINE ( 'NONE', #3785, #349 ) ;
#4884 = EDGE_CURVE ( 'NONE', #151, #3984, #1970, .T. ) ;
#4885 = CARTESIAN_POINT ( 'NONE',  ( -0.06692913385826770867, -0.01968503937007873988, 0.09783464566929131467 ) ) ;
#4887 = CARTESIAN_POINT ( 'NONE',  ( -0.07401574803149606196, -0.01574803149606291558, 0.07460629921259842590 ) ) ;
#4886 = AXIS2_PLACEMENT_3D ( 'NONE', #7035, #3555, #4799 ) ;
#4888 = CARTESIAN_POINT ( 'NONE',  ( -0.07007874015748032093, -0.01968503937007873988, 0.07224409448818897017 ) ) ;
#4889 = ORIENTED_EDGE ( 'NONE', *, *, #2059, .T. ) ;
#4890 = VECTOR ( 'NONE', #1801, 39.37007874015748143 ) ;
#4891 = VERTEX_POINT ( 'NONE', #5860 ) ;
#4892 = CARTESIAN_POINT ( 'NONE',  ( 0.002755905511811061314, -0.01574803149606291558, 0.05649606299212597826 ) ) ;
#4893 = DIRECTION ( 'NONE',  ( 0.000000000000000000, 1.224606353822379970E-16, -1.000000000000000000 ) ) ;
#4894 = DIRECTION ( 'NONE',  ( 0.000000000000000000, -1.224606353822379970E-16, 1.000000000000000000 ) ) ;
#4895 = ORIENTED_EDGE ( 'NONE', *, *, #5831, .T. ) ;
#4896 = PLANE ( 'NONE',  #1445 ) ;
#4897 = CARTESIAN_POINT ( 'NONE',  ( -0.001181102362204854280, 0.01732283464566937090, 0.1385826771653543843 ) ) ;
#4898 = VERTEX_POINT ( 'NONE', #39 ) ;
#4899 = LINE ( 'NONE', #4647, #3520 ) ;
#4900 = SURFACE_STYLE_USAGE ( .BOTH. , #4217 ) ;
#4901 = EDGE_LOOP ( 'NONE', ( #1274, #3460, #4998, #1660 ) ) ;
#4902 = ORIENTED_EDGE ( 'NONE', *, *, #3893, .F. ) ;
#4903 = FACE_OUTER_BOUND ( 'NONE', #6806, .T. ) ;
#4904 = LINE ( 'NONE', #1350, #5151 ) ;
#4905 = LINE ( 'NONE', #340, #3327 ) ;
#4906 = CARTESIAN_POINT ( 'NONE',  ( 0.02480314960629933368, -0.01377952755905503986, 0.05059055118110235977 ) ) ;
#4907 = ORIENTED_EDGE ( 'NONE', *, *, #3069, .F. ) ;
#4908 = VERTEX_POINT ( 'NONE', #6351 ) ;
#4909 = DIRECTION ( 'NONE',  ( 0.000000000000000000, 1.000000000000000000, 0.000000000000000000 ) ) ;
#4910 = VERTEX_POINT ( 'NONE', #79 ) ;
#4911 = LINE ( 'NONE', #7225, #4011 ) ;
#4912 = ORIENTED_EDGE ( 'NONE', *, *, #6719, .F. ) ;
#4913 = EDGE_CURVE ( 'NONE', #5918, #5077, #2433, .T. ) ;
#4914 = EDGE_CURVE ( 'NONE', #4694, #1739, #1159, .T. ) ;
#4915 = DIRECTION ( 'NONE',  ( -1.000000000000000000, 0.000000000000000000, -0.000000000000000000 ) ) ;
#4916 = CARTESIAN_POINT ( 'NONE',  ( 0.008429828624363150044, -0.02072718851320047226, 0.1218503937007874155 ) ) ;
#4917 = PLANE ( 'NONE',  #1187 ) ;
#4918 = DIRECTION ( 'NONE',  ( -3.552713678800500140E-15, 1.000000000000000000, 0.000000000000000000 ) ) ;
#4919 = FACE_OUTER_BOUND ( 'NONE', #3118, .T. ) ;
#4920 = VECTOR ( 'NONE', #6094, 39.37007874015748143 ) ;
#4921 = ADVANCED_FACE ( 'NONE', ( #4672 ), #7478, .F. ) ;
#4922 = ORIENTED_EDGE ( 'NONE', *, *, #478, .F. ) ;
#4923 = VERTEX_POINT ( 'NONE', #3029 ) ;
#4924 = PLANE ( 'NONE',  #6819 ) ;
#4925 = PLANE ( 'NONE',  #4556 ) ;
#4926 = MECHANICAL_DESIGN_GEOMETRIC_PRESENTATION_REPRESENTATION (  '', ( #696 ), #1658 ) ;
#4927 = DIRECTION ( 'NONE',  ( -0.7071067811865699992, -0.7071067811865250352, 0.000000000000000000 ) ) ;
#4928 = EDGE_CURVE ( 'NONE', #5552, #6885, #3473, .T. ) ;
#4929 = VECTOR ( 'NONE', #6246, 39.37007874015748143 ) ;
#4930 = ORIENTED_EDGE ( 'NONE', *, *, #5296, .T. ) ;
#4931 = VECTOR ( 'NONE', #4221, 39.37007874015748143 ) ;
#4932 = EDGE_LOOP ( 'NONE', ( #1722, #5997, #6713, #137 ) ) ;
#4933 = CARTESIAN_POINT ( 'NONE',  ( 0.002755905511811070855, -0.01968503937007862192, 0.05059055118110235977 ) ) ;
#4934 = FACE_OUTER_BOUND ( 'NONE', #6767, .T. ) ;
#4935 = EDGE_CURVE ( 'NONE', #3514, #4055, #883, .T. ) ;
#4936 = ORIENTED_EDGE ( 'NONE', *, *, #4774, .T. ) ;
#4937 = VECTOR ( 'NONE', #7129, 39.37007874015748143 ) ;
#4938 = FACE_OUTER_BOUND ( 'NONE', #7127, .T. ) ;
#4939 = CARTESIAN_POINT ( 'NONE',  ( -0.07007874015748032093, -0.01968503937007873988, 0.08208661417322835052 ) ) ;
#4940 = DIRECTION ( 'NONE',  ( 0.000000000000000000, 1.224606353822379970E-16, -1.000000000000000000 ) ) ;
#4941 = LINE ( 'NONE', #2071, #3008 ) ;
#4942 = ORIENTED_EDGE ( 'NONE', *, *, #2650, .F. ) ;
#4943 = ORIENTED_EDGE ( 'NONE', *, *, #1764, .T. ) ;
#4944 = DIRECTION ( 'NONE',  ( 0.000000000000000000, 1.224606353822379970E-16, -1.000000000000000000 ) ) ;
#4945 = VECTOR ( 'NONE', #1912, 39.37007874015748143 ) ;
#4946 = VERTEX_POINT ( 'NONE', #1770 ) ;
#4947 = VECTOR ( 'NONE', #1101, 39.37007874015748143 ) ;
#4948 = LINE ( 'NONE', #6704, #5492 ) ;
#4949 = CARTESIAN_POINT ( 'NONE',  ( 0.000000000000000000, -0.01220472440944870250, 0.1113999723756204652 ) ) ;
#4950 = DIRECTION ( 'NONE',  ( 0.000000000000000000, 1.224606353822379970E-16, -1.000000000000000000 ) ) ;
#4951 = ADVANCED_FACE ( 'NONE', ( #5168 ), #3585, .T. ) ;
#4952 = EDGE_CURVE ( 'NONE', #4946, #6221, #4600, .T. ) ;
#4953 = CARTESIAN_POINT ( 'NONE',  ( 0.02480314960629930246, -0.02165354330708653754, 0.03443941325856023777 ) ) ;
#4954 = ORIENTED_EDGE ( 'NONE', *, *, #7226, .T. ) ;
#4955 = DIRECTION ( 'NONE',  ( 0.000000000000000000, 1.224606353822379970E-16, -1.000000000000000000 ) ) ;
#4956 = AXIS2_PLACEMENT_3D ( 'NONE', #6248, #4503, #4401 ) ;
#4957 = ORIENTED_EDGE ( 'NONE', *, *, #7232, .T. ) ;
#4958 = VERTEX_POINT ( 'NONE', #5897 ) ;
#4959 = CARTESIAN_POINT ( 'NONE',  ( 0.01283001389532192719, -0.02061139416396473925, 0.08799212598425197596 ) ) ;
#4960 = LINE ( 'NONE', #5571, #6010 ) ;
#4961 = VECTOR ( 'NONE', #6276, 39.37007874015748143 ) ;
#4962 = EDGE_CURVE ( 'NONE', #3184, #5892, #719, .T. ) ;
#4963 = DIRECTION ( 'NONE',  ( -1.000000000000000000, 2.168404344971008868E-15, 0.000000000000000000 ) ) ;
#4964 = CIRCLE ( 'NONE', #3043, 0.005905511811023621965 ) ;
#4965 = ORIENTED_EDGE ( 'NONE', *, *, #2311, .F. ) ;
#4966 = ADVANCED_FACE ( 'NONE', ( #1807 ), #5250, .T. ) ;
#4967 = EDGE_CURVE ( 'NONE', #5195, #2380, #6920, .T. ) ;
#4968 = ORIENTED_EDGE ( 'NONE', *, *, #4928, .T. ) ;
#4969 = EDGE_CURVE ( 'NONE', #4283, #1359, #115, .T. ) ;
#4970 = AXIS2_PLACEMENT_3D ( 'NONE', #4864, #1998, #3136 ) ;
#4971 = VERTEX_POINT ( 'NONE', #1850 ) ;
#4972 = PLANE ( 'NONE',  #7022 ) ;
#4973 = CARTESIAN_POINT ( 'NONE',  ( -0.07401574803149606196, -0.02165354330708653754, 0.1061023622047244097 ) ) ;
#4974 = ORIENTED_EDGE ( 'NONE', *, *, #2102, .F. ) ;
#4975 = AXIS2_PLACEMENT_3D ( 'NONE', #1657, #1086, #3960 ) ;
#4976 = ORIENTED_EDGE ( 'NONE', *, *, #1950, .F. ) ;
#4977 = LINE ( 'NONE', #3839, #6702 ) ;
#4978 = CARTESIAN_POINT ( 'NONE',  ( 0.0007874015748030615582, 0.01929133858267727611, 0.1366141732283464583 ) ) ;
#4979 = PLANE ( 'NONE',  #5119 ) ;
#4980 = ADVANCED_FACE ( 'NONE', ( #4147 ), #1695, .F. ) ;
#4981 = LINE ( 'NONE', #2109, #2881 ) ;
#4982 = VERTEX_POINT ( 'NONE', #800 ) ;
#4983 = ADVANCED_FACE ( 'NONE', ( #3185 ), #7107, .T. ) ;
#4984 = ORIENTED_EDGE ( 'NONE', *, *, #2223, .F. ) ;
#4985 = DIRECTION ( 'NONE',  ( -0.4705882352941179736, -0.8823529411764702290, 0.000000000000000000 ) ) ;
#4986 = EDGE_LOOP ( 'NONE', ( #133, #3916, #6072, #5754 ) ) ;
#4987 = LINE ( 'NONE', #5656, #988 ) ;
#4988 = EDGE_LOOP ( 'NONE', ( #4187, #2977, #1769, #1679 ) ) ;
#4989 = AXIS2_PLACEMENT_3D ( 'NONE', #2416, #6997, #5866 ) ;
#4990 = SURFACE_SIDE_STYLE ('',( #6166 ) ) ;
#4991 = CARTESIAN_POINT ( 'NONE',  ( 0.01456692913385826751, -0.01968503937007866356, 0.08799212598425197596 ) ) ;
#4992 = DIRECTION ( 'NONE',  ( -1.000000000000000000, 6.476300976980080477E-16, 0.000000000000000000 ) ) ;
#4993 = DIRECTION ( 'NONE',  ( -1.000000000000000000, 0.000000000000000000, 0.000000000000000000 ) ) ;
#4994 = LINE ( 'NONE', #7306, #5326 ) ;
#4995 = EDGE_LOOP ( 'NONE', ( #3872, #5593, #4930, #7261 ) ) ;
#4996 = DIRECTION ( 'NONE',  ( -0.000000000000000000, -0.000000000000000000, -1.000000000000000000 ) ) ;
#4997 = AXIS2_PLACEMENT_3D ( 'NONE', #2067, #3612, #2599 ) ;
#4998 = ORIENTED_EDGE ( 'NONE', *, *, #3399, .T. ) ;
#4999 = ORIENTED_EDGE ( 'NONE', *, *, #1629, .T. ) ;
#5000 = PLANE ( 'NONE',  #7406 ) ;
#5001 = VECTOR ( 'NONE', #6748, 39.37007874015748143 ) ;
#5002 = CARTESIAN_POINT ( 'NONE',  ( -0.05587038007015292934, -0.01261060923215906460, 0.02485563180619509982 ) ) ;
#5003 = DIRECTION ( 'NONE',  ( 1.000000000000000000, 0.000000000000000000, 0.000000000000000000 ) ) ;
#5004 = VECTOR ( 'NONE', #724, 39.37007874015748143 ) ;
#5005 = EDGE_CURVE ( 'NONE', #7091, #5497, #3661, .T. ) ;
#5006 = EDGE_CURVE ( 'NONE', #6976, #6643, #5486, .T. ) ;
#5007 = ORIENTED_EDGE ( 'NONE', *, *, #880, .F. ) ;
#5008 = ORIENTED_EDGE ( 'NONE', *, *, #5421, .T. ) ;
#5009 = AXIS2_PLACEMENT_3D ( 'NONE', #4220, #5549, #6539 ) ;
#5010 = DIRECTION ( 'NONE',  ( -0.8823529411764704511, -0.4705882352941180846, 0.000000000000000000 ) ) ;
#5011 = SURFACE_SIDE_STYLE ('',( #6798 ) ) ;
#5012 = EDGE_CURVE ( 'NONE', #3414, #6470, #5934, .T. ) ;
#5013 = ORIENTED_EDGE ( 'NONE', *, *, #6353, .F. ) ;
#5014 = CARTESIAN_POINT ( 'NONE',  ( -0.01791338582677173136, 0.01141732283464581311, 0.1232283464566928943 ) ) ;
#5015 = CARTESIAN_POINT ( 'NONE',  ( -0.1171317238735696958, -0.01574803149606291558, 0.08208661417322835052 ) ) ;
#5016 = DIRECTION ( 'NONE',  ( -1.000000000000000000, 3.552713678800500140E-15, 4.350675744370770171E-31 ) ) ;
#5017 = ORIENTED_EDGE ( 'NONE', *, *, #1600, .T. ) ;
#5018 = ORIENTED_EDGE ( 'NONE', *, *, #4935, .F. ) ;
#5019 = CLOSED_SHELL ( 'NONE', ( #6176, #6434, #4713, #1119, #2607, #2835, #6184, #4966, #321, #4421, #4262, #2329, #6407, #2088 ) ) ;
#5020 = DIRECTION ( 'NONE',  ( 0.000000000000000000, 1.000000000000000000, 0.000000000000000000 ) ) ;
#5021 = PRESENTATION_STYLE_ASSIGNMENT (( #2715 ) ) ;
#5022 = EDGE_LOOP ( 'NONE', ( #4779, #6384, #5993, #2234, #1923, #4359, #5705 ) ) ;
#5023 = EDGE_CURVE ( 'NONE', #5648, #6697, #5409, .T. ) ;
#5024 = LINE ( 'NONE', #6841, #2993 ) ;
#5025 = CARTESIAN_POINT ( 'NONE',  ( -0.08188976377952757180, -0.01968503937007866356, 0.03484251968503937480 ) ) ;
#5026 = LINE ( 'NONE', #2790, #1555 ) ;
#5027 = DIRECTION ( 'NONE',  ( 0.000000000000000000, 0.000000000000000000, 1.000000000000000000 ) ) ;
#5028 = FACE_OUTER_BOUND ( 'NONE', #5974, .T. ) ;
#5029 = ORIENTED_EDGE ( 'NONE', *, *, #5242, .T. ) ;
#5030 = DIRECTION ( 'NONE',  ( 1.000000000000000000, 0.000000000000000000, -0.000000000000000000 ) ) ;
#5031 = ORIENTED_EDGE ( 'NONE', *, *, #3606, .F. ) ;
#5032 = VERTEX_POINT ( 'NONE', #1317 ) ;
#5033 = CARTESIAN_POINT ( 'NONE',  ( -0.08015284854099134770, -0.02061139416396475660, 0.08799212598425197596 ) ) ;
#5034 = LINE ( 'NONE', #7342, #4438 ) ;
#5035 = DIRECTION ( 'NONE',  ( -0.000000000000000000, -1.224606353822379970E-16, 1.000000000000000000 ) ) ;
#5036 = ORIENTED_EDGE ( 'NONE', *, *, #235, .T. ) ;
#5037 = VECTOR ( 'NONE', #5913, 39.37007874015748143 ) ;
#5038 = EDGE_CURVE ( 'NONE', #4694, #3128, #1928, .T. ) ;
#5039 = UNCERTAINTY_MEASURE_WITH_UNIT (LENGTH_MEASURE( 1.000000000000000082E-05 ), #3098, 'distance_accuracy_value', 'NONE');
#5040 = VECTOR ( 'NONE', #7240, 39.37007874015748143 ) ;
#5041 = CYLINDRICAL_SURFACE ( 'NONE', #4252, 0.005905511811023620231 ) ;
#5042 = VERTEX_POINT ( 'NONE', #3621 ) ;
#5043 = VERTEX_POINT ( 'NONE', #6662 ) ;
#5044 = CARTESIAN_POINT ( 'NONE',  ( -0.1171317238735696958, -0.01377952755905503986, 0.09783464566929132855 ) ) ;
#5045 = AXIS2_PLACEMENT_3D ( 'NONE', #4382, #6617, #3655 ) ;
#5046 = CARTESIAN_POINT ( 'NONE',  ( -0.08015284854099133383, -0.02061139416396472537, 0.02736220472440945017 ) ) ;
#5047 =( GEOMETRIC_REPRESENTATION_CONTEXT ( 3 ) GLOBAL_UNCERTAINTY_ASSIGNED_CONTEXT ( ( #2701 ) ) GLOBAL_UNIT_ASSIGNED_CONTEXT ( ( #3579, #1269, #2444 ) ) REPRESENTATION_CONTEXT ( 'NONE', 'WORKASPACE' ) );
#5048 = CARTESIAN_POINT ( 'NONE',  ( 0.002755905511811070855, -0.01968503937007862192, 0.1037401574803149540 ) ) ;
#5049 = EDGE_LOOP ( 'NONE', ( #1717, #7394, #2146, #1 ) ) ;
#5050 = ORIENTED_EDGE ( 'NONE', *, *, #5484, .F. ) ;
#5051 = EDGE_CURVE ( 'NONE', #3168, #2192, #4228, .T. ) ;
#5052 = FACE_OUTER_BOUND ( 'NONE', #5931, .T. ) ;
#5053 = ORIENTED_EDGE ( 'NONE', *, *, #4638, .F. ) ;
#5054 = CARTESIAN_POINT ( 'NONE',  ( 0.002755905511811065217, -0.02559055118110228552, 0.04074803149606298636 ) ) ;
#5055 = AXIS2_PLACEMENT_3D ( 'NONE', #6491, #2352, #593 ) ;
#5056 = CARTESIAN_POINT ( 'NONE',  ( -0.01791338582677173483, 0.01141732283464579924, 0.1179179637429042388 ) ) ;
#5057 = FACE_OUTER_BOUND ( 'NONE', #786, .T. ) ;
#5058 = DIRECTION ( 'NONE',  ( 1.000000000000000000, 3.552713678800500140E-15, 0.000000000000000000 ) ) ;
#5059 = ADVANCED_FACE ( 'NONE', ( #1971 ), #3741, .T. ) ;
#5060 = EDGE_CURVE ( 'NONE', #5615, #774, #3068, .T. ) ;
#5061 = CARTESIAN_POINT ( 'NONE',  ( -0.07922649374710512282, -0.01887447892542834862, 0.02500000000000000139 ) ) ;
#5062 = EDGE_CURVE ( 'NONE', #2477, #6487, #5373, .T. ) ;
#5063 = CARTESIAN_POINT ( 'NONE',  ( -0.07922649374710513670, -0.01887447892542834862, 0.02736220472440945017 ) ) ;
#5064 = EDGE_LOOP ( 'NONE', ( #548, #1141, #194, #7009, #2166, #3511, #7086, #4738, #1886, #664, #1499, #1010 ) ) ;
#5065 = ORIENTED_EDGE ( 'NONE', *, *, #3769, .T. ) ;
#5066 = DIRECTION ( 'NONE',  ( -0.000000000000000000, -0.000000000000000000, -1.000000000000000000 ) ) ;
#5067 = DIRECTION ( 'NONE',  ( 7.930919325675893753E-32, 1.224606353822379970E-16, -1.000000000000000000 ) ) ;
#5068 = ORIENTED_EDGE ( 'NONE', *, *, #348, .F. ) ;
#5069 = LINE ( 'NONE', #1056, #6403 ) ;
#5070 = VECTOR ( 'NONE', #7344, 39.37007874015748143 ) ;
#5071 = DIMENSIONAL_EXPONENTS ( 1.000000000000000000, 0.000000000000000000, 0.000000000000000000, 0.000000000000000000, 0.000000000000000000, 0.000000000000000000, 0.000000000000000000 ) ;
#5072 = PRESENTATION_LAYER_ASSIGNMENT (  '', '', ( #4702 ) ) ;
#5073 = AXIS2_PLACEMENT_3D ( 'NONE', #5258, #4722, #7 ) ;
#5074 = ORIENTED_EDGE ( 'NONE', *, *, #1361, .F. ) ;
#5075 = VECTOR ( 'NONE', #1038, 39.37007874015748143 ) ;
#5076 = VERTEX_POINT ( 'NONE', #272 ) ;
#5077 = VERTEX_POINT ( 'NONE', #2533 ) ;
#5078 = ADVANCED_FACE ( 'NONE', ( #878 ), #4834, .T. ) ;
#5079 = CARTESIAN_POINT ( 'NONE',  ( 0.006692913385826772428, -0.02165354330708653754, 0.04311023622047244208 ) ) ;
#5080 = VECTOR ( 'NONE', #5868, 39.37007874015748143 ) ;
#5081 = CARTESIAN_POINT ( 'NONE',  ( -0.06181102362204724671, 0.01338582677165363680, 0.01535433070866142405 ) ) ;
#5082 = CARTESIAN_POINT ( 'NONE',  ( -0.07007874015748033480, -0.001181102362204724393, 0.1346456692913385877 ) ) ;
#5083 = ORIENTED_EDGE ( 'NONE', *, *, #4329, .T. ) ;
#5084 = ORIENTED_EDGE ( 'NONE', *, *, #1712, .F. ) ;
#5085 = FACE_OUTER_BOUND ( 'NONE', #3834, .T. ) ;
#5086 =( LENGTH_UNIT ( ) NAMED_UNIT ( * ) SI_UNIT ( $, .METRE. ) );
#5087 = COLOUR_RGB ( '',0.6470588235294117974, 0.5176470588235293491, 0.000000000000000000 ) ;
#5088 = AXIS2_PLACEMENT_3D ( 'NONE', #1237, #5211, #3550 ) ;
#5089 = EDGE_CURVE ( 'NONE', #1336, #5666, #4271, .T. ) ;
#5090 = EDGE_CURVE ( 'NONE', #4448, #6954, #2606, .T. ) ;
#5091 = DIRECTION ( 'NONE',  ( -1.000000000000000000, 0.000000000000000000, 0.000000000000000000 ) ) ;
#5092 = DIRECTION ( 'NONE',  ( 0.000000000000000000, 0.000000000000000000, -1.000000000000000000 ) ) ;
#5093 = CARTESIAN_POINT ( 'NONE',  ( -0.09212598425196889818, -0.03007883464566929108, 0.08168350774674922044 ) ) ;
#5094 = MECHANICAL_DESIGN_GEOMETRIC_PRESENTATION_REPRESENTATION (  '', ( #4386 ), #4125 ) ;
#5095 = DIRECTION ( 'NONE',  ( 0.000000000000000000, -1.000000000000000000, -1.224606353822379970E-16 ) ) ;
#5096 = CARTESIAN_POINT ( 'NONE',  ( 0.02480314960629932675, -0.02165354330708653754, 0.1135826771653543343 ) ) ;
#5097 = ORIENTED_EDGE ( 'NONE', *, *, #6763, .T. ) ;
#5098 = FACE_OUTER_BOUND ( 'NONE', #3195, .T. ) ;
#5099 = AXIS2_PLACEMENT_3D ( 'NONE', #5809, #5768, #2358 ) ;
#5100 = ORIENTED_EDGE ( 'NONE', *, *, #2778, .T. ) ;
#5101 = EDGE_CURVE ( 'NONE', #5495, #134, #4911, .T. ) ;
#5102 = EDGE_CURVE ( 'NONE', #1659, #3582, #7192, .T. ) ;
#5103 = ORIENTED_EDGE ( 'NONE', *, *, #2018, .F. ) ;
#5104 = DIRECTION ( 'NONE',  ( 0.000000000000000000, 1.224606353822379970E-16, -1.000000000000000000 ) ) ;
#5105 = CARTESIAN_POINT ( 'NONE',  ( -0.01165885201768289241, -0.01379395456724691153, 0.02506202924836159820 ) ) ;
#5106 = VERTEX_POINT ( 'NONE', #3219 ) ;
#5108 = DIRECTION ( 'NONE',  ( 0.000000000000000000, 0.000000000000000000, -1.000000000000000000 ) ) ;
#5107 = AXIS2_PLACEMENT_3D ( 'NONE', #6654, #186, #2524 ) ;
#5109 = DIRECTION ( 'NONE',  ( 7.930919325675893753E-32, 1.224606353822379970E-16, -1.000000000000000000 ) ) ;
#5110 = ADVANCED_FACE ( 'NONE', ( #6088 ), #346, .T. ) ;
#5111 = VERTEX_POINT ( 'NONE', #6235 ) ;
#5112 = CARTESIAN_POINT ( 'NONE',  ( 0.002755905511811070855, -0.01968503937007862192, 0.04074803149606298636 ) ) ;
#5113 = FACE_OUTER_BOUND ( 'NONE', #5515, .T. ) ;
#5114 = AXIS2_PLACEMENT_3D ( 'NONE', #3189, #4390, #6593 ) ;
#5115 = LINE ( 'NONE', #3457, #3063 ) ;
#5116 = EDGE_LOOP ( 'NONE', ( #6709, #2342, #7142, #1047 ) ) ;
#5117 = DIMENSIONAL_EXPONENTS ( 1.000000000000000000, 0.000000000000000000, 0.000000000000000000, 0.000000000000000000, 0.000000000000000000, 0.000000000000000000, 0.000000000000000000 ) ;
#5118 = ORIENTED_EDGE ( 'NONE', *, *, #1550, .T. ) ;
#5119 = AXIS2_PLACEMENT_3D ( 'NONE', #7427, #7354, #2177 ) ;
#5120 = CARTESIAN_POINT ( 'NONE',  ( 0.02480314960629929205, -0.02559055118110228552, 0.1037401574803149540 ) ) ;
#5121 = LINE ( 'NONE', #5621, #7128 ) ;
#5122 = CARTESIAN_POINT ( 'NONE',  ( 0.006692913385826772428, -0.01574803149606291905, 0.09035433070866143168 ) ) ;
#5123 = ORIENTED_EDGE ( 'NONE', *, *, #3186, .T. ) ;
#5124 = ORIENTED_EDGE ( 'NONE', *, *, #5012, .F. ) ;
#5125 = DIRECTION ( 'NONE',  ( 0.000000000000000000, 0.000000000000000000, -1.000000000000000000 ) ) ;
#5126 = CARTESIAN_POINT ( 'NONE',  ( -0.06614173228346462152, 0.01732283464566929110, 5.930196381730998927E-17 ) ) ;
#5127 = LINE ( 'NONE', #7301, #233 ) ;
#5128 = CYLINDRICAL_SURFACE ( 'NONE', #5496, 0.005905511811023622833 ) ;
#5129 = LINE ( 'NONE', #979, #841 ) ;
#5130 = CARTESIAN_POINT ( 'NONE',  ( 0.02298294153144818733, -0.02165354330708653754, 0.09035433070866143168 ) ) ;
#5131 = FACE_OUTER_BOUND ( 'NONE', #1757, .T. ) ;
#5132 = ORIENTED_EDGE ( 'NONE', *, *, #4422, .T. ) ;
#5133 = EDGE_CURVE ( 'NONE', #6689, #4129, #7397, .T. ) ;
#5134 = LINE ( 'NONE', #2224, #5697 ) ;
#5135 = EDGE_CURVE ( 'NONE', #4637, #2535, #455, .T. ) ;
#5136 = ORIENTED_EDGE ( 'NONE', *, *, #2410, .T. ) ;
#5137 = ORIENTED_EDGE ( 'NONE', *, *, #4214, .T. ) ;
#5138 = CARTESIAN_POINT ( 'NONE',  ( -0.1171317238735696958, -0.02165354330708653754, 0.05649606299212599214 ) ) ;
#5139 = CARTESIAN_POINT ( 'NONE',  ( -0.08188976377952757180, -0.02559055118110225777, 0.07460629921259842590 ) ) ;
#5140 = PLANE ( 'NONE',  #6317 ) ;
#5141 = ORIENTED_EDGE ( 'NONE', *, *, #7407, .F. ) ;
#5142 = LINE ( 'NONE', #3865, #5070 ) ;
#5143 = LINE ( 'NONE', #3802, #2302 ) ;
#5144 = EDGE_CURVE ( 'NONE', #6229, #2522, #7298, .T. ) ;
#5145 = CLOSED_SHELL ( 'NONE', ( #4980, #2309, #4734, #547, #6388, #5078, #3673, #1065, #1222, #1644, #1400, #6362, #6092, #4038 ) ) ;
#5146 = ORIENTED_EDGE ( 'NONE', *, *, #4487, .F. ) ;
#5147 = CARTESIAN_POINT ( 'NONE',  ( -0.07575266327003259137, -0.02072718851320056940, 0.04074803149606298636 ) ) ;
#5148 = EDGE_CURVE ( 'NONE', #6004, #6846, #2745, .T. ) ;
#5149 = CARTESIAN_POINT ( 'NONE',  ( 0.01456692913385826751, -0.01968503937007866356, 0.04074803149606298636 ) ) ;
#5150 = ORIENTED_EDGE ( 'NONE', *, *, #5886, .T. ) ;
#5151 = VECTOR ( 'NONE', #3773, 39.37007874015748143 ) ;
#5152 = ORIENTED_EDGE ( 'NONE', *, *, #984, .T. ) ;
#5153 = FACE_OUTER_BOUND ( 'NONE', #5715, .T. ) ;
#5154 = SURFACE_STYLE_USAGE ( .BOTH. , #5315 ) ;
#5155 = CARTESIAN_POINT ( 'NONE',  ( 0.02480314960629933368, -0.02559055118110227164, 0.06633858267716535861 ) ) ;
#5156 = ORIENTED_EDGE ( 'NONE', *, *, #2236, .F. ) ;
#5157 = AXIS2_PLACEMENT_3D ( 'NONE', #5608, #5712, #541 ) ;
#5158 = DIRECTION ( 'NONE',  ( -1.000000000000000000, -0.000000000000000000, -0.000000000000000000 ) ) ;
#5159 = DIRECTION ( 'NONE',  ( 1.000000000000000000, 0.000000000000000000, 0.000000000000000000 ) ) ;
#5160 = CIRCLE ( 'NONE', #6020, 0.001968503937007873988 ) ;
#5161 = PLANE ( 'NONE',  #5834 ) ;
#5162 = DIRECTION ( 'NONE',  ( 0.000000000000000000, 1.224606353822379970E-16, -1.000000000000000000 ) ) ;
#5163 = CARTESIAN_POINT ( 'NONE',  ( 0.01456692913385826751, -0.01968503937007866356, 0.1061023622047244097 ) ) ;
#5164 = DIRECTION ( 'NONE',  ( 6.476300976980080477E-16, -1.000000000000000000, 0.000000000000000000 ) ) ;
#5165 = FACE_OUTER_BOUND ( 'NONE', #1530, .T. ) ;
#5166 = DIRECTION ( 'NONE',  ( 0.000000000000000000, -1.224606353822379970E-16, 1.000000000000000000 ) ) ;
#5167 = VECTOR ( 'NONE', #4657, 39.37007874015748854 ) ;
#5168 = FACE_OUTER_BOUND ( 'NONE', #6322, .T. ) ;
#5169 = ORIENTED_EDGE ( 'NONE', *, *, #6741, .T. ) ;
#5170 = CARTESIAN_POINT ( 'NONE',  ( -0.08015284854099133383, -0.02061139416396472537, 0.09035433070866143168 ) ) ;
#5171 = AXIS2_PLACEMENT_3D ( 'NONE', #5130, #6844, #1156 ) ;
#5172 = EDGE_CURVE ( 'NONE', #1139, #1185, #1229, .T. ) ;
#5173 = DIRECTION ( 'NONE',  ( -1.000000000000000000, -0.000000000000000000, -0.000000000000000000 ) ) ;
#5174 = EDGE_CURVE ( 'NONE', #1659, #1262, #6771, .T. ) ;
#5175 = CARTESIAN_POINT ( 'NONE',  ( -0.09212598425196889818, -0.02559055118110228552, 0.1135826771653543343 ) ) ;
#5176 = CARTESIAN_POINT ( 'NONE',  ( -0.07007874015748032093, -0.01574803149606291558, 0.05649606299212597826 ) ) ;
#5177 = ORIENTED_EDGE ( 'NONE', *, *, #1312, .F. ) ;
#5178 = CYLINDRICAL_SURFACE ( 'NONE', #5073, 0.001968503937007874856 ) ;
#5179 = LINE ( 'NONE', #9, #6062 ) ;
#5180 = DIRECTION ( 'NONE',  ( -1.000000000000000000, 3.552713678800500140E-15, 4.350675744370770171E-31 ) ) ;
#5181 = VERTEX_POINT ( 'NONE', #1578 ) ;
#5182 = LINE ( 'NONE', #6726, #5233 ) ;
#5183 = EDGE_CURVE ( 'NONE', #6153, #7351, #2301, .T. ) ;
#5184 = VECTOR ( 'NONE', #5716, 39.37007874015748143 ) ;
#5185 =( NAMED_UNIT ( * ) PLANE_ANGLE_UNIT ( ) SI_UNIT ( $, .RADIAN. ) );
#5186 = DIRECTION ( 'NONE',  ( -1.000000000000000000, 0.000000000000000000, 0.000000000000000000 ) ) ;
#5187 = ORIENTED_EDGE ( 'NONE', *, *, #6599, .F. ) ;
#5188 = VECTOR ( 'NONE', #3828, 39.37007874015748854 ) ;
#5189 = ORIENTED_EDGE ( 'NONE', *, *, #2778, .F. ) ;
#5190 = ADVANCED_FACE ( 'NONE', ( #2678 ), #2214, .F. ) ;
#5191 = EDGE_CURVE ( 'NONE', #5432, #2499, #4987, .T. ) ;
#5192 = ORIENTED_EDGE ( 'NONE', *, *, #19, .T. ) ;
#5193 = DIRECTION ( 'NONE',  ( -1.000000000000000000, -7.228014483236696555E-16, 0.000000000000000000 ) ) ;
#5194 = DIRECTION ( 'NONE',  ( 1.000000000000000000, 0.000000000000000000, 0.000000000000000000 ) ) ;
#5195 = VERTEX_POINT ( 'NONE', #2112 ) ;
#5196 = AXIS2_PLACEMENT_3D ( 'NONE', #7199, #4918, #3709 ) ;
#5197 = EDGE_LOOP ( 'NONE', ( #1612, #3689, #4227, #3030 ) ) ;
#5198 = ORIENTED_EDGE ( 'NONE', *, *, #7275, .T. ) ;
#5199 = LINE ( 'NONE', #2822, #3997 ) ;
#5200 = MANIFOLD_SOLID_BREP ( 'Split1[6]', #6486 ) ;
#5201 = AXIS2_PLACEMENT_3D ( 'NONE', #3028, #152, #2449 ) ;
#5202 = DIRECTION ( 'NONE',  ( -1.000000000000000000, 0.000000000000000000, -0.000000000000000000 ) ) ;
#5203 = CARTESIAN_POINT ( 'NONE',  ( 0.04980888922789999951, -0.02165354330708653754, 0.1194881889763779736 ) ) ;
#5204 = CARTESIAN_POINT ( 'NONE',  ( -0.09212598425196889818, -0.02559055118110227164, 0.03484251968503937480 ) ) ;
#5205 = DIRECTION ( 'NONE',  ( 7.930919325675893753E-32, 1.224606353822379970E-16, -1.000000000000000000 ) ) ;
#5206 = PLANE ( 'NONE',  #5171 ) ;
#5207 = PLANE ( 'NONE',  #7270 ) ;
#5208 = STYLED_ITEM ( 'NONE', ( #5626 ), #5200 ) ;
#5209 = ORIENTED_EDGE ( 'NONE', *, *, #1963, .F. ) ;
#5210 = VECTOR ( 'NONE', #7061, 39.37007874015748143 ) ;
#5211 = DIRECTION ( 'NONE',  ( -0.000000000000000000, -1.224606353822379970E-16, 1.000000000000000000 ) ) ;
#5212 = ORIENTED_EDGE ( 'NONE', *, *, #7088, .T. ) ;
#5213 = VECTOR ( 'NONE', #4259, 39.37007874015748143 ) ;
#5214 = EDGE_CURVE ( 'NONE', #67, #77, #387, .T. ) ;
#5215 = VECTOR ( 'NONE', #3108, 39.37007874015748143 ) ;
#5216 = CARTESIAN_POINT ( 'NONE',  ( -0.05354330708661417942, -0.01456692913385834558, 0.02718270478973380463 ) ) ;
#5217 = LINE ( 'NONE', #1813, #3431 ) ;
#5218 = MANIFOLD_SOLID_BREP ( 'Split1[13]', #4432 ) ;
#5219 = DIRECTION ( 'NONE',  ( 0.000000000000000000, -0.000000000000000000, -1.000000000000000000 ) ) ;
#5220 = CARTESIAN_POINT ( 'NONE',  ( -0.07401574803149606196, -0.02165354330708653754, 0.1194881889763779736 ) ) ;
#5221 = ORIENTED_EDGE ( 'NONE', *, *, #7181, .T. ) ;
#5222 = PLANE ( 'NONE',  #6047 ) ;
#5223 = DIRECTION ( 'NONE',  ( 0.000000000000000000, 0.000000000000000000, -1.000000000000000000 ) ) ;
#5224 = AXIS2_PLACEMENT_3D ( 'NONE', #5220, #1744, #122 ) ;
#5225 = DIRECTION ( 'NONE',  ( -1.000000000000000000, 0.000000000000000000, 0.000000000000000000 ) ) ;
#5226 = EDGE_LOOP ( 'NONE', ( #3488, #4889, #6658, #3055 ) ) ;
#5227 = DIRECTION ( 'NONE',  ( 0.000000000000000000, 1.000000000000000000, 0.000000000000000000 ) ) ;
#5228 = AXIS2_PLACEMENT_3D ( 'NONE', #6040, #5508, #5441 ) ;
#5229 = DIRECTION ( 'NONE',  ( -1.000000000000000000, 0.000000000000000000, 0.000000000000000000 ) ) ;
#5230 = ADVANCED_FACE ( 'NONE', ( #2861 ), #2145, .T. ) ;
#5231 = EDGE_CURVE ( 'NONE', #6735, #1487, #6877, .T. ) ;
#5232 = ORIENTED_EDGE ( 'NONE', *, *, #824, .T. ) ;
#5233 = VECTOR ( 'NONE', #6899, 39.37007874015748143 ) ;
#5234 = VERTEX_POINT ( 'NONE', #5126 ) ;
#5235 = ORIENTED_EDGE ( 'NONE', *, *, #4312, .F. ) ;
#5236 = ORIENTED_EDGE ( 'NONE', *, *, #5323, .T. ) ;
#5237 = DIRECTION ( 'NONE',  ( 1.000000000000000000, 0.000000000000000000, 0.000000000000000000 ) ) ;
#5238 = CIRCLE ( 'NONE', #4880, 0.001968503937007874856 ) ;
#5239 = VERTEX_POINT ( 'NONE', #4057 ) ;
#5240 = DIRECTION ( 'NONE',  ( -1.000000000000000000, 0.000000000000000000, 0.000000000000000000 ) ) ;
#5241 = DIRECTION ( 'NONE',  ( -1.000000000000000000, -3.552713678800500140E-15, 0.000000000000000000 ) ) ;
#5242 = EDGE_CURVE ( 'NONE', #7161, #4051, #4627, .T. ) ;
#5243 = VECTOR ( 'NONE', #1091, 39.37007874015748854 ) ;
#5244 = DIRECTION ( 'NONE',  ( 0.8823529411764704511, -0.4705882352941180846, -5.762853429752370674E-17 ) ) ;
#5245 = DIRECTION ( 'NONE',  ( -1.000000000000000000, 0.000000000000000000, 0.000000000000000000 ) ) ;
#5246 = DIRECTION ( 'NONE',  ( -0.000000000000000000, 0.000000000000000000, 1.000000000000000000 ) ) ;
#5247 = LINE ( 'NONE', #714, #3841 ) ;
#5249 = CARTESIAN_POINT ( 'NONE',  ( -0.08015284854099134770, -0.02061139416396475660, 0.1037401574803149540 ) ) ;
#5248 = VECTOR ( 'NONE', #4063, 39.37007874015748143 ) ;
#5250 = PLANE ( 'NONE',  #7029 ) ;
#5251 = EDGE_CURVE ( 'NONE', #4051, #7429, #4701, .T. ) ;
#5252 = ORIENTED_EDGE ( 'NONE', *, *, #7047, .F. ) ;
#5253 = LINE ( 'NONE', #5778, #4789 ) ;
#5254 = CARTESIAN_POINT ( 'NONE',  ( 0.006692913385826768091, -0.01968503937007860805, 0.03484251968503937480 ) ) ;
#5255 = MANIFOLD_SOLID_BREP ( 'Split1[12]', #3234 ) ;
#5256 = FACE_OUTER_BOUND ( 'NONE', #3752, .T. ) ;
#5257 = DIRECTION ( 'NONE',  ( -3.837386249217209879E-15, 1.000000000000000000, 0.000000000000000000 ) ) ;
#5258 = CARTESIAN_POINT ( 'NONE',  ( -0.08188976377952757180, -0.01968503937007866356, 0.09035433070866143168 ) ) ;
#5259 = VERTEX_POINT ( 'NONE', #5278 ) ;
#5260 = DIRECTION ( 'NONE',  ( -1.000000000000000000, -0.000000000000000000, -0.000000000000000000 ) ) ;
#5261 = DIRECTION ( 'NONE',  ( 0.4705882352941318514, -0.8823529411764629016, 0.000000000000000000 ) ) ;
#5262 = VERTEX_POINT ( 'NONE', #104 ) ;
#5263 = CARTESIAN_POINT ( 'NONE',  ( -0.08015284854099134770, -0.02061139416396475660, 0.05059055118110235977 ) ) ;
#5264 = LINE ( 'NONE', #1824, #4700 ) ;
#5265 = DIRECTION ( 'NONE',  ( -0.000000000000000000, -0.000000000000000000, 1.000000000000000000 ) ) ;
#5266 = ORIENTED_EDGE ( 'NONE', *, *, #6131, .F. ) ;
#5267 = ORIENTED_EDGE ( 'NONE', *, *, #3129, .F. ) ;
#5268 = ORIENTED_EDGE ( 'NONE', *, *, #5751, .F. ) ;
#5269 = EDGE_CURVE ( 'NONE', #1378, #3754, #2397, .T. ) ;
#5270 = EDGE_LOOP ( 'NONE', ( #3808, #6186, #1384, #3220 ) ) ;
#5271 = ADVANCED_FACE ( 'NONE', ( #2900 ), #3576, .F. ) ;
#5272 = DIRECTION ( 'NONE',  ( -1.000000000000000000, -7.228014483236696555E-16, 0.000000000000000000 ) ) ;
#5273 = ORIENTED_EDGE ( 'NONE', *, *, #584, .F. ) ;
#5274 = VERTEX_POINT ( 'NONE', #3988 ) ;
#5275 = VERTEX_POINT ( 'NONE', #4174 ) ;
#5276 = PLANE ( 'NONE',  #2549 ) ;
#5277 = COLOUR_RGB ( '',0.6470588235294117974, 0.5176470588235293491, 0.000000000000000000 ) ;
#5278 = CARTESIAN_POINT ( 'NONE',  ( -0.09212598425196850960, -0.02165354330708653754, 0.02500000000000000139 ) ) ;
#5279 = CARTESIAN_POINT ( 'NONE',  ( 0.006692913385826772428, -0.01968503937007860805, 0.000000000000000000 ) ) ;
#5280 = DIRECTION ( 'NONE',  ( 0.000000000000000000, 1.000000000000000000, 0.000000000000000000 ) ) ;
#5281 = VECTOR ( 'NONE', #3613, 39.37007874015748143 ) ;
#5282 = CARTESIAN_POINT ( 'NONE',  ( 0.006692913385826772428, -0.02165354330708653754, 0.09783464566929132855 ) ) ;
#5283 = ADVANCED_FACE ( 'NONE', ( #5364 ), #1999, .F. ) ;
#5284 = LINE ( 'NONE', #6347, #5540 ) ;
#5285 = LINE ( 'NONE', #1768, #2292 ) ;
#5286 = ORIENTED_EDGE ( 'NONE', *, *, #6869, .T. ) ;
#5287 = DIRECTION ( 'NONE',  ( 0.000000000000000000, 0.9851275630313912623, -0.1718245749473350514 ) ) ;
#5288 = ORIENTED_EDGE ( 'NONE', *, *, #4124, .F. ) ;
#5289 = AXIS2_PLACEMENT_3D ( 'NONE', #3113, #1978, #4992 ) ;
#5290 = ORIENTED_EDGE ( 'NONE', *, *, #1904, .F. ) ;
#5291 = CARTESIAN_POINT ( 'NONE',  ( -0.1171317238735696958, -0.01574803149606291558, 0.04074803149606298636 ) ) ;
#5292 = DIRECTION ( 'NONE',  ( -0.7071067811865460184, 8.659274570719338158E-17, 0.7071067811865490160 ) ) ;
#5293 = EDGE_CURVE ( 'NONE', #5832, #342, #3691, .T. ) ;
#5294 = EDGE_CURVE ( 'NONE', #974, #3128, #4823, .T. ) ;
#5295 = LINE ( 'NONE', #1936, #4196 ) ;
#5296 = EDGE_CURVE ( 'NONE', #6085, #5648, #1916, .T. ) ;
#5297 = CARTESIAN_POINT ( 'NONE',  ( 0.01456692913385826925, -0.02559055118110228552, 0.09783464566929132855 ) ) ;
#5298 = VECTOR ( 'NONE', #3509, 39.37007874015748143 ) ;
#5299 =( GEOMETRIC_REPRESENTATION_CONTEXT ( 3 ) GLOBAL_UNCERTAINTY_ASSIGNED_CONTEXT ( ( #6190 ) ) GLOBAL_UNIT_ASSIGNED_CONTEXT ( ( #2608, #6592, #2247 ) ) REPRESENTATION_CONTEXT ( 'NONE', 'WORKASPACE' ) );
#5300 = CARTESIAN_POINT ( 'NONE',  ( 0.02480314960629933368, -0.03007883464566929108, 0.03443941325856023777 ) ) ;
#5301 = CARTESIAN_POINT ( 'NONE',  ( 0.01456692913385826925, -0.02559055118110228552, 0.01909448818897637595 ) ) ;
#5302 = VECTOR ( 'NONE', #7002, 39.37007874015748854 ) ;
#5303 = LINE ( 'NONE', #1285, #1064 ) ;
#5304 = ORIENTED_EDGE ( 'NONE', *, *, #7457, .F. ) ;
#5305 = DIRECTION ( 'NONE',  ( -0.000000000000000000, -1.224606353822379970E-16, 1.000000000000000000 ) ) ;
#5306 = DIRECTION ( 'NONE',  ( 7.930919325675893753E-32, 1.224606353822379970E-16, -1.000000000000000000 ) ) ;
#5307 = DIRECTION ( 'NONE',  ( -0.000000000000000000, -1.000000000000000000, 0.000000000000000000 ) ) ;
#5308 = AXIS2_PLACEMENT_3D ( 'NONE', #4648, #5180, #12 ) ;
#5309 = MANIFOLD_SOLID_BREP ( 'Split1[10]', #1140 ) ;
#5310 = LINE ( 'NONE', #1293, #2447 ) ;
#5311 = ORIENTED_EDGE ( 'NONE', *, *, #1977, .T. ) ;
#5312 = EDGE_LOOP ( 'NONE', ( #6782, #697, #4002, #7441 ) ) ;
#5313 = VERTEX_POINT ( 'NONE', #2481 ) ;
#5314 = ORIENTED_EDGE ( 'NONE', *, *, #2373, .T. ) ;
#5315 = SURFACE_SIDE_STYLE ('',( #5763 ) ) ;
#5316 = CARTESIAN_POINT ( 'NONE',  ( -0.01791338582677173483, 0.01929133858267730733, 0.1192913385826771533 ) ) ;
#5317 = ORIENTED_EDGE ( 'NONE', *, *, #3341, .F. ) ;
#5318 = ORIENTED_EDGE ( 'NONE', *, *, #210, .F. ) ;
#5319 = ORIENTED_EDGE ( 'NONE', *, *, #4638, .T. ) ;
#5320 = LINE ( 'NONE', #6457, #4721 ) ;
#5321 = VECTOR ( 'NONE', #6522, 39.37007874015748143 ) ;
#5322 = CARTESIAN_POINT ( 'NONE',  ( 0.01283001389532189077, -0.02061139416396472537, 0.1218503937007874155 ) ) ;
#5323 = EDGE_CURVE ( 'NONE', #1594, #5077, #1880, .T. ) ;
#5324 = EDGE_CURVE ( 'NONE', #5259, #2477, #1464, .T. ) ;
#5325 = CARTESIAN_POINT ( 'NONE',  ( -0.01145245457551642351, -0.01261060923215913225, 0.1137270453591591873 ) ) ;
#5326 = VECTOR ( 'NONE', #2119, 39.37007874015748143 ) ;
#5327 = DIRECTION ( 'NONE',  ( -8.673617379884032317E-15, 1.000000000000000000, 0.000000000000000000 ) ) ;
#5328 = CARTESIAN_POINT ( 'NONE',  ( -0.1171317238735696958, -0.02165354330708653754, 0.07224409448818898405 ) ) ;
#5329 = ORIENTED_EDGE ( 'NONE', *, *, #3087, .T. ) ;
#5330 = FACE_OUTER_BOUND ( 'NONE', #4309, .T. ) ;
#5331 = ORIENTED_EDGE ( 'NONE', *, *, #1503, .F. ) ;
#5332 = CARTESIAN_POINT ( 'NONE',  ( -0.1171317238735696958, -0.02559055118110228552, 0.07224409448818898405 ) ) ;
#5333 = VERTEX_POINT ( 'NONE', #2441 ) ;
#5334 = CIRCLE ( 'NONE', #4472, 0.001968503937007874856 ) ;
#5335 = EDGE_CURVE ( 'NONE', #7413, #4185, #1346, .T. ) ;
#5336 = EDGE_CURVE ( 'NONE', #1401, #1509, #5961, .T. ) ;
#5337 = ORIENTED_EDGE ( 'NONE', *, *, #5324, .T. ) ;
#5338 = CARTESIAN_POINT ( 'NONE',  ( 0.01456692913385826751, -0.02559055118110226817, 0.02500000000000000139 ) ) ;
#5339 = LINE ( 'NONE', #4233, #7305 ) ;
#5340 = DIRECTION ( 'NONE',  ( 0.000000000000000000, 1.224606353822379970E-16, -1.000000000000000000 ) ) ;
#5342 = DIRECTION ( 'NONE',  ( 0.000000000000000000, -1.000000000000000000, 0.000000000000000000 ) ) ;
#5341 = VECTOR ( 'NONE', #2560, 39.37007874015748143 ) ;
#5343 = DIRECTION ( 'NONE',  ( -0.7071067811865460184, -2.425555188186840278E-15, -0.7071067811865490160 ) ) ;
#5344 = CARTESIAN_POINT ( 'NONE',  ( -0.001181102362204712684, 0.000000000000000000, 0.1385826771653543288 ) ) ;
#5345 = EDGE_CURVE ( 'NONE', #6923, #4243, #5438, .T. ) ;
#5346 = ADVANCED_FACE ( 'NONE', ( #262 ), #300, .T. ) ;
#5347 = VECTOR ( 'NONE', #2017, 39.37007874015748143 ) ;
#5348 = CARTESIAN_POINT ( 'NONE',  ( -0.07007874015748032093, -0.01377952755905503986, 0.03484251968503937480 ) ) ;
#5349 = ORIENTED_EDGE ( 'NONE', *, *, #5102, .F. ) ;
#5350 = CARTESIAN_POINT ( 'NONE',  ( 0.006692913385826772428, -0.01968503937007860805, 0.000000000000000000 ) ) ;
#5351 = DIRECTION ( 'NONE',  ( -3.552713678800500140E-15, -1.000000000000000000, 0.000000000000000000 ) ) ;
#5352 = LINE ( 'NONE', #1753, #3382 ) ;
#5353 = DIRECTION ( 'NONE',  ( 4.500641816552991797E-31, 1.224606353822379970E-16, 1.000000000000000000 ) ) ;
#5354 = VERTEX_POINT ( 'NONE', #4865 ) ;
#5355 = ADVANCED_FACE ( 'NONE', ( #7215 ), #707, .T. ) ;
#5356 = VERTEX_POINT ( 'NONE', #2666 ) ;
#5357 = VERTEX_POINT ( 'NONE', #5504 ) ;
#5358 = CARTESIAN_POINT ( 'NONE',  ( -0.01141732283464574893, 0.01141732283464574893, 0.01535433070866141538 ) ) ;
#5359 = ORIENTED_EDGE ( 'NONE', *, *, #6650, .F. ) ;
#5360 = CARTESIAN_POINT ( 'NONE',  ( 0.04980888922789999951, -0.02559055118110228552, 0.07224409448818898405 ) ) ;
#5361 = ORIENTED_EDGE ( 'NONE', *, *, #2371, .F. ) ;
#5362 = LINE ( 'NONE', #183, #1706 ) ;
#5363 = VECTOR ( 'NONE', #4303, 39.37007874015748143 ) ;
#5364 = FACE_OUTER_BOUND ( 'NONE', #6527, .T. ) ;
#5365 = MANIFOLD_SOLID_BREP ( 'Split1[1]', #6000 ) ;
#5366 = FACE_OUTER_BOUND ( 'NONE', #212, .T. ) ;
#5367 = AXIS2_PLACEMENT_3D ( 'NONE', #7276, #6105, #2125 ) ;
#5368 = DIRECTION ( 'NONE',  ( -0.000000000000000000, 1.000000000000000000, 1.224606353822379970E-16 ) ) ;
#5369 = CARTESIAN_POINT ( 'NONE',  ( -0.01791338582677173483, 0.01929133858267729346, 0.01929133858267716162 ) ) ;
#5370 = DIRECTION ( 'NONE',  ( -1.000000000000000000, -0.000000000000000000, -0.000000000000000000 ) ) ;
#5371 = ORIENTED_EDGE ( 'NONE', *, *, #367, .F. ) ;
#5372 = CARTESIAN_POINT ( 'NONE',  ( -0.05590551181102362821, -0.01220472440944889853, 0.1137978392235854258 ) ) ;
#5373 = LINE ( 'NONE', #3148, #3897 ) ;
#5374 = ORIENTED_EDGE ( 'NONE', *, *, #4616, .F. ) ;
#5375 = VECTOR ( 'NONE', #4568, 39.37007874015748854 ) ;
#5376 = ORIENTED_EDGE ( 'NONE', *, *, #3201, .F. ) ;
#5377 =( NAMED_UNIT ( * ) SI_UNIT ( $, .STERADIAN. ) SOLID_ANGLE_UNIT ( ) );
#5378 = PLANE ( 'NONE',  #4149 ) ;
#5379 = VECTOR ( 'NONE', #6655, 39.37007874015748143 ) ;
#5380 = CYLINDRICAL_SURFACE ( 'NONE', #2508, 0.001968503937007873988 ) ;
#5381 = DIRECTION ( 'NONE',  ( 0.000000000000000000, 1.000000000000000000, 0.000000000000000000 ) ) ;
#5382 = ADVANCED_FACE ( 'NONE', ( #374 ), #2133, .T. ) ;
#5383 = EDGE_CURVE ( 'NONE', #1238, #3131, #6149, .T. ) ;
#5384 = DIRECTION ( 'NONE',  ( 0.000000000000000000, 0.000000000000000000, 1.000000000000000000 ) ) ;
#5385 = CARTESIAN_POINT ( 'NONE',  ( 0.04980888922789999951, -0.02559055118110224736, 0.05649606299212599214 ) ) ;
#5386 = VERTEX_POINT ( 'NONE', #2065 ) ;
#5387 = EDGE_LOOP ( 'NONE', ( #2020, #6259, #5331, #3703 ) ) ;
#5388 = DIRECTION ( 'NONE',  ( 0.4705882352941775371, 0.8823529411764386987, 0.000000000000000000 ) ) ;
#5389 = CYLINDRICAL_SURFACE ( 'NONE', #6857, 0.001968503937007874856 ) ;
#5390 = ADVANCED_FACE ( 'NONE', ( #3244 ), #7288, .F. ) ;
#5391 = DIRECTION ( 'NONE',  ( -0.4705882352941179736, 0.8823529411764702290, 0.000000000000000000 ) ) ;
#5392 = DIRECTION ( 'NONE',  ( 0.000000000000000000, 0.000000000000000000, 1.000000000000000000 ) ) ;
#5393 = ORIENTED_EDGE ( 'NONE', *, *, #442, .T. ) ;
#5394 = EDGE_LOOP ( 'NONE', ( #677, #4046, #4957, #7389 ) ) ;
#5395 = EDGE_CURVE ( 'NONE', #3496, #2488, #3768, .T. ) ;
#5396 = CARTESIAN_POINT ( 'NONE',  ( -0.07007874015748032093, -0.02559055118110228552, 0.1037401574803149540 ) ) ;
#5397 = EDGE_LOOP ( 'NONE', ( #4462, #2005, #1947, #1461 ) ) ;
#5398 = CARTESIAN_POINT ( 'NONE',  ( 0.006692913385826772428, -0.02165354330708653754, 0.09783464566929132855 ) ) ;
#5399 = EDGE_LOOP ( 'NONE', ( #6944, #3064, #1371, #4251 ) ) ;
#5400 = LINE ( 'NONE', #7134, #5461 ) ;
#5401 = LINE ( 'NONE', #7098, #6929 ) ;
#5402 = AXIS2_PLACEMENT_3D ( 'NONE', #2368, #4641, #1241 ) ;
#5403 = CARTESIAN_POINT ( 'NONE',  ( -0.08188976377952757180, -0.02559055118110225777, 0.04311023622047244208 ) ) ;
#5404 = DIRECTION ( 'NONE',  ( -1.000000000000000000, 0.000000000000000000, 0.000000000000000000 ) ) ;
#5405 = ORIENTED_EDGE ( 'NONE', *, *, #6941, .F. ) ;
#5406 = ORIENTED_EDGE ( 'NONE', *, *, #5824, .T. ) ;
#5407 = DIRECTION ( 'NONE',  ( -0.000000000000000000, -1.224606353822379970E-16, 1.000000000000000000 ) ) ;
#5408 = EDGE_LOOP ( 'NONE', ( #6990, #1299, #6657, #2677 ) ) ;
#5409 = LINE ( 'NONE', #192, #1593 ) ;
#5410 = VECTOR ( 'NONE', #3733, 39.37007874015748143 ) ;
#5411 = ORIENTED_EDGE ( 'NONE', *, *, #2615, .F. ) ;
#5412 = CARTESIAN_POINT ( 'NONE',  ( -0.1171317238735696958, -0.01574803149606291558, 0.02500000000000000139 ) ) ;
#5413 = CARTESIAN_POINT ( 'NONE',  ( 0.01190365910143580813, -0.01887447892542832087, 0.02500000000000000139 ) ) ;
#5414 = CARTESIAN_POINT ( 'NONE',  ( -0.08188976377952757180, -0.01968503937007866356, 0.07460629921259842590 ) ) ;
#5415 = DIRECTION ( 'NONE',  ( -0.4705882352941856417, -0.8823529411764343688, 0.000000000000000000 ) ) ;
#5416 = PLANE ( 'NONE',  #2910 ) ;
#5417 = AXIS2_PLACEMENT_3D ( 'NONE', #6891, #3448, #7378 ) ;
#5418 = CARTESIAN_POINT ( 'NONE',  ( 0.002755905511811070855, -0.01968503937007862192, 0.01909448818897637595 ) ) ;
#5419 = ADVANCED_FACE ( 'NONE', ( #4934 ), #5041, .T. ) ;
#5420 = VERTEX_POINT ( 'NONE', #6077 ) ;
#5421 = EDGE_CURVE ( 'NONE', #4910, #4607, #3833, .T. ) ;
#5422 = VERTEX_POINT ( 'NONE', #4473 ) ;
#5423 = AXIS2_PLACEMENT_3D ( 'NONE', #6811, #5164, #2720 ) ;
#5424 = LINE ( 'NONE', #2343, #1858 ) ;
#5425 = VECTOR ( 'NONE', #3545, 39.37007874015748143 ) ;
#5426 = PLANE ( 'NONE',  #5527 ) ;
#5427 = FACE_OUTER_BOUND ( 'NONE', #6467, .T. ) ;
#5428 = MANIFOLD_SOLID_BREP ( 'Split1[4]', #5019 ) ;
#5429 = VECTOR ( 'NONE', #2711, 39.37007874015748143 ) ;
#5430 = CARTESIAN_POINT ( 'NONE',  ( 0.009356183418249175432, -0.02246410375173684901, 0.05649606299212599214 ) ) ;
#5431 = EDGE_CURVE ( 'NONE', #5420, #6835, #3939, .T. ) ;
#5432 = VERTEX_POINT ( 'NONE', #6115 ) ;
#5433 = AXIS2_PLACEMENT_3D ( 'NONE', #3361, #5095, #2046 ) ;
#5434 = DIRECTION ( 'NONE',  ( 1.000000000000000000, 0.000000000000000000, 0.000000000000000000 ) ) ;
#5435 = EDGE_LOOP ( 'NONE', ( #6618, #6031, #1111, #2389 ) ) ;
#5436 = ORIENTED_EDGE ( 'NONE', *, *, #4160, .T. ) ;
#5437 = LINE ( 'NONE', #1304, #5210 ) ;
#5438 = LINE ( 'NONE', #5885, #1968 ) ;
#5439 = ORIENTED_EDGE ( 'NONE', *, *, #3999, .F. ) ;
#5440 = EDGE_CURVE ( 'NONE', #1790, #6413, #6309, .T. ) ;
#5441 = DIRECTION ( 'NONE',  ( 0.000000000000000000, 0.000000000000000000, 1.000000000000000000 ) ) ;
#5442 = CARTESIAN_POINT ( 'NONE',  ( 0.006692913385826772428, -0.01574803149606291558, 0.07224409448818898405 ) ) ;
#5443 = DIRECTION ( 'NONE',  ( -3.552713678800500140E-15, -1.000000000000000000, 0.000000000000000000 ) ) ;
#5444 = FACE_OUTER_BOUND ( 'NONE', #5709, .T. ) ;
#5445 = EDGE_LOOP ( 'NONE', ( #3170, #1822, #775, #2550 ) ) ;
#5446 = CIRCLE ( 'NONE', #737, 0.001968503937007874856 ) ;
#5447 = ORIENTED_EDGE ( 'NONE', *, *, #347, .F. ) ;
#5448 = CARTESIAN_POINT ( 'NONE',  ( -0.07401574803149606196, -0.02165354330708653754, 0.09783464566929132855 ) ) ;
#5449 = VERTEX_POINT ( 'NONE', #2971 ) ;
#5450 = VECTOR ( 'NONE', #1643, 39.37007874015748143 ) ;
#5451 = DIRECTION ( 'NONE',  ( 1.000000000000000000, -0.000000000000000000, 0.000000000000000000 ) ) ;
#5452 = VERTEX_POINT ( 'NONE', #2888 ) ;
#5453 = SURFACE_STYLE_USAGE ( .BOTH. , #3150 ) ;
#5454 = DIRECTION ( 'NONE',  ( 6.476300976980080477E-16, 1.000000000000000000, 1.224606353822379970E-16 ) ) ;
#5455 = DIRECTION ( 'NONE',  ( -0.000000000000000000, 0.000000000000000000, 1.000000000000000000 ) ) ;
#5456 = LINE ( 'NONE', #279, #3491 ) ;
#5457 = CARTESIAN_POINT ( 'NONE',  ( 0.01456692913385826751, -0.01968503937007866356, 0.02500000000000000139 ) ) ;
#5458 = VECTOR ( 'NONE', #3918, 39.37007874015748854 ) ;
#5459 = DIRECTION ( 'NONE',  ( 0.000000000000000000, 1.000000000000000000, 0.000000000000000000 ) ) ;
#5460 = VERTEX_POINT ( 'NONE', #6970 ) ;
#5461 = VECTOR ( 'NONE', #1425, 39.37007874015748143 ) ;
#5462 = ORIENTED_EDGE ( 'NONE', *, *, #5574, .T. ) ;
#5463 = FACE_OUTER_BOUND ( 'NONE', #95, .T. ) ;
#5464 = CARTESIAN_POINT ( 'NONE',  ( -0.08188976377952757180, -0.01968503937007866356, 0.09035433070866143168 ) ) ;
#5465 = CARTESIAN_POINT ( 'NONE',  ( 0.02480314960629933368, -0.01377952755905503986, 0.1135826771653543343 ) ) ;
#5466 = VECTOR ( 'NONE', #2489, 39.37007874015748143 ) ;
#5467 = ORIENTED_EDGE ( 'NONE', *, *, #5345, .F. ) ;
#5468 = AXIS2_PLACEMENT_3D ( 'NONE', #3919, #1078, #7328 ) ;
#5469 = ORIENTED_EDGE ( 'NONE', *, *, #1686, .F. ) ;
#5470 = CARTESIAN_POINT ( 'NONE',  ( -0.08188976377952757180, -0.01968503937007866356, 0.1061023622047244097 ) ) ;
#5471 = CARTESIAN_POINT ( 'NONE',  ( 0.04980888922789999951, -0.01574803149606291558, 0.08799212598425197596 ) ) ;
#5472 = EDGE_CURVE ( 'NONE', #6035, #3867, #2385, .T. ) ;
#5473 = ORIENTED_EDGE ( 'NONE', *, *, #5038, .T. ) ;
#5474 = LINE ( 'NONE', #4747, #3884 ) ;
#5475 = DIRECTION ( 'NONE',  ( 0.000000000000000000, -1.000000000000000000, -1.224606353822379970E-16 ) ) ;
#5476 = VECTOR ( 'NONE', #5265, 39.37007874015748143 ) ;
#5477 = ORIENTED_EDGE ( 'NONE', *, *, #1930, .F. ) ;
#5478 = DIRECTION ( 'NONE',  ( 0.000000000000000000, 1.000000000000000000, 0.000000000000000000 ) ) ;
#5479 = CARTESIAN_POINT ( 'NONE',  ( 0.008429828624363150044, -0.02072718851320049308, 0.08799212598425197596 ) ) ;
#5480 = CARTESIAN_POINT ( 'NONE',  ( -0.05589377207669012776, -0.01247649506134567224, 0.1137504373656964690 ) ) ;
#5481 = PLANE ( 'NONE',  #2757 ) ;
#5482 = VECTOR ( 'NONE', #2809, 39.37007874015748854 ) ;
#5483 = VERTEX_POINT ( 'NONE', #4691 ) ;
#5484 = EDGE_CURVE ( 'NONE', #5898, #2038, #1138, .T. ) ;
#5485 = DIRECTION ( 'NONE',  ( 3.552713678800500140E-15, -1.000000000000000000, 0.000000000000000000 ) ) ;
#5486 = LINE ( 'NONE', #6505, #5215 ) ;
#5487 = AXIS2_PLACEMENT_3D ( 'NONE', #7083, #7004, #1823 ) ;
#5488 = FACE_OUTER_BOUND ( 'NONE', #5837, .T. ) ;
#5489 = FACE_OUTER_BOUND ( 'NONE', #3301, .T. ) ;
#5490 = DIRECTION ( 'NONE',  ( 1.000000000000000000, -0.000000000000000000, 0.000000000000000000 ) ) ;
#5491 = EDGE_CURVE ( 'NONE', #5680, #6697, #2345, .T. ) ;
#5493 = DIRECTION ( 'NONE',  ( -0.000000000000000000, -1.224606353822379970E-16, 1.000000000000000000 ) ) ;
#5492 = VECTOR ( 'NONE', #7265, 39.37007874015748143 ) ;
#5494 = CARTESIAN_POINT ( 'NONE',  ( -0.09212598425196850960, -0.02165354330708653754, 0.1194881889763779875 ) ) ;
#5495 = VERTEX_POINT ( 'NONE', #2851 ) ;
#5496 = AXIS2_PLACEMENT_3D ( 'NONE', #3294, #3993, #6272 ) ;
#5497 = VERTEX_POINT ( 'NONE', #1674 ) ;
#5498 = PLANE ( 'NONE',  #3316 ) ;
#5499 = CARTESIAN_POINT ( 'NONE',  ( 0.002755905511811063482, -0.01968503937007862192, 0.1135826771653543343 ) ) ;
#5500 = FACE_OUTER_BOUND ( 'NONE', #5670, .T. ) ;
#5501 = ORIENTED_EDGE ( 'NONE', *, *, #6507, .F. ) ;
#5502 = ORIENTED_EDGE ( 'NONE', *, *, #6461, .T. ) ;
#5503 = DIRECTION ( 'NONE',  ( 0.000000000000000000, 0.000000000000000000, -1.000000000000000000 ) ) ;
#5504 = CARTESIAN_POINT ( 'NONE',  ( -0.06614173228346456601, -0.02362204724409448786, 0.1385826771653543565 ) ) ;
#5505 = ORIENTED_EDGE ( 'NONE', *, *, #1171, .F. ) ;
#5506 = EDGE_CURVE ( 'NONE', #332, #1761, #772, .T. ) ;
#5507 = EDGE_CURVE ( 'NONE', #1719, #7430, #5115, .T. ) ;
#5508 = DIRECTION ( 'NONE',  ( -1.000000000000000000, 0.000000000000000000, 0.000000000000000000 ) ) ;
#5509 = DIRECTION ( 'NONE',  ( 0.000000000000000000, 1.000000000000000000, 0.000000000000000000 ) ) ;
#5510 = PLANE ( 'NONE',  #2716 ) ;
#5511 = DIRECTION ( 'NONE',  ( -1.000000000000000000, 2.168404344971008868E-15, 0.000000000000000000 ) ) ;
#5512 = ORIENTED_EDGE ( 'NONE', *, *, #3943, .T. ) ;
#5513 = EDGE_LOOP ( 'NONE', ( #6849, #334, #4168, #1397 ) ) ;
#5514 = DIRECTION ( 'NONE',  ( -0.8823529411764704511, 0.4705882352941180846, 5.762853429752370674E-17 ) ) ;
#5515 = EDGE_LOOP ( 'NONE', ( #6606, #2512, #6966, #7371 ) ) ;
#5516 = DIRECTION ( 'NONE',  ( 0.000000000000000000, 1.000000000000000000, 0.000000000000000000 ) ) ;
#5517 = EDGE_LOOP ( 'NONE', ( #517, #1924, #4714, #4965, #1180, #2375, #3732, #3595, #488, #3057, #4166, #3925 ) ) ;
#5518 = CLOSED_SHELL ( 'NONE', ( #2011, #6089, #3089, #6870, #763, #2746, #2597, #3122, #4633, #2616, #3631, #1203, #7000, #4686 ) ) ;
#5519 = ADVANCED_FACE ( 'NONE', ( #6366 ), #3976, .F. ) ;
#5520 = LENGTH_MEASURE_WITH_UNIT ( LENGTH_MEASURE( 0.02539999999999999897 ), #914 );
#5521 = CARTESIAN_POINT ( 'NONE',  ( -0.1171317238735696958, -0.02559055118110228552, 0.09783464566929132855 ) ) ;
#5522 = CARTESIAN_POINT ( 'NONE',  ( -0.08188976377952757180, -0.01968503937007866356, 0.1135826771653543343 ) ) ;
#5523 = CARTESIAN_POINT ( 'NONE',  ( -0.07007874015748032093, -0.01574803149606291558, 0.04074803149606298636 ) ) ;
#5524 = DIRECTION ( 'NONE',  ( -1.000000000000000000, 2.168404344971008868E-15, 0.000000000000000000 ) ) ;
#5525 = ORIENTED_EDGE ( 'NONE', *, *, #7447, .F. ) ;
#5526 = DIRECTION ( 'NONE',  ( -0.000000000000000000, -0.000000000000000000, 1.000000000000000000 ) ) ;
#5527 = AXIS2_PLACEMENT_3D ( 'NONE', #1374, #2240, #5351 ) ;
#5528 = ORIENTED_EDGE ( 'NONE', *, *, #4540, .F. ) ;
#5529 = EDGE_CURVE ( 'NONE', #6835, #625, #4866, .T. ) ;
#5530 = EDGE_CURVE ( 'NONE', #1105, #5653, #1177, .T. ) ;
#5531 = EDGE_CURVE ( 'NONE', #6456, #6735, #7164, .T. ) ;
#5532 = ORIENTED_EDGE ( 'NONE', *, *, #308, .T. ) ;
#5533 = CARTESIAN_POINT ( 'NONE',  ( -0.08015284854099133383, -0.02061139416396472537, 0.05885826771653544093 ) ) ;
#5534 = PLANE ( 'NONE',  #7343 ) ;
#5535 = VECTOR ( 'NONE', #6106, 39.37007874015748143 ) ;
#5536 = PLANE ( 'NONE',  #3274 ) ;
#5537 = VECTOR ( 'NONE', #5738, 39.37007874015748143 ) ;
#5538 = VERTEX_POINT ( 'NONE', #587 ) ;
#5539 = DIRECTION ( 'NONE',  ( -1.000000000000000000, -8.202091352894185491E-17, 4.702532375659349745E-16 ) ) ;
#5540 = VECTOR ( 'NONE', #189, 39.37007874015748143 ) ;
#5541 = VERTEX_POINT ( 'NONE', #2237 ) ;
#5542 = CARTESIAN_POINT ( 'NONE',  ( 0.02298294153144818733, -0.02165354330708653754, 0.07460629921259842590 ) ) ;
#5543 = CARTESIAN_POINT ( 'NONE',  ( 0.002755905511811070855, -0.01968503937007862192, 0.000000000000000000 ) ) ;
#5544 = ORIENTED_EDGE ( 'NONE', *, *, #5293, .F. ) ;
#5545 = AXIS2_PLACEMENT_3D ( 'NONE', #6371, #1759, #5194 ) ;
#5546 = ORIENTED_EDGE ( 'NONE', *, *, #7398, .F. ) ;
#5547 = CARTESIAN_POINT ( 'NONE',  ( -0.07667901806391851094, -0.02246410375173684901, 0.1037401574803149540 ) ) ;
#5548 = CARTESIAN_POINT ( 'NONE',  ( -0.05590551181102361433, -0.01234086329729080188, 0.02480858309662503994 ) ) ;
#5549 = DIRECTION ( 'NONE',  ( -0.8823529411764704511, -0.4705882352941180846, 0.000000000000000000 ) ) ;
#5550 = CARTESIAN_POINT ( 'NONE',  ( -0.09212598425196863450, -0.02559055118110226817, 0.05649606299212597826 ) ) ;
#5551 = ORIENTED_EDGE ( 'NONE', *, *, #7155, .T. ) ;
#5552 = VERTEX_POINT ( 'NONE', #7459 ) ;
#5553 = DIRECTION ( 'NONE',  ( -4.437342591868189654E-31, 1.224606353822379970E-16, 1.000000000000000000 ) ) ;
#5554 = AXIS2_PLACEMENT_3D ( 'NONE', #1552, #6740, #5027 ) ;
#5555 = DIRECTION ( 'NONE',  ( -0.000000000000000000, -1.000000000000000000, -1.224606353822379970E-16 ) ) ;
#5556 = ADVANCED_FACE ( 'NONE', ( #1713 ), #4015, .T. ) ;
#5557 = FACE_OUTER_BOUND ( 'NONE', #3535, .T. ) ;
#5558 = CIRCLE ( 'NONE', #1192, 0.005905511811023621965 ) ;
#5559 = PLANE ( 'NONE',  #4759 ) ;
#5560 = CARTESIAN_POINT ( 'NONE',  ( 0.04980888922789999951, -0.01377952755905503986, 0.01909448818897637595 ) ) ;
#5561 = LINE ( 'NONE', #3923, #4457 ) ;
#5562 = CARTESIAN_POINT ( 'NONE',  ( -0.08188976377952757180, -0.02165354330708653754, 0.02736220472440945017 ) ) ;
#5563 = ORIENTED_EDGE ( 'NONE', *, *, #7355, .T. ) ;
#5564 = ADVANCED_FACE ( 'NONE', ( #2310 ), #6408, .T. ) ;
#5565 = CARTESIAN_POINT ( 'NONE',  ( -0.07401574803149606196, -0.01968503937007873988, 0.08799212598425194820 ) ) ;
#5566 = EDGE_CURVE ( 'NONE', #5725, #6519, #3566, .T. ) ;
#5567 = STYLED_ITEM ( 'NONE', ( #3529 ), #2854 ) ;
#5568 = ORIENTED_EDGE ( 'NONE', *, *, #4590, .F. ) ;
#5569 = ORIENTED_EDGE ( 'NONE', *, *, #3565, .F. ) ;
#5570 = CARTESIAN_POINT ( 'NONE',  ( 0.002755905511811063482, -0.01968503937007862192, 0.03484251968503937480 ) ) ;
#5571 = CARTESIAN_POINT ( 'NONE',  ( 0.01190365910143582548, -0.01887447892542834862, 0.08799212598425197596 ) ) ;
#5572 = AXIS2_PLACEMENT_3D ( 'NONE', #7028, #3470, #3548 ) ;
#5573 = DIRECTION ( 'NONE',  ( -1.000000000000000000, 0.000000000000000000, 0.000000000000000000 ) ) ;
#5574 = EDGE_CURVE ( 'NONE', #3228, #501, #5916, .T. ) ;
#5575 = VECTOR ( 'NONE', #4518, 39.37007874015748143 ) ;
#5576 = ORIENTED_EDGE ( 'NONE', *, *, #5345, .T. ) ;
#5577 = ORIENTED_EDGE ( 'NONE', *, *, #3223, .F. ) ;
#5578 = FACE_OUTER_BOUND ( 'NONE', #6600, .T. ) ;
#5579 = VECTOR ( 'NONE', #1113, 39.37007874015748143 ) ;
#5580 = EDGE_CURVE ( 'NONE', #3796, #3159, #6922, .T. ) ;
#5581 = FILL_AREA_STYLE_COLOUR ( '', #1104 ) ;
#5582 = ORIENTED_EDGE ( 'NONE', *, *, #2846, .F. ) ;
#5583 =( GEOMETRIC_REPRESENTATION_CONTEXT ( 3 ) GLOBAL_UNCERTAINTY_ASSIGNED_CONTEXT ( ( #2168 ) ) GLOBAL_UNIT_ASSIGNED_CONTEXT ( ( #5614, #3909, #2734 ) ) REPRESENTATION_CONTEXT ( 'NONE', 'WORKASPACE' ) );
#5584 = VECTOR ( 'NONE', #1982, 39.37007874015748143 ) ;
#5585 = ORIENTED_EDGE ( 'NONE', *, *, #1458, .T. ) ;
#5586 = CARTESIAN_POINT ( 'NONE',  ( -0.09212598425196889818, -0.02559055118110227164, 0.08208661417322835052 ) ) ;
#5587 = CARTESIAN_POINT ( 'NONE',  ( -0.07401574803149606196, -0.01574803149606291558, 0.03484251968503937480 ) ) ;
#5588 = DIRECTION ( 'NONE',  ( -4.437342591868189654E-31, 1.224606353822379970E-16, 1.000000000000000000 ) ) ;
#5589 = ORIENTED_EDGE ( 'NONE', *, *, #3989, .F. ) ;
#5590 = CARTESIAN_POINT ( 'NONE',  ( 0.01283001389532191679, -0.02061139416396473578, 0.07460629921259842590 ) ) ;
#5591 = VECTOR ( 'NONE', #1264, 39.37007874015748143 ) ;
#5592 = FILL_AREA_STYLE ('',( #3326 ) ) ;
#5593 = ORIENTED_EDGE ( 'NONE', *, *, #955, .T. ) ;
#5594 = AXIS2_PLACEMENT_3D ( 'NONE', #2984, #6422, #4749 ) ;
#5595 = DIRECTION ( 'NONE',  ( -0.000000000000000000, 0.000000000000000000, 1.000000000000000000 ) ) ;
#5596 = CARTESIAN_POINT ( 'NONE',  ( -0.07007874015748032093, 0.000000000000000000, 0.000000000000000000 ) ) ;
#5597 = CARTESIAN_POINT ( 'NONE',  ( 0.03243176042908597900, -0.02559055118110224736, 0.02736220472440945017 ) ) ;
#5598 = DIRECTION ( 'NONE',  ( 0.000000000000000000, -1.000000000000000000, 0.000000000000000000 ) ) ;
#5599 = DIRECTION ( 'NONE',  ( 0.000000000000000000, 1.224606353822379970E-16, -1.000000000000000000 ) ) ;
#5600 = ORIENTED_EDGE ( 'NONE', *, *, #7039, .F. ) ;
#5601 = CARTESIAN_POINT ( 'NONE',  ( 0.02480314960629933368, -0.01377952755905503986, 0.03484251968503937480 ) ) ;
#5602 = AXIS2_PLACEMENT_3D ( 'NONE', #3138, #6536, #7183 ) ;
#5603 = ORIENTED_EDGE ( 'NONE', *, *, #5711, .T. ) ;
#5604 = ORIENTED_EDGE ( 'NONE', *, *, #7096, .F. ) ;
#5605 = EDGE_CURVE ( 'NONE', #1449, #6686, #7289, .T. ) ;
#5606 = CARTESIAN_POINT ( 'NONE',  ( -0.07401574803149606196, -0.02165354330708653754, 0.1135826771653543343 ) ) ;
#5607 = VECTOR ( 'NONE', #1252, 39.37007874015748854 ) ;
#5608 = CARTESIAN_POINT ( 'NONE',  ( 0.006692913385826772428, -0.02165354330708653754, 0.05885826771653544093 ) ) ;
#5609 = CARTESIAN_POINT ( 'NONE',  ( -0.01141732283464566566, -0.01220472440944874240, 0.3541384361838492145 ) ) ;
#5610 = ORIENTED_EDGE ( 'NONE', *, *, #3389, .F. ) ;
#5611 = EDGE_CURVE ( 'NONE', #4756, #4958, #2506, .T. ) ;
#5612 = VECTOR ( 'NONE', #598, 39.37007874015748143 ) ;
#5613 = CARTESIAN_POINT ( 'NONE',  ( 0.02480314960629933368, -0.01377952755905503986, 0.01909448818897637595 ) ) ;
#5614 =( CONVERSION_BASED_UNIT ( 'INCH', #2205 ) LENGTH_UNIT ( ) NAMED_UNIT ( #1155 ) );
#5615 = VERTEX_POINT ( 'NONE', #738 ) ;
#5616 = EDGE_LOOP ( 'NONE', ( #543, #3904, #5123, #7027 ) ) ;
#5617 = ADVANCED_FACE ( 'NONE', ( #1377 ), #174, .F. ) ;
#5618 = PRODUCT_DEFINITION ( 'UNKNOWN', '', #5796, #2552 ) ;
#5619 = ADVANCED_FACE ( 'NONE', ( #4249 ), #4206, .T. ) ;
#5620 = CARTESIAN_POINT ( 'NONE',  ( -0.08015284854099133383, -0.02061139416396472537, 0.09035433070866143168 ) ) ;
#5621 = CARTESIAN_POINT ( 'NONE',  ( -0.09212598425196889818, -0.01377952755905503986, 0.03484251968503937480 ) ) ;
#5622 = DIRECTION ( 'NONE',  ( 0.000000000000000000, 1.224606353822379970E-16, -1.000000000000000000 ) ) ;
#5623 = ORIENTED_EDGE ( 'NONE', *, *, #1764, .F. ) ;
#5624 = ORIENTED_EDGE ( 'NONE', *, *, #1266, .F. ) ;
#5625 = DIRECTION ( 'NONE',  ( 8.673617379884032317E-15, 1.000000000000000000, 0.000000000000000000 ) ) ;
#5626 = PRESENTATION_STYLE_ASSIGNMENT (( #1513 ) ) ;
#5627 =( NAMED_UNIT ( * ) SI_UNIT ( $, .STERADIAN. ) SOLID_ANGLE_UNIT ( ) );
#5628 = CARTESIAN_POINT ( 'NONE',  ( -0.08188976377952757180, -0.01968503937007866356, 0.09783464566929132855 ) ) ;
#5629 = CARTESIAN_POINT ( 'NONE',  ( 0.002755905511811065217, -0.02559055118110228552, 0.02500000000000000139 ) ) ;
#5630 = CARTESIAN_POINT ( 'NONE',  ( 0.01283001389532192719, -0.02061139416396473925, 0.09783464566929132855 ) ) ;
#5631 = DIRECTION ( 'NONE',  ( 0.000000000000000000, 1.224606353822379970E-16, -1.000000000000000000 ) ) ;
#5632 = EDGE_LOOP ( 'NONE', ( #2726, #863, #7452, #2698 ) ) ;
#5633 = FACE_OUTER_BOUND ( 'NONE', #5064, .T. ) ;
#5634 = ORIENTED_EDGE ( 'NONE', *, *, #2351, .F. ) ;
#5635 = EDGE_LOOP ( 'NONE', ( #2348, #5847, #157, #2073 ) ) ;
#5636 = DIRECTION ( 'NONE',  ( 0.000000000000000000, 1.000000000000000000, 0.000000000000000000 ) ) ;
#5637 = CARTESIAN_POINT ( 'NONE',  ( 0.04980888922789999951, -0.02559055118110228552, 0.04074803149606298636 ) ) ;
#5638 = DIRECTION ( 'NONE',  ( -1.000000000000000000, -0.000000000000000000, -0.000000000000000000 ) ) ;
#5639 = STYLED_ITEM ( 'NONE', ( #6949 ), #408 ) ;
#5640 = ADVANCED_FACE ( 'NONE', ( #3009 ), #6567, .T. ) ;
#5641 = EDGE_CURVE ( 'NONE', #901, #6834, #3534, .T. ) ;
#5642 = VERTEX_POINT ( 'NONE', #3126 ) ;
#5643 = AXIS2_PLACEMENT_3D ( 'NONE', #1988, #4893, #6677 ) ;
#5644 = UNCERTAINTY_MEASURE_WITH_UNIT (LENGTH_MEASURE( 1.000000000000000082E-05 ), #6420, 'distance_accuracy_value', 'NONE');
#5645 = AXIS2_PLACEMENT_3D ( 'NONE', #1053, #3337, #5673 ) ;
#5646 = EDGE_CURVE ( 'NONE', #293, #6875, #6525, .T. ) ;
#5647 = EDGE_LOOP ( 'NONE', ( #5286, #1007, #2314, #5876 ) ) ;
#5648 = VERTEX_POINT ( 'NONE', #693 ) ;
#5649 = DIRECTION ( 'NONE',  ( 0.000000000000000000, 1.000000000000000000, 1.224606353822379970E-16 ) ) ;
#5650 = AXIS2_PLACEMENT_3D ( 'NONE', #3026, #5857, #4143 ) ;
#5651 = CARTESIAN_POINT ( 'NONE',  ( 0.01283001389532191679, -0.02061139416396473578, 0.05885826771653544093 ) ) ;
#5652 = CARTESIAN_POINT ( 'NONE',  ( -0.01791338582677173136, 0.01141732283464570730, 0.1232283464566929221 ) ) ;
#5653 = VERTEX_POINT ( 'NONE', #1990 ) ;
#5654 = ORIENTED_EDGE ( 'NONE', *, *, #5051, .T. ) ;
#5655 = PLANE ( 'NONE',  #1821 ) ;
#5656 = CARTESIAN_POINT ( 'NONE',  ( -0.05590551181102362821, 0.01338582677165362292, 0.1218503937007874155 ) ) ;
#5657 = EDGE_CURVE ( 'NONE', #744, #3844, #3642, .T. ) ;
#5658 = EDGE_CURVE ( 'NONE', #5042, #590, #5952, .T. ) ;
#5659 = CIRCLE ( 'NONE', #1792, 0.005905511811023621965 ) ;
#5660 = DIRECTION ( 'NONE',  ( 0.000000000000000000, 0.000000000000000000, 1.000000000000000000 ) ) ;
#5661 = DIRECTION ( 'NONE',  ( 0.000000000000000000, 1.000000000000000000, 0.000000000000000000 ) ) ;
#5662 = CARTESIAN_POINT ( 'NONE',  ( -0.07575266327003267464, -0.02072718851320047226, 0.1135826771653543343 ) ) ;
#5663 = DIRECTION ( 'NONE',  ( 0.000000000000000000, 1.224606353822379970E-16, -1.000000000000000000 ) ) ;
#5664 = VECTOR ( 'NONE', #4354, 39.37007874015748143 ) ;
#5665 = DIRECTION ( 'NONE',  ( 0.000000000000000000, 1.224606353822379970E-16, -1.000000000000000000 ) ) ;
#5666 = VERTEX_POINT ( 'NONE', #7049 ) ;
#5667 = DIRECTION ( 'NONE',  ( 0.000000000000000000, -1.224606353822379970E-16, 1.000000000000000000 ) ) ;
#5668 = EDGE_CURVE ( 'NONE', #4637, #1407, #251, .T. ) ;
#5669 = CIRCLE ( 'NONE', #6887, 0.001968503937007873988 ) ;
#5670 = EDGE_LOOP ( 'NONE', ( #1314, #7286, #4551, #788 ) ) ;
#5671 = ORIENTED_EDGE ( 'NONE', *, *, #3264, .T. ) ;
#5672 = CARTESIAN_POINT ( 'NONE',  ( 0.01456692913385826751, -0.01968503937007866356, 0.08208661417322835052 ) ) ;
#5673 = DIRECTION ( 'NONE',  ( -1.000000000000000000, 0.000000000000000000, 0.000000000000000000 ) ) ;
#5674 = ORIENTED_EDGE ( 'NONE', *, *, #3969, .F. ) ;
#5675 = PLANE ( 'NONE',  #4581 ) ;
#5676 = VECTOR ( 'NONE', #5951, 39.37007874015748143 ) ;
#5677 = LINE ( 'NONE', #2099, #2680 ) ;
#5678 = EDGE_CURVE ( 'NONE', #6660, #5460, #5310, .T. ) ;
#5679 = VECTOR ( 'NONE', #5384, 39.37007874015748143 ) ;
#5680 = VERTEX_POINT ( 'NONE', #5297 ) ;
#5681 = DIRECTION ( 'NONE',  ( -1.000000000000000000, -3.552713678800500140E-15, -0.000000000000000000 ) ) ;
#5682 = CARTESIAN_POINT ( 'NONE',  ( 0.01456692913385826751, -0.01968503937007866356, 0.02736220472440945017 ) ) ;
#5683 = VECTOR ( 'NONE', #6659, 39.37007874015748143 ) ;
#5684 = DIRECTION ( 'NONE',  ( -1.000000000000000000, 2.168404344971008868E-15, 0.000000000000000000 ) ) ;
#5685 = EDGE_LOOP ( 'NONE', ( #2273, #3845, #1579, #6972 ) ) ;
#5686 = ORIENTED_EDGE ( 'NONE', *, *, #7081, .F. ) ;
#5687 = CARTESIAN_POINT ( 'NONE',  ( 0.009356183418249165024, -0.02246410375173678656, 0.04074803149606298636 ) ) ;
#5688 = VECTOR ( 'NONE', #4157, 39.37007874015748143 ) ;
#5689 = EDGE_CURVE ( 'NONE', #4640, #625, #4720, .T. ) ;
#5690 = LINE ( 'NONE', #3982, #3680 ) ;
#5691 = EDGE_CURVE ( 'NONE', #5984, #127, #4005, .T. ) ;
#5692 = CARTESIAN_POINT ( 'NONE',  ( -0.09212598425196889818, -0.03007883464566929108, 0.1131795707388752042 ) ) ;
#5693 = ORIENTED_EDGE ( 'NONE', *, *, #5829, .T. ) ;
#5694 = VERTEX_POINT ( 'NONE', #3408 ) ;
#5695 = CARTESIAN_POINT ( 'NONE',  ( -0.07007874015748032093, 0.000000000000000000, 0.000000000000000000 ) ) ;
#5696 =( NAMED_UNIT ( * ) SI_UNIT ( $, .STERADIAN. ) SOLID_ANGLE_UNIT ( ) );
#5697 = VECTOR ( 'NONE', #4564, 39.37007874015748854 ) ;
#5698 =( LENGTH_UNIT ( ) NAMED_UNIT ( * ) SI_UNIT ( $, .METRE. ) );
#5699 = PLANE ( 'NONE',  #1389 ) ;
#5700 = EDGE_CURVE ( 'NONE', #4448, #5111, #542, .T. ) ;
#5701 = DIRECTION ( 'NONE',  ( -1.000000000000000000, 0.000000000000000000, 0.000000000000000000 ) ) ;
#5703 = DIRECTION ( 'NONE',  ( 0.000000000000000000, -0.000000000000000000, -1.000000000000000000 ) ) ;
#5702 = AXIS2_PLACEMENT_3D ( 'NONE', #1358, #7147, #5516 ) ;
#5704 = PLANE ( 'NONE',  #7379 ) ;
#5705 = ORIENTED_EDGE ( 'NONE', *, *, #4525, .F. ) ;
#5706 = LINE ( 'NONE', #3263, #1102 ) ;
#5707 = AXIS2_PLACEMENT_3D ( 'NONE', #3601, #5992, #5874 ) ;
#5708 = ORIENTED_EDGE ( 'NONE', *, *, #319, .F. ) ;
#5709 = EDGE_LOOP ( 'NONE', ( #4384, #1543, #6754, #3500 ) ) ;
#5710 = CYLINDRICAL_SURFACE ( 'NONE', #6216, 0.005905511811023620231 ) ;
#5711 = EDGE_CURVE ( 'NONE', #4016, #3823, #288, .T. ) ;
#5712 = DIRECTION ( 'NONE',  ( 0.000000000000000000, 0.000000000000000000, -1.000000000000000000 ) ) ;
#5713 = CARTESIAN_POINT ( 'NONE',  ( 0.009356183418249208392, -0.02246410375173683166, 0.04311023622047244208 ) ) ;
#5714 = ORIENTED_EDGE ( 'NONE', *, *, #7331, .T. ) ;
#5715 = EDGE_LOOP ( 'NONE', ( #5920, #796, #6100, #2775 ) ) ;
#5716 = DIRECTION ( 'NONE',  ( -0.000000000000000000, -0.000000000000000000, -1.000000000000000000 ) ) ;
#5717 = CARTESIAN_POINT ( 'NONE',  ( 0.01456692913385826751, -0.01968503937007866356, 0.05059055118110235977 ) ) ;
#5718 = AXIS2_PLACEMENT_3D ( 'NONE', #5792, #4378, #620 ) ;
#5719 = ORIENTED_EDGE ( 'NONE', *, *, #2999, .T. ) ;
#5720 = CARTESIAN_POINT ( 'NONE',  ( -0.08188976377952757180, -0.01968503937007866356, 0.03484251968503937480 ) ) ;
#5721 = LENGTH_MEASURE_WITH_UNIT ( LENGTH_MEASURE( 0.02539999999999999897 ), #3417 );
#5722 = AXIS2_PLACEMENT_3D ( 'NONE', #2609, #3112, #1976 ) ;
#5723 = DIRECTION ( 'NONE',  ( 0.000000000000000000, 1.000000000000000000, 0.000000000000000000 ) ) ;
#5724 = ORIENTED_EDGE ( 'NONE', *, *, #4812, .F. ) ;
#5725 = VERTEX_POINT ( 'NONE', #2840 ) ;
#5726 = AXIS2_PLACEMENT_3D ( 'NONE', #3614, #6500, #6950 ) ;
#5727 = CARTESIAN_POINT ( 'NONE',  ( -0.07401574803149606196, -0.01968503937007873988, 0.1135826771653543482 ) ) ;
#5728 = CARTESIAN_POINT ( 'NONE',  ( -0.08188976377952757180, -0.01968503937007866356, 0.07224409448818898405 ) ) ;
#5729 = ORIENTED_EDGE ( 'NONE', *, *, #3492, .T. ) ;
#5730 = CARTESIAN_POINT ( 'NONE',  ( 0.04980888922789999951, -0.01574803149606291558, 0.09783464566929132855 ) ) ;
#5731 =( CONVERSION_BASED_UNIT ( 'INCH', #5850 ) LENGTH_UNIT ( ) NAMED_UNIT ( #5117 ) );
#5732 = ADVANCED_FACE ( 'NONE', ( #5747 ), #2374, .T. ) ;
#5733 = EDGE_CURVE ( 'NONE', #1956, #4288, #1725, .T. ) ;
#5734 = LINE ( 'NONE', #3434, #891 ) ;
#5735 =( LENGTH_UNIT ( ) NAMED_UNIT ( * ) SI_UNIT ( $, .METRE. ) );
#5736 = CARTESIAN_POINT ( 'NONE',  ( -0.1171317238735696958, -0.01377952755905503986, 0.1135826771653543343 ) ) ;
#5737 = CLOSED_SHELL ( 'NONE', ( #6078, #7320, #4284, #78, #4724, #172, #1398, #3444, #5556, #6331, #7455, #6783, #1492, #5851 ) ) ;
#5738 = DIRECTION ( 'NONE',  ( -0.000000000000000000, -1.224606353822379970E-16, 1.000000000000000000 ) ) ;
#5739 = DIRECTION ( 'NONE',  ( 0.000000000000000000, 1.224606353822379970E-16, -1.000000000000000000 ) ) ;
#5740 = DIRECTION ( 'NONE',  ( 0.000000000000000000, 0.000000000000000000, -1.000000000000000000 ) ) ;
#5741 = CARTESIAN_POINT ( 'NONE',  ( 0.008429828624363150044, -0.02072718851320049308, 0.1194881889763779736 ) ) ;
#5742 = ADVANCED_FACE ( 'NONE', ( #7037 ), #5140, .T. ) ;
#5743 = VERTEX_POINT ( 'NONE', #3479 ) ;
#5744 = ORIENTED_EDGE ( 'NONE', *, *, #5530, .T. ) ;
#5745 = LINE ( 'NONE', #3406, #1383 ) ;
#5746 = DIRECTION ( 'NONE',  ( 0.000000000000000000, -0.7071067811865420216, 0.7071067811865530128 ) ) ;
#5747 = FACE_OUTER_BOUND ( 'NONE', #226, .T. ) ;
#5748 = CARTESIAN_POINT ( 'NONE',  ( -0.05590551181102362821, 0.01141732283464560148, -0.2173488123630673563 ) ) ;
#5749 = DIRECTION ( 'NONE',  ( -0.000000000000000000, -1.224606353822379970E-16, 1.000000000000000000 ) ) ;
#5750 = EDGE_CURVE ( 'NONE', #6412, #6108, #7445, .T. ) ;
#5751 = EDGE_CURVE ( 'NONE', #1942, #5495, #6321, .T. ) ;
#5752 = EDGE_CURVE ( 'NONE', #3334, #7252, #6436, .T. ) ;
#5753 = AXIS2_PLACEMENT_3D ( 'NONE', #6993, #4717, #1853 ) ;
#5754 = ORIENTED_EDGE ( 'NONE', *, *, #5872, .T. ) ;
#5755 = CARTESIAN_POINT ( 'NONE',  ( -0.08188976377952757180, -0.01968503937007866356, 0.06633858267716535861 ) ) ;
#5756 = DIRECTION ( 'NONE',  ( -0.4705882352940230495, -0.8823529411765209662, 0.000000000000000000 ) ) ;
#5757 = DIRECTION ( 'NONE',  ( -0.000000000000000000, -1.224606353822379970E-16, 1.000000000000000000 ) ) ;
#5758 = ORIENTED_EDGE ( 'NONE', *, *, #1677, .T. ) ;
#5759 = VECTOR ( 'NONE', #4441, 39.37007874015748143 ) ;
#5760 = ORIENTED_EDGE ( 'NONE', *, *, #1514, .T. ) ;
#5761 = PLANE ( 'NONE',  #1779 ) ;
#5762 = ORIENTED_EDGE ( 'NONE', *, *, #4962, .F. ) ;
#5763 = SURFACE_STYLE_FILL_AREA ( #554 ) ;
#5764 = CARTESIAN_POINT ( 'NONE',  ( 0.01283001389532189077, -0.02061139416396472537, 0.04311023622047244208 ) ) ;
#5765 = ORIENTED_EDGE ( 'NONE', *, *, #409, .T. ) ;
#5766 = CARTESIAN_POINT ( 'NONE',  ( -0.07575266327003259137, -0.02072718851320056940, 0.03484251968503937480 ) ) ;
#5767 = VECTOR ( 'NONE', #7219, 39.37007874015748143 ) ;
#5768 = DIRECTION ( 'NONE',  ( -0.000000000000000000, -1.224606353822379970E-16, 1.000000000000000000 ) ) ;
#5769 = CARTESIAN_POINT ( 'NONE',  ( 0.01456692913385826751, -0.01968503937007866356, 0.04074803149606298636 ) ) ;
#5770 = CARTESIAN_POINT ( 'NONE',  ( 0.002755905511811067819, -0.01968503937007862192, 0.000000000000000000 ) ) ;
#5771 = DIRECTION ( 'NONE',  ( 0.000000000000000000, 0.000000000000000000, 1.000000000000000000 ) ) ;
#5772 = DIRECTION ( 'NONE',  ( 1.000000000000000000, 3.552713678800500140E-15, 0.000000000000000000 ) ) ;
#5773 = FACE_OUTER_BOUND ( 'NONE', #2238, .T. ) ;
#5774 = ORIENTED_EDGE ( 'NONE', *, *, #4301, .F. ) ;
#5775 = AXIS2_PLACEMENT_3D ( 'NONE', #3607, #3054, #4818 ) ;
#5776 = DIRECTION ( 'NONE',  ( 0.000000000000000000, 1.224606353822379970E-16, -1.000000000000000000 ) ) ;
#5777 = ORIENTED_EDGE ( 'NONE', *, *, #895, .F. ) ;
#5778 = CARTESIAN_POINT ( 'NONE',  ( 0.01190365910143582201, -0.01887447892542835209, 0.02736220472440945017 ) ) ;
#5779 = VECTOR ( 'NONE', #3632, 39.37007874015748143 ) ;
#5780 = CARTESIAN_POINT ( 'NONE',  ( -0.06692913385826770867, -0.02362204724409448786, 0.0007874015748031516554 ) ) ;
#5781 = LINE ( 'NONE', #7228, #3596 ) ;
#5782 = CARTESIAN_POINT ( 'NONE',  ( 0.01190365910143582548, -0.01887447892542834862, 0.04074803149606298636 ) ) ;
#5783 = EDGE_CURVE ( 'NONE', #509, #332, #6357, .T. ) ;
#5784 = EDGE_CURVE ( 'NONE', #5032, #22, #1165, .T. ) ;
#5785 = ORIENTED_EDGE ( 'NONE', *, *, #5038, .F. ) ;
#5786 = CARTESIAN_POINT ( 'NONE',  ( 0.008429828624363150044, -0.02072718851320047226, 0.04311023622047244208 ) ) ;
#5787 = ORIENTED_EDGE ( 'NONE', *, *, #2031, .T. ) ;
#5788 = FACE_BOUND ( 'NONE', #98, .T. ) ;
#5789 = VECTOR ( 'NONE', #6649, 39.37007874015748143 ) ;
#5790 = CARTESIAN_POINT ( 'NONE',  ( 0.04980888922789999951, -0.01574803149606291558, 0.03484251968503937480 ) ) ;
#5791 = ORIENTED_EDGE ( 'NONE', *, *, #3811, .F. ) ;
#5792 = CARTESIAN_POINT ( 'NONE',  ( -0.04940944881889763191, 0.01141732283464562923, 0.1232283464566929221 ) ) ;
#5793 = VECTOR ( 'NONE', #5638, 39.37007874015748143 ) ;
#5794 = EDGE_CURVE ( 'NONE', #4055, #6108, #2915, .T. ) ;
#5795 = SURFACE_SIDE_STYLE ('',( #4776 ) ) ;
#5796 = PRODUCT_DEFINITION_FORMATION_WITH_SPECIFIED_SOURCE ( 'ANY', '', #2667, .NOT_KNOWN. ) ;
#5797 = DIRECTION ( 'NONE',  ( -1.000000000000000000, 0.000000000000000000, 0.000000000000000000 ) ) ;
#5798 = VERTEX_POINT ( 'NONE', #5176 ) ;
#5799 = ORIENTED_EDGE ( 'NONE', *, *, #6832, .F. ) ;
#5800 = ORIENTED_EDGE ( 'NONE', *, *, #3399, .F. ) ;
#5801 = ORIENTED_EDGE ( 'NONE', *, *, #6701, .T. ) ;
#5802 = ADVANCED_FACE ( 'NONE', ( #2336 ), #1130, .F. ) ;
#5803 = EDGE_CURVE ( 'NONE', #1558, #5895, #4644, .T. ) ;
#5804 = PLANE ( 'NONE',  #7244 ) ;
#5805 = ORIENTED_EDGE ( 'NONE', *, *, #2519, .T. ) ;
#5806 = ORIENTED_EDGE ( 'NONE', *, *, #762, .F. ) ;
#5807 = FACE_OUTER_BOUND ( 'NONE', #410, .T. ) ;
#5808 = VECTOR ( 'NONE', #6476, 39.37007874015748143 ) ;
#5809 = CARTESIAN_POINT ( 'NONE',  ( -0.07401574803149606196, -0.02165354330708653754, 0.02500000000000000139 ) ) ;
#5810 = CARTESIAN_POINT ( 'NONE',  ( 0.002755905511811056544, -0.01377952755905503986, 0.08208661417322835052 ) ) ;
#5811 = CYLINDRICAL_SURFACE ( 'NONE', #6335, 0.001968503937007874856 ) ;
#5812 = LINE ( 'NONE', #5930, #6508 ) ;
#5813 = CARTESIAN_POINT ( 'NONE',  ( -0.07401574803149606196, -0.01574803149606291558, 0.07460629921259842590 ) ) ;
#5814 =( GEOMETRIC_REPRESENTATION_CONTEXT ( 3 ) GLOBAL_UNCERTAINTY_ASSIGNED_CONTEXT ( ( #3315 ) ) GLOBAL_UNIT_ASSIGNED_CONTEXT ( ( #6128, #1545, #5696 ) ) REPRESENTATION_CONTEXT ( 'NONE', 'WORKASPACE' ) );
#5815 = ORIENTED_EDGE ( 'NONE', *, *, #5529, .F. ) ;
#5816 = AXIS2_PLACEMENT_3D ( 'NONE', #6670, #849, #811 ) ;
#5817 = DIRECTION ( 'NONE',  ( -0.000000000000000000, -1.224606353822379970E-16, 1.000000000000000000 ) ) ;
#5818 = ORIENTED_EDGE ( 'NONE', *, *, #7088, .F. ) ;
#5819 = AXIS2_PLACEMENT_3D ( 'NONE', #5322, #145, #413 ) ;
#5820 = AXIS2_PLACEMENT_3D ( 'NONE', #3998, #1737, #6623 ) ;
#5821 = CARTESIAN_POINT ( 'NONE',  ( -0.07401574803149606196, -0.02165354330708653754, 0.07224409448818898405 ) ) ;
#5822 = DIRECTION ( 'NONE',  ( 0.000000000000000000, 1.000000000000000000, 1.224606353822379970E-16 ) ) ;
#5823 = DIRECTION ( 'NONE',  ( 0.000000000000000000, -1.000000000000000000, 0.000000000000000000 ) ) ;
#5824 = EDGE_CURVE ( 'NONE', #1907, #5181, #1777, .T. ) ;
#5825 = DIRECTION ( 'NONE',  ( -0.8823529411764704511, -0.4705882352941180846, 0.000000000000000000 ) ) ;
#5826 = CARTESIAN_POINT ( 'NONE',  ( -0.09212598425196878715, -0.02165354330708653754, 0.09783464566929132855 ) ) ;
#5827 = LINE ( 'NONE', #731, #5808 ) ;
#5828 = VECTOR ( 'NONE', #6394, 39.37007874015748143 ) ;
#5829 = EDGE_CURVE ( 'NONE', #5234, #3104, #2297, .T. ) ;
#5830 = LINE ( 'NONE', #1328, #4567 ) ;
#5831 = EDGE_CURVE ( 'NONE', #2522, #2380, #3519, .T. ) ;
#5832 = VERTEX_POINT ( 'NONE', #70 ) ;
#5833 = CARTESIAN_POINT ( 'NONE',  ( -0.09212598425196850960, -0.02559055118110228552, 0.05649606299212599214 ) ) ;
#5834 = AXIS2_PLACEMENT_3D ( 'NONE', #5887, #4703, #4592 ) ;
#5835 = CARTESIAN_POINT ( 'NONE',  ( 0.01456692913385826751, -0.01968503937007866356, 0.05649606299212599214 ) ) ;
#5836 = CARTESIAN_POINT ( 'NONE',  ( -0.07401574803149606196, -0.02165354330708653754, 0.05059055118110235977 ) ) ;
#5837 = EDGE_LOOP ( 'NONE', ( #5774, #4033, #177, #3427 ) ) ;
#5838 = AXIS2_PLACEMENT_3D ( 'NONE', #970, #5871, #128 ) ;
#5839 = ORIENTED_EDGE ( 'NONE', *, *, #3838, .T. ) ;
#5840 = EDGE_CURVE ( 'NONE', #756, #6369, #5734, .T. ) ;
#5841 = ORIENTED_EDGE ( 'NONE', *, *, #366, .T. ) ;
#5842 = ORIENTED_EDGE ( 'NONE', *, *, #1058, .T. ) ;
#5843 = CARTESIAN_POINT ( 'NONE',  ( 0.01456692913385826751, -0.01968503937007866356, 0.06633858267716535861 ) ) ;
#5844 = PLANE ( 'NONE',  #5545 ) ;
#5845 = VECTOR ( 'NONE', #6307, 39.37007874015748143 ) ;
#5846 = ORIENTED_EDGE ( 'NONE', *, *, #5060, .F. ) ;
#5847 = ORIENTED_EDGE ( 'NONE', *, *, #5062, .F. ) ;
#5848 = ORIENTED_EDGE ( 'NONE', *, *, #5269, .T. ) ;
#5849 = LINE ( 'NONE', #1685, #275 ) ;
#5850 = LENGTH_MEASURE_WITH_UNIT ( LENGTH_MEASURE( 0.02539999999999999897 ), #3430 );
#5851 = ADVANCED_FACE ( 'NONE', ( #6460 ), #32, .F. ) ;
#5852 = VECTOR ( 'NONE', #2904, 39.37007874015749564 ) ;
#5853 = EDGE_CURVE ( 'NONE', #7252, #4508, #1368, .T. ) ;
#5854 = LINE ( 'NONE', #5279, #1494 ) ;
#5855 = CARTESIAN_POINT ( 'NONE',  ( -0.07401574803149606196, -0.02165354330708653754, 0.05059055118110235977 ) ) ;
#5856 = LINE ( 'NONE', #4142, #2831 ) ;
#5857 = DIRECTION ( 'NONE',  ( 0.000000000000000000, 1.224606353822379970E-16, -1.000000000000000000 ) ) ;
#5858 = DIRECTION ( 'NONE',  ( 0.000000000000000000, 1.224606353822379970E-16, -1.000000000000000000 ) ) ;
#5859 = VERTEX_POINT ( 'NONE', #4060 ) ;
#5860 = CARTESIAN_POINT ( 'NONE',  ( 0.002755905511811056110, -0.01574803149606291558, 0.01909448818897637595 ) ) ;
#5861 = ORIENTED_EDGE ( 'NONE', *, *, #4882, .T. ) ;
#5862 = ORIENTED_EDGE ( 'NONE', *, *, #5144, .F. ) ;
#5863 = LINE ( 'NONE', #3515, #1756 ) ;
#5864 = DIRECTION ( 'NONE',  ( -1.000000000000000000, 3.675174314182740233E-15, 0.000000000000000000 ) ) ;
#5865 = CARTESIAN_POINT ( 'NONE',  ( -0.06811023622047243653, 0.01929133858267705059, 0.001968503937007873988 ) ) ;
#5866 = DIRECTION ( 'NONE',  ( 0.000000000000000000, -1.000000000000000000, -1.224606353822379970E-16 ) ) ;
#5867 = FACE_OUTER_BOUND ( 'NONE', #136, .T. ) ;
#5868 = DIRECTION ( 'NONE',  ( 1.000000000000000000, -0.000000000000000000, 0.000000000000000000 ) ) ;
#5869 = DIRECTION ( 'NONE',  ( 3.552713678800500140E-15, -1.000000000000000000, 0.000000000000000000 ) ) ;
#5870 = ORIENTED_EDGE ( 'NONE', *, *, #404, .F. ) ;
#5871 = DIRECTION ( 'NONE',  ( -1.000000000000000000, 3.552713678800500140E-15, 4.350675744370770171E-31 ) ) ;
#5872 = EDGE_CURVE ( 'NONE', #4875, #2346, #2575, .T. ) ;
#5873 = EDGE_CURVE ( 'NONE', #5449, #7188, #36, .T. ) ;
#5874 = DIRECTION ( 'NONE',  ( -1.000000000000000000, 2.168404344971008868E-15, 0.000000000000000000 ) ) ;
#5875 = ORIENTED_EDGE ( 'NONE', *, *, #6901, .F. ) ;
#5876 = ORIENTED_EDGE ( 'NONE', *, *, #5269, .F. ) ;
#5877 = VERTEX_POINT ( 'NONE', #2862 ) ;
#5878 = ORIENTED_EDGE ( 'NONE', *, *, #5700, .F. ) ;
#5879 = DIRECTION ( 'NONE',  ( 1.000000000000000000, 0.000000000000000000, 0.000000000000000000 ) ) ;
#5880 = EDGE_CURVE ( 'NONE', #399, #3168, #4027, .T. ) ;
#5881 = EDGE_CURVE ( 'NONE', #1089, #3181, #581, .T. ) ;
#5882 = ORIENTED_EDGE ( 'NONE', *, *, #4762, .F. ) ;
#5883 = CARTESIAN_POINT ( 'NONE',  ( -0.07007874015748032093, -0.02559055118110228552, 0.1194881889763779736 ) ) ;
#5884 = VECTOR ( 'NONE', #4557, 39.37007874015748143 ) ;
#5885 = CARTESIAN_POINT ( 'NONE',  ( 0.01456692913385826925, -0.02559055118110228552, 0.07460629921259842590 ) ) ;
#5886 = EDGE_CURVE ( 'NONE', #5313, #7408, #997, .T. ) ;
#5887 = CARTESIAN_POINT ( 'NONE',  ( -0.01141732283464574893, 0.01929133858267724488, 0.01535433070866141884 ) ) ;
#5888 = PLANE ( 'NONE',  #216 ) ;
#5889 = VECTOR ( 'NONE', #6043, 39.37007874015748143 ) ;
#5890 = CARTESIAN_POINT ( 'NONE',  ( 0.002755905511810943353, 0.01732283464566941253, 0.1346456692913385877 ) ) ;
#5891 = CARTESIAN_POINT ( 'NONE',  ( 0.01456692913385826751, -0.02165354330708653754, 0.05059055118110235977 ) ) ;
#5892 = VERTEX_POINT ( 'NONE', #7023 ) ;
#5893 = EDGE_CURVE ( 'NONE', #3104, #2488, #2322, .T. ) ;
#5894 = CARTESIAN_POINT ( 'NONE',  ( 0.006692913385826772428, -0.01574803149606291558, 0.04074803149606298636 ) ) ;
#5895 = VERTEX_POINT ( 'NONE', #6948 ) ;
#5896 = EDGE_CURVE ( 'NONE', #3375, #2346, #5854, .T. ) ;
#5897 = CARTESIAN_POINT ( 'NONE',  ( 0.006692913385826772428, -0.01574803149606291558, 0.02500000000000000139 ) ) ;
#5898 = VERTEX_POINT ( 'NONE', #108 ) ;
#5899 = VECTOR ( 'NONE', #2415, 39.37007874015748143 ) ;
#5900 = ORIENTED_EDGE ( 'NONE', *, *, #6762, .T. ) ;
#5901 = CYLINDRICAL_SURFACE ( 'NONE', #4044, 0.001968503937007874856 ) ;
#5902 = CARTESIAN_POINT ( 'NONE',  ( -0.06811023622047243653, -0.001181102362204724393, 0.1366141732283464860 ) ) ;
#5903 = CARTESIAN_POINT ( 'NONE',  ( 0.006692913385826772428, -0.02165354330708653754, 0.07460629921259842590 ) ) ;
#5904 = PLANE ( 'NONE',  #7469 ) ;
#5905 = VECTOR ( 'NONE', #3887, 39.37007874015748143 ) ;
#5906 = AXIS2_PLACEMENT_3D ( 'NONE', #6236, #5091, #5660 ) ;
#5907 = ADVANCED_FACE ( 'NONE', ( #147 ), #1727, .F. ) ;
#5908 = CARTESIAN_POINT ( 'NONE',  ( -0.08015284854099133383, -0.02061139416396472537, 0.1061023622047244097 ) ) ;
#5909 = LINE ( 'NONE', #1247, #5080 ) ;
#5910 = AXIS2_PLACEMENT_3D ( 'NONE', #2976, #3016, #5272 ) ;
#5911 = CARTESIAN_POINT ( 'NONE',  ( 0.01456692913385826751, -0.01968503937007866356, 0.1218503937007874155 ) ) ;
#5912 = ORIENTED_EDGE ( 'NONE', *, *, #2521, .T. ) ;
#5913 = DIRECTION ( 'NONE',  ( 0.000000000000000000, 0.000000000000000000, 1.000000000000000000 ) ) ;
#5914 = DIRECTION ( 'NONE',  ( -1.000000000000000000, 0.000000000000000000, 0.000000000000000000 ) ) ;
#5915 = STYLED_ITEM ( 'NONE', ( #4862 ), #2706 ) ;
#5916 = LINE ( 'NONE', #1946, #3896 ) ;
#5917 = ORIENTED_EDGE ( 'NONE', *, *, #6293, .F. ) ;
#5918 = VERTEX_POINT ( 'NONE', #6344 ) ;
#5919 = DIRECTION ( 'NONE',  ( -0.000000000000000000, 1.000000000000000000, 1.224606353822379970E-16 ) ) ;
#5920 = ORIENTED_EDGE ( 'NONE', *, *, #3379, .F. ) ;
#5921 = FACE_OUTER_BOUND ( 'NONE', #2052, .T. ) ;
#5922 = CARTESIAN_POINT ( 'NONE',  ( -0.07007874015748030705, 0.01732283464566929110, 0.003937007874015738436 ) ) ;
#5923 = CIRCLE ( 'NONE', #3157, 0.001968503937007873988 ) ;
#5924 = ADVANCED_FACE ( 'NONE', ( #560 ), #5161, .F. ) ;
#5925 = EDGE_CURVE ( 'NONE', #4224, #182, #1268, .T. ) ;
#5926 = PLANE ( 'NONE',  #4997 ) ;
#5927 = CARTESIAN_POINT ( 'NONE',  ( -0.06692913385826770867, -0.01968503937007873988, -0.2362204724409449064 ) ) ;
#5928 = AXIS2_PLACEMENT_3D ( 'NONE', #1734, #4105, #6349 ) ;
#5929 = PLANE ( 'NONE',  #5726 ) ;
#5930 = CARTESIAN_POINT ( 'NONE',  ( -0.07007874015748032093, -0.01968503937007873988, -0.2362204724409449064 ) ) ;
#5931 = EDGE_LOOP ( 'NONE', ( #2409, #3381, #2128, #514 ) ) ;
#5932 = CARTESIAN_POINT ( 'NONE',  ( -0.07575266327003267464, -0.02072718851320047226, 0.05885826771653544093 ) ) ;
#5933 = ORIENTED_EDGE ( 'NONE', *, *, #1411, .F. ) ;
#5934 = LINE ( 'NONE', #6008, #6679 ) ;
#5935 = VECTOR ( 'NONE', #3659, 39.37007874015748143 ) ;
#5936 = VERTEX_POINT ( 'NONE', #4140 ) ;
#5937 = DIRECTION ( 'NONE',  ( 0.000000000000000000, -1.000000000000000000, -1.224606353822379970E-16 ) ) ;
#5938 = CARTESIAN_POINT ( 'NONE',  ( 0.01456692913385826925, -0.02559055118110228552, 0.1135826771653543343 ) ) ;
#5939 = DIRECTION ( 'NONE',  ( 0.000000000000000000, 1.000000000000000000, 0.000000000000000000 ) ) ;
#5941 = DIRECTION ( 'NONE',  ( -3.552713678800500140E-15, 1.000000000000000000, 0.000000000000000000 ) ) ;
#5940 = AXIS2_PLACEMENT_3D ( 'NONE', #4216, #7176, #4699 ) ;
#5942 = CARTESIAN_POINT ( 'NONE',  ( -0.07401574803149606196, -0.02165354330708653754, 0.09035433070866143168 ) ) ;
#5943 = LINE ( 'NONE', #5385, #7159 ) ;
#5944 = VECTOR ( 'NONE', #568, 39.37007874015748143 ) ;
#5945 = DIRECTION ( 'NONE',  ( 0.000000000000000000, 0.000000000000000000, -1.000000000000000000 ) ) ;
#5946 = EDGE_CURVE ( 'NONE', #2624, #151, #710, .T. ) ;
#5947 = ORIENTED_EDGE ( 'NONE', *, *, #394, .F. ) ;
#5948 = CARTESIAN_POINT ( 'NONE',  ( 0.01283001389532193066, -0.02061139416396472537, 0.1135826771653543343 ) ) ;
#5949 = LINE ( 'NONE', #2468, #5037 ) ;
#5951 = DIRECTION ( 'NONE',  ( 0.000000000000000000, 1.000000000000000000, 1.224606353822379970E-16 ) ) ;
#5950 = VECTOR ( 'NONE', #790, 39.37007874015748143 ) ;
#5952 = LINE ( 'NONE', #6445, #6565 ) ;
#5953 = ORIENTED_EDGE ( 'NONE', *, *, #5531, .T. ) ;
#5954 = VECTOR ( 'NONE', #7008, 39.37007874015748854 ) ;
#5955 = ORIENTED_EDGE ( 'NONE', *, *, #2692, .T. ) ;
#5956 = CARTESIAN_POINT ( 'NONE',  ( 0.04980888922789999951, -0.01574803149606291558, 0.06633858267716535861 ) ) ;
#5957 = ORIENTED_EDGE ( 'NONE', *, *, #2223, .T. ) ;
#5958 = CARTESIAN_POINT ( 'NONE',  ( -0.05590551181102362821, 0.01141732283464574893, 0.02066471342245007961 ) ) ;
#5959 = ORIENTED_EDGE ( 'NONE', *, *, #7377, .T. ) ;
#5960 = DIRECTION ( 'NONE',  ( 0.000000000000000000, 0.000000000000000000, -1.000000000000000000 ) ) ;
#5961 = LINE ( 'NONE', #6576, #6070 ) ;
#5962 = DIRECTION ( 'NONE',  ( 1.000000000000000000, -0.000000000000000000, 0.000000000000000000 ) ) ;
#5963 = AXIS2_PLACEMENT_3D ( 'NONE', #2197, #1022, #3900 ) ;
#5964 = CARTESIAN_POINT ( 'NONE',  ( -0.07667901806391835828, -0.02246410375173656104, 0.1037401574803149540 ) ) ;
#5965 = DIRECTION ( 'NONE',  ( 0.000000000000000000, -1.000000000000000000, 0.000000000000000000 ) ) ;
#5966 = LINE ( 'NONE', #3735, #5767 ) ;
#5967 = VERTEX_POINT ( 'NONE', #3023 ) ;
#5968 = ORIENTED_EDGE ( 'NONE', *, *, #1686, .T. ) ;
#5969 = DIRECTION ( 'NONE',  ( -1.000000000000000000, 0.000000000000000000, 0.000000000000000000 ) ) ;
#5970 = ORIENTED_EDGE ( 'NONE', *, *, #5172, .F. ) ;
#5971 = EDGE_CURVE ( 'NONE', #368, #143, #2443, .T. ) ;
#5972 = CARTESIAN_POINT ( 'NONE',  ( 0.006692913385826772428, -0.02165354330708653754, 0.1218503937007874155 ) ) ;
#5973 = ADVANCED_FACE ( 'NONE', ( #1765 ), #5926, .F. ) ;
#5974 = EDGE_LOOP ( 'NONE', ( #3622, #218, #1380, #2960, #3687, #2588 ) ) ;
#5975 = AXIS2_PLACEMENT_3D ( 'NONE', #2116, #1477, #1518 ) ;
#5976 = EDGE_LOOP ( 'NONE', ( #5304, #2603, #2025, #2841 ) ) ;
#5977 = FILL_AREA_STYLE_COLOUR ( '', #2043 ) ;
#5978 = AXIS2_PLACEMENT_3D ( 'NONE', #3734, #2484, #5443 ) ;
#5979 = LINE ( 'NONE', #7197, #6499 ) ;
#5980 = CARTESIAN_POINT ( 'NONE',  ( -0.04940944881889763884, 0.01929133858267740795, 0.01929133858267716162 ) ) ;
#5981 = CARTESIAN_POINT ( 'NONE',  ( -0.08188976377952757180, -0.02559055118110227164, 0.1037401574803149540 ) ) ;
#5982 = CARTESIAN_POINT ( 'NONE',  ( 0.01456692913385826925, -0.02559055118110228552, 0.08208661417322835052 ) ) ;
#5983 = EDGE_CURVE ( 'NONE', #2868, #1449, #264, .T. ) ;
#5984 = VERTEX_POINT ( 'NONE', #3693 ) ;
#5985 = ORIENTED_EDGE ( 'NONE', *, *, #998, .T. ) ;
#5986 = CYLINDRICAL_SURFACE ( 'NONE', #2211, 0.001968503937007874856 ) ;
#5987 = CARTESIAN_POINT ( 'NONE',  ( -0.08188976377952757180, -0.02559055118110225777, 0.05885826771653544093 ) ) ;
#5988 = DIRECTION ( 'NONE',  ( -8.673617379884032317E-15, 1.000000000000000000, 0.000000000000000000 ) ) ;
#5989 = EDGE_CURVE ( 'NONE', #5076, #1790, #5401, .T. ) ;
#5990 = EDGE_CURVE ( 'NONE', #3216, #3644, #6497, .T. ) ;
#5991 = EDGE_CURVE ( 'NONE', #1640, #4946, #792, .T. ) ;
#5992 = DIRECTION ( 'NONE',  ( -0.000000000000000000, -0.000000000000000000, 1.000000000000000000 ) ) ;
#5993 = ORIENTED_EDGE ( 'NONE', *, *, #2969, .F. ) ;
#5994 = LINE ( 'NONE', #5956, #4937 ) ;
#5995 = ORIENTED_EDGE ( 'NONE', *, *, #2500, .F. ) ;
#5996 = DIRECTION ( 'NONE',  ( -1.000000000000000000, 0.000000000000000000, 0.000000000000000000 ) ) ;
#5997 = ORIENTED_EDGE ( 'NONE', *, *, #2155, .T. ) ;
#5998 = CYLINDRICAL_SURFACE ( 'NONE', #751, 0.001968503937007873988 ) ;
#5999 = DIRECTION ( 'NONE',  ( -0.4705882352941179736, -0.8823529411764702290, 0.000000000000000000 ) ) ;
#6000 = CLOSED_SHELL ( 'NONE', ( #2361, #3459, #6816, #4204, #6405, #1248, #5640, #3086, #2257, #2282, #2194, #5355, #5059, #165 ) ) ;
#6001 = DIRECTION ( 'NONE',  ( 0.000000000000000000, -1.000000000000000000, -1.224606353822379970E-16 ) ) ;
#6002 = CARTESIAN_POINT ( 'NONE',  ( -0.08188976377952757180, -0.02559055118110225777, 0.02736220472440945017 ) ) ;
#6003 = CARTESIAN_POINT ( 'NONE',  ( 0.006692913385826772428, -0.02165354330708653754, 0.1037401574803149540 ) ) ;
#6004 = VERTEX_POINT ( 'NONE', #3060 ) ;
#6005 = ORIENTED_EDGE ( 'NONE', *, *, #6856, .T. ) ;
#6006 = CARTESIAN_POINT ( 'NONE',  ( -0.07007874015748032093, -0.01968503937007873988, 0.04074803149606297942 ) ) ;
#6007 = ORIENTED_EDGE ( 'NONE', *, *, #4079, .F. ) ;
#6008 = CARTESIAN_POINT ( 'NONE',  ( -0.07922649374710512282, -0.01887447892542834862, 0.08799212598425197596 ) ) ;
#6009 = ORIENTED_EDGE ( 'NONE', *, *, #3079, .T. ) ;
#6010 = VECTOR ( 'NONE', #7163, 39.37007874015748854 ) ;
#6011 = CARTESIAN_POINT ( 'NONE',  ( -0.01141732283464574893, 0.01141732283464574893, 0.01535433070866141884 ) ) ;
#6012 = CARTESIAN_POINT ( 'NONE',  ( -0.05587038007015290852, -0.01261060923215921899, 0.1137270453591592012 ) ) ;
#6013 = DIRECTION ( 'NONE',  ( 0.000000000000000000, 1.000000000000000000, 0.000000000000000000 ) ) ;
#6014 = DIRECTION ( 'NONE',  ( -1.000000000000000000, -3.552713678800500140E-15, -0.000000000000000000 ) ) ;
#6015 = CARTESIAN_POINT ( 'NONE',  ( 0.01456692913385826751, -0.01968503937007866356, 0.1061023622047244097 ) ) ;
#6016 = VECTOR ( 'NONE', #1700, 39.37007874015748143 ) ;
#6017 = LINE ( 'NONE', #3229, #2795 ) ;
#6018 = ORIENTED_EDGE ( 'NONE', *, *, #2520, .F. ) ;
#6019 = ORIENTED_EDGE ( 'NONE', *, *, #2225, .F. ) ;
#6020 = AXIS2_PLACEMENT_3D ( 'NONE', #6003, #7102, #5511 ) ;
#6021 = ADVANCED_FACE ( 'NONE', ( #4903 ), #6080, .T. ) ;
#6022 = LINE ( 'NONE', #3160, #2100 ) ;
#6023 = VECTOR ( 'NONE', #7332, 39.37007874015748143 ) ;
#6024 = ADVANCED_FACE ( 'NONE', ( #3772 ), #4826, .T. ) ;
#6025 = CARTESIAN_POINT ( 'NONE',  ( -0.07575266327003248035, -0.02072718851320058328, 0.05885826771653544093 ) ) ;
#6026 = CYLINDRICAL_SURFACE ( 'NONE', #603, 0.001968503937007873988 ) ;
#6027 = AXIS2_PLACEMENT_3D ( 'NONE', #5728, #2858, #743 ) ;
#6028 = ORIENTED_EDGE ( 'NONE', *, *, #1825, .F. ) ;
#6029 = EDGE_CURVE ( 'NONE', #5333, #496, #6577, .T. ) ;
#6030 = AXIS2_PLACEMENT_3D ( 'NONE', #3037, #5342, #3706 ) ;
#6031 = ORIENTED_EDGE ( 'NONE', *, *, #2152, .T. ) ;
#6032 =( BOUNDED_CURVE ( )  B_SPLINE_CURVE ( 3, ( #4465, #5105, #1129, #2764 ),
 .UNSPECIFIED., .F., .F. ) 
 B_SPLINE_CURVE_WITH_KNOTS ( ( 4, 4 ),
 ( 0.1726814916180043347, 1.570796326794894560 ),
 .UNSPECIFIED. ) 
 CURVE ( )  GEOMETRIC_REPRESENTATION_ITEM ( )  RATIONAL_B_SPLINE_CURVE ( ( 1.000000000000000000, 0.8436327171262281155, 0.8436327171262281155, 1.000000000000000000 ) ) 
 REPRESENTATION_ITEM ( '' )  );
#6033 = CARTESIAN_POINT ( 'NONE',  ( -0.07667901806391835828, -0.02246410375173656104, 0.06633858267716535861 ) ) ;
#6034 = LINE ( 'NONE', #5471, #5789 ) ;
#6035 = VERTEX_POINT ( 'NONE', #6614 ) ;
#6036 = CARTESIAN_POINT ( 'NONE',  ( 0.04980888922789999951, -0.01574803149606291558, 0.04074803149606298636 ) ) ;
#6037 = CARTESIAN_POINT ( 'NONE',  ( 0.02480314960629933368, -0.02559055118110225083, 0.1061023622047244097 ) ) ;
#6038 = VECTOR ( 'NONE', #3798, 39.37007874015748143 ) ;
#6039 = DIMENSIONAL_EXPONENTS ( 1.000000000000000000, 0.000000000000000000, 0.000000000000000000, 0.000000000000000000, 0.000000000000000000, 0.000000000000000000, 0.000000000000000000 ) ;
#6040 = CARTESIAN_POINT ( 'NONE',  ( -0.07007874015748032093, 0.000000000000000000, 0.000000000000000000 ) ) ;
#6041 = ADVANCED_FACE ( 'NONE', ( #4938 ), #3100, .F. ) ;
#6042 = VERTEX_POINT ( 'NONE', #4787 ) ;
#6043 = DIRECTION ( 'NONE',  ( -0.000000000000000000, -1.224606353822379970E-16, 1.000000000000000000 ) ) ;
#6044 = CARTESIAN_POINT ( 'NONE',  ( -0.09212598425196850960, -0.02165354330708653754, 0.04074803149606298636 ) ) ;
#6045 = CARTESIAN_POINT ( 'NONE',  ( 0.02480314960629929552, -0.02165354330708653754, 0.1194881889763779875 ) ) ;
#6046 = ORIENTED_EDGE ( 'NONE', *, *, #6793, .T. ) ;
#6047 = AXIS2_PLACEMENT_3D ( 'NONE', #5300, #3038, #3592 ) ;
#6048 = ORIENTED_EDGE ( 'NONE', *, *, #1723, .T. ) ;
#6049 = DIRECTION ( 'NONE',  ( -0.000000000000000000, -1.224606353822379970E-16, 1.000000000000000000 ) ) ;
#6050 = EDGE_LOOP ( 'NONE', ( #5007, #4687, #761, #2723 ) ) ;
#6051 = DIRECTION ( 'NONE',  ( 0.000000000000000000, 0.000000000000000000, -1.000000000000000000 ) ) ;
#6052 = ORIENTED_EDGE ( 'NONE', *, *, #4471, .T. ) ;
#6053 = VECTOR ( 'NONE', #2793, 39.37007874015748143 ) ;
#6054 =( LENGTH_UNIT ( ) NAMED_UNIT ( * ) SI_UNIT ( $, .METRE. ) );
#6055 = DIRECTION ( 'NONE',  ( -0.000000000000000000, -0.000000000000000000, 1.000000000000000000 ) ) ;
#6056 = PLANE ( 'NONE',  #1174 ) ;
#6057 = CARTESIAN_POINT ( 'NONE',  ( -0.07922649374710512282, -0.01887447892542838679, 0.1194881889763779736 ) ) ;
#6058 = DIRECTION ( 'NONE',  ( 0.000000000000000000, 0.000000000000000000, -1.000000000000000000 ) ) ;
#6059 = AXIS2_PLACEMENT_3D ( 'NONE', #2636, #4944, #3253 ) ;
#6060 = DIRECTION ( 'NONE',  ( 0.000000000000000000, 1.000000000000000000, 0.000000000000000000 ) ) ;
#6061 = ORIENTED_EDGE ( 'NONE', *, *, #713, .F. ) ;
#6062 = VECTOR ( 'NONE', #2963, 39.37007874015748143 ) ;
#6063 = ORIENTED_EDGE ( 'NONE', *, *, #5881, .F. ) ;
#6064 = FACE_OUTER_BOUND ( 'NONE', #1124, .T. ) ;
#6065 = DIRECTION ( 'NONE',  ( -0.000000000000000000, -1.224606353822379970E-16, 1.000000000000000000 ) ) ;
#6066 = LINE ( 'NONE', #926, #6286 ) ;
#6067 = AXIS2_PLACEMENT_3D ( 'NONE', #7233, #6557, #6060 ) ;
#6068 = ADVANCED_FACE ( 'NONE', ( #1429 ), #1307, .F. ) ;
#6069 = EDGE_LOOP ( 'NONE', ( #1178, #523, #1369, #4323, #2917, #7146, #930, #2589, #2528, #6350 ) ) ;
#6070 = VECTOR ( 'NONE', #1388, 39.37007874015748143 ) ;
#6071 = VECTOR ( 'NONE', #315, 39.37007874015748143 ) ;
#6072 = ORIENTED_EDGE ( 'NONE', *, *, #4377, .F. ) ;
#6073 = DIRECTION ( 'NONE',  ( -1.000000000000000000, 0.000000000000000000, -0.000000000000000000 ) ) ;
#6074 = DIRECTION ( 'NONE',  ( -0.000000000000000000, -0.000000000000000000, 1.000000000000000000 ) ) ;
#6075 = ORIENTED_EDGE ( 'NONE', *, *, #6444, .F. ) ;
#6076 = CARTESIAN_POINT ( 'NONE',  ( 0.01456692913385826925, -0.02559055118110228552, 0.04311023622047244208 ) ) ;
#6077 = CARTESIAN_POINT ( 'NONE',  ( 0.02480314960629930940, -0.02559055118110224736, 0.04074803149606298636 ) ) ;
#6078 = ADVANCED_FACE ( 'NONE', ( #3209 ), #830, .F. ) ;
#6079 = VECTOR ( 'NONE', #7166, 39.37007874015748143 ) ;
#6080 = CYLINDRICAL_SURFACE ( 'NONE', #6323, 0.005905511811023621965 ) ;
#6081 =( NAMED_UNIT ( * ) SI_UNIT ( $, .STERADIAN. ) SOLID_ANGLE_UNIT ( ) );
#6082 = CARTESIAN_POINT ( 'NONE',  ( -0.01141732283464566913, -0.01261060923215897613, 0.02485563180619511717 ) ) ;
#6083 = LINE ( 'NONE', #4829, #586 ) ;
#6084 = ORIENTED_EDGE ( 'NONE', *, *, #749, .T. ) ;
#6085 = VERTEX_POINT ( 'NONE', #2001 ) ;
#6086 = FACE_OUTER_BOUND ( 'NONE', #2239, .T. ) ;
#6087 = EDGE_LOOP ( 'NONE', ( #3742, #456, #2434, #720 ) ) ;
#6088 = FACE_OUTER_BOUND ( 'NONE', #2267, .T. ) ;
#6089 = ADVANCED_FACE ( 'NONE', ( #5366 ), #3731, .F. ) ;
#6090 = VERTEX_POINT ( 'NONE', #3652 ) ;
#6091 = EDGE_CURVE ( 'NONE', #877, #5859, #4219, .T. ) ;
#6092 = ADVANCED_FACE ( 'NONE', ( #338 ), #1919, .F. ) ;
#6093 = AXIS2_PLACEMENT_3D ( 'NONE', #991, #7238, #6676 ) ;
#6094 = DIRECTION ( 'NONE',  ( -1.000000000000000000, 0.000000000000000000, -0.000000000000000000 ) ) ;
#6095 = CARTESIAN_POINT ( 'NONE',  ( 0.03243176042908597900, -0.02559055118110224736, 0.04311023622047244208 ) ) ;
#6096 = DIRECTION ( 'NONE',  ( 0.000000000000000000, -0.000000000000000000, -1.000000000000000000 ) ) ;
#6097 = FACE_OUTER_BOUND ( 'NONE', #1026, .T. ) ;
#6099 = DIRECTION ( 'NONE',  ( 0.000000000000000000, -0.000000000000000000, -1.000000000000000000 ) ) ;
#6098 = CIRCLE ( 'NONE', #3081, 0.001968503937007874856 ) ;
#6100 = ORIENTED_EDGE ( 'NONE', *, *, #680, .T. ) ;
#6101 = CYLINDRICAL_SURFACE ( 'NONE', #278, 0.005905511811023620231 ) ;
#6102 = EDGE_CURVE ( 'NONE', #969, #5642, #304, .T. ) ;
#6103 = ORIENTED_EDGE ( 'NONE', *, *, #1827, .T. ) ;
#6104 = ORIENTED_EDGE ( 'NONE', *, *, #7407, .T. ) ;
#6105 = DIRECTION ( 'NONE',  ( -0.7071067811865470176, 0.000000000000000000, -0.7071067811865480168 ) ) ;
#6106 = DIRECTION ( 'NONE',  ( 0.000000000000000000, 1.224606353822379970E-16, -1.000000000000000000 ) ) ;
#6107 = CARTESIAN_POINT ( 'NONE',  ( 0.009356183418249165024, -0.02246410375173678656, 0.1194881889763779736 ) ) ;
#6108 = VERTEX_POINT ( 'NONE', #5147 ) ;
#6109 = ADVANCED_FACE ( 'NONE', ( #4577 ), #6934, .F. ) ;
#6110 = EDGE_CURVE ( 'NONE', #505, #5877, #2669, .T. ) ;
#6111 = DIRECTION ( 'NONE',  ( 0.000000000000000000, 0.000000000000000000, 1.000000000000000000 ) ) ;
#6112 = UNCERTAINTY_MEASURE_WITH_UNIT (LENGTH_MEASURE( 1.000000000000000082E-05 ), #3992, 'distance_accuracy_value', 'NONE');
#6113 = ORIENTED_EDGE ( 'NONE', *, *, #1782, .T. ) ;
#6114 = DIRECTION ( 'NONE',  ( -1.000000000000000000, 0.000000000000000000, 0.000000000000000000 ) ) ;
#6115 = CARTESIAN_POINT ( 'NONE',  ( -0.05590551181102362821, 0.01338582677165362292, 0.1232283464566929221 ) ) ;
#6116 = EDGE_LOOP ( 'NONE', ( #7069, #667, #3836, #7003 ) ) ;
#6117 = ORIENTED_EDGE ( 'NONE', *, *, #5089, .T. ) ;
#6118 = CARTESIAN_POINT ( 'NONE',  ( -0.07401574803149606196, -0.02165354330708653754, 0.02500000000000000139 ) ) ;
#6119 = CARTESIAN_POINT ( 'NONE',  ( -0.07401574803149606196, -0.02165354330708653754, 0.07460629921259842590 ) ) ;
#6120 = EDGE_CURVE ( 'NONE', #829, #3414, #1379, .T. ) ;
#6121 = CARTESIAN_POINT ( 'NONE',  ( -0.05587038007015290852, -0.01261060923215921899, 0.1137270453591592012 ) ) ;
#6122 = EDGE_CURVE ( 'NONE', #6755, #1238, #5182, .T. ) ;
#6123 = DIRECTION ( 'NONE',  ( -1.000000000000000000, 6.476300976980080477E-16, 0.000000000000000000 ) ) ;
#6124 = ORIENTED_EDGE ( 'NONE', *, *, #2370, .T. ) ;
#6125 = EDGE_LOOP ( 'NONE', ( #6191, #2661, #1356, #5551 ) ) ;
#6126 = CARTESIAN_POINT ( 'NONE',  ( -0.04940944881889763191, 0.01141732283464562923, 0.1179179637429043220 ) ) ;
#6127 = EDGE_LOOP ( 'NONE', ( #1554, #1541, #1714, #7317 ) ) ;
#6128 =( CONVERSION_BASED_UNIT ( 'INCH', #1649 ) LENGTH_UNIT ( ) NAMED_UNIT ( #2806 ) );
#6129 = CARTESIAN_POINT ( 'NONE',  ( -0.07401574803149606196, -0.02165354330708653754, 0.06633858267716535861 ) ) ;
#6130 = CARTESIAN_POINT ( 'NONE',  ( 0.01456692913385826751, -0.02559055118110226817, 0.04074803149606298636 ) ) ;
#6131 = EDGE_CURVE ( 'NONE', #6651, #6004, #1136, .T. ) ;
#6132 = CARTESIAN_POINT ( 'NONE',  ( 0.009356183418249175432, -0.02246410375173684901, 0.1037401574803149540 ) ) ;
#6133 = EDGE_CURVE ( 'NONE', #5275, #6177, #4507, .T. ) ;
#6134 = CARTESIAN_POINT ( 'NONE',  ( -0.09212598425196863450, -0.02559055118110224736, 0.02500000000000000139 ) ) ;
#6135 = CARTESIAN_POINT ( 'NONE',  ( -0.001181102362204774700, 0.01732283464566941253, 1.393178449081455557E-18 ) ) ;
#6136 = VERTEX_POINT ( 'NONE', #4412 ) ;
#6137 = CARTESIAN_POINT ( 'NONE',  ( -0.07401574803149606196, -0.01968503937007873988, 0.02500000000000000486 ) ) ;
#6138 = VECTOR ( 'NONE', #971, 39.37007874015748143 ) ;
#6139 = ORIENTED_EDGE ( 'NONE', *, *, #3139, .F. ) ;
#6140 = VERTEX_POINT ( 'NONE', #549 ) ;
#6141 = DIRECTION ( 'NONE',  ( 0.000000000000000000, -1.000000000000000000, -1.224606353822379970E-16 ) ) ;
#6142 = ADVANCED_FACE ( 'NONE', ( #510 ), #1504, .T. ) ;
#6143 = CARTESIAN_POINT ( 'NONE',  ( 0.02480314960629929205, -0.02559055118110228552, 0.08799212598425197596 ) ) ;
#6144 = VECTOR ( 'NONE', #4643, 39.37007874015748143 ) ;
#6145 = PLANE ( 'NONE',  #2171 ) ;
#6146 = VECTOR ( 'NONE', #1364, 39.37007874015749564 ) ;
#6147 = ORIENTED_EDGE ( 'NONE', *, *, #728, .T. ) ;
#6148 = VECTOR ( 'NONE', #4446, 39.37007874015748143 ) ;
#6149 = LINE ( 'NONE', #2772, #515 ) ;
#6150 = ORIENTED_EDGE ( 'NONE', *, *, #1325, .F. ) ;
#6151 = ORIENTED_EDGE ( 'NONE', *, *, #2193, .T. ) ;
#6152 = VECTOR ( 'NONE', #6493, 39.37007874015748143 ) ;
#6153 = VERTEX_POINT ( 'NONE', #2849 ) ;
#6154 = PLANE ( 'NONE',  #5838 ) ;
#6155 = CARTESIAN_POINT ( 'NONE',  ( -0.07007874015748032093, -0.01968503937007873988, -0.2362204724409449064 ) ) ;
#6156 = LINE ( 'NONE', #5015, #6594 ) ;
#6157 = CARTESIAN_POINT ( 'NONE',  ( 0.006692913385826768091, -0.01968503937007860805, 0.08208661417322835052 ) ) ;
#6158 = ORIENTED_EDGE ( 'NONE', *, *, #4780, .F. ) ;
#6159 = VERTEX_POINT ( 'NONE', #2268 ) ;
#6160 = DIRECTION ( 'NONE',  ( -1.000000000000000000, 0.000000000000000000, 0.000000000000000000 ) ) ;
#6161 = ORIENTED_EDGE ( 'NONE', *, *, #1417, .F. ) ;
#6162 = VECTOR ( 'NONE', #4651, 39.37007874015748143 ) ;
#6163 = CARTESIAN_POINT ( 'NONE',  ( -0.09212598425196889818, -0.01377952755905503986, 0.01909448818897637595 ) ) ;
#6164 = ORIENTED_EDGE ( 'NONE', *, *, #660, .F. ) ;
#6165 = EDGE_CURVE ( 'NONE', #4607, #3334, #1708, .T. ) ;
#6166 = SURFACE_STYLE_FILL_AREA ( #6737 ) ;
#6167 = VECTOR ( 'NONE', #817, 39.37007874015748143 ) ;
#6168 = DIRECTION ( 'NONE',  ( 0.000000000000000000, 0.000000000000000000, -1.000000000000000000 ) ) ;
#6169 = CARTESIAN_POINT ( 'NONE',  ( -0.08188976377952757180, -0.02559055118110227164, 0.08208661417322835052 ) ) ;
#6170 = CARTESIAN_POINT ( 'NONE',  ( -0.07401574803149606196, -0.01968503937007873988, 0.07224409448818897017 ) ) ;
#6171 = COLOUR_RGB ( '',0.2509803921568627416, 0.2509803921568627416, 0.2509803921568627416 ) ;
#6172 = FACE_OUTER_BOUND ( 'NONE', #2712, .T. ) ;
#6173 = ORIENTED_EDGE ( 'NONE', *, *, #1402, .T. ) ;
#6174 = CARTESIAN_POINT ( 'NONE',  ( -0.06692913385826770867, -0.01968503937007873988, -0.1574803149606299191 ) ) ;
#6175 = VECTOR ( 'NONE', #4526, 39.37007874015748143 ) ;
#6176 = ADVANCED_FACE ( 'NONE', ( #4013 ), #7421, .F. ) ;
#6177 = VERTEX_POINT ( 'NONE', #3455 ) ;
#6178 = EDGE_LOOP ( 'NONE', ( #7442, #2634, #1929, #6746 ) ) ;
#6179 = DIRECTION ( 'NONE',  ( 0.8823529411764704511, -0.4705882352941180846, -5.762853429752370674E-17 ) ) ;
#6180 = CARTESIAN_POINT ( 'NONE',  ( 0.01456692913385826751, -0.02559055118110226817, 0.08799212598425197596 ) ) ;
#6181 = AXIS2_PLACEMENT_3D ( 'NONE', #6475, #2338, #4646 ) ;
#6182 = DIRECTION ( 'NONE',  ( 0.4705882352941775371, 0.8823529411764386987, 0.000000000000000000 ) ) ;
#6183 = EDGE_CURVE ( 'NONE', #2084, #3228, #2461, .T. ) ;
#6184 = ADVANCED_FACE ( 'NONE', ( #4612 ), #1175, .T. ) ;
#6185 = VECTOR ( 'NONE', #6200, 39.37007874015748143 ) ;
#6186 = ORIENTED_EDGE ( 'NONE', *, *, #1620, .T. ) ;
#6187 = EDGE_LOOP ( 'NONE', ( #5577, #4877, #3737, #3051, #6478, #6007, #6622, #2859, #6722, #6028, #1218, #734 ) ) ;
#6188 =( NAMED_UNIT ( * ) SI_UNIT ( $, .STERADIAN. ) SOLID_ANGLE_UNIT ( ) );
#6189 = AXIS2_PLACEMENT_3D ( 'NONE', #7078, #4769, #1818 ) ;
#6190 = UNCERTAINTY_MEASURE_WITH_UNIT (LENGTH_MEASURE( 1.000000000000000082E-05 ), #2608, 'distance_accuracy_value', 'NONE');
#6191 = ORIENTED_EDGE ( 'NONE', *, *, #4188, .F. ) ;
#6192 = VECTOR ( 'NONE', #7094, 39.37007874015748143 ) ;
#6193 = AXIS2_PLACEMENT_3D ( 'NONE', #921, #2758, #3333 ) ;
#6194 = ORIENTED_EDGE ( 'NONE', *, *, #2399, .T. ) ;
#6195 = FACE_OUTER_BOUND ( 'NONE', #5517, .T. ) ;
#6196 = LINE ( 'NONE', #6804, #1868 ) ;
#6197 = CARTESIAN_POINT ( 'NONE',  ( -0.08015284854099134770, -0.02061139416396475660, 0.04074803149606298636 ) ) ;
#6198 = EDGE_LOOP ( 'NONE', ( #2160, #1890, #6280, #5469, #741, #3318, #3682, #3305, #6409, #3541, #780, #3927 ) ) ;
#6199 = VERTEX_POINT ( 'NONE', #4047 ) ;
#6200 = DIRECTION ( 'NONE',  ( -1.000000000000000000, -0.000000000000000000, -0.000000000000000000 ) ) ;
#6201 = VECTOR ( 'NONE', #6962, 39.37007874015748143 ) ;
#6202 = CARTESIAN_POINT ( 'NONE',  ( 0.02480314960629929205, -0.02559055118110228552, 0.1194881889763779736 ) ) ;
#6203 = ADVANCED_FACE ( 'NONE', ( #6364 ), #3489, .F. ) ;
#6204 = CARTESIAN_POINT ( 'NONE',  ( 0.006692913385826772428, -0.01574803149606291558, 0.05649606299212599214 ) ) ;
#6205 = DIRECTION ( 'NONE',  ( -1.000000000000000000, 0.000000000000000000, 0.000000000000000000 ) ) ;
#6206 = LINE ( 'NONE', #461, #6982 ) ;
#6207 = PLANE ( 'NONE',  #5554 ) ;
#6208 = EDGE_CURVE ( 'NONE', #6938, #1973, #4977, .T. ) ;
#6209 = EDGE_CURVE ( 'NONE', #3844, #4839, #6447, .T. ) ;
#6210 = DIRECTION ( 'NONE',  ( -0.000000000000000000, -1.224606353822379970E-16, 1.000000000000000000 ) ) ;
#6211 = ORIENTED_EDGE ( 'NONE', *, *, #273, .F. ) ;
#6212 = DIRECTION ( 'NONE',  ( -1.000000000000000000, -0.000000000000000000, 0.000000000000000000 ) ) ;
#6213 = ORIENTED_EDGE ( 'NONE', *, *, #2767, .T. ) ;
#6214 = DIRECTION ( 'NONE',  ( 0.000000000000000000, 1.000000000000000000, -0.000000000000000000 ) ) ;
#6215 = FACE_OUTER_BOUND ( 'NONE', #2794, .T. ) ;
#6216 = AXIS2_PLACEMENT_3D ( 'NONE', #469, #1595, #2258 ) ;
#6217 = CARTESIAN_POINT ( 'NONE',  ( 0.04980888922789999951, -0.02559055118110228552, 0.09783464566929132855 ) ) ;
#6218 = ADVANCED_FACE ( 'NONE', ( #378 ), #6154, .T. ) ;
#6219 = FACE_OUTER_BOUND ( 'NONE', #5632, .T. ) ;
#6220 = AXIS2_PLACEMENT_3D ( 'NONE', #5606, #4531, #4003 ) ;
#6221 = VERTEX_POINT ( 'NONE', #90 ) ;
#6222 = EDGE_CURVE ( 'NONE', #3347, #952, #3426, .T. ) ;
#6223 = EDGE_CURVE ( 'NONE', #590, #7179, #3045, .T. ) ;
#6224 = VECTOR ( 'NONE', #2137, 39.37007874015748143 ) ;
#6225 = SURFACE_STYLE_FILL_AREA ( #4578 ) ;
#6226 = DIRECTION ( 'NONE',  ( 1.776356839400248493E-15, -1.000000000000000000, -1.776356839400248493E-15 ) ) ;
#6227 = ORIENTED_EDGE ( 'NONE', *, *, #1315, .F. ) ;
#6228 = EDGE_LOOP ( 'NONE', ( #5875, #2317, #5177, #4050 ) ) ;
#6229 = VERTEX_POINT ( 'NONE', #1785 ) ;
#6230 = CARTESIAN_POINT ( 'NONE',  ( -0.07007874015748032093, -0.01574803149606291558, 0.1218503937007874155 ) ) ;
#6231 = CARTESIAN_POINT ( 'NONE',  ( -0.09212598425196878715, -0.02165354330708653754, 0.06633858267716535861 ) ) ;
#6232 = ORIENTED_EDGE ( 'NONE', *, *, #3021, .T. ) ;
#6233 = ORIENTED_EDGE ( 'NONE', *, *, #528, .F. ) ;
#6234 = CARTESIAN_POINT ( 'NONE',  ( -0.01141732283464574893, 0.01141732283464575934, -0.2173488123630673563 ) ) ;
#6235 = CARTESIAN_POINT ( 'NONE',  ( 0.002755905511810970241, 0.01732283464566938477, 0.003937007874015783539 ) ) ;
#6236 = CARTESIAN_POINT ( 'NONE',  ( -0.07007874015748032093, 0.000000000000000000, 0.000000000000000000 ) ) ;
#6237 = DIRECTION ( 'NONE',  ( 0.000000000000000000, 1.224606353822379970E-16, -1.000000000000000000 ) ) ;
#6238 = CARTESIAN_POINT ( 'NONE',  ( 0.006692913385826772428, -0.02165354330708653754, 0.07224409448818898405 ) ) ;
#6239 = DIMENSIONAL_EXPONENTS ( 1.000000000000000000, 0.000000000000000000, 0.000000000000000000, 0.000000000000000000, 0.000000000000000000, 0.000000000000000000, 0.000000000000000000 ) ;
#6240 = LINE ( 'NONE', #3853, #1678 ) ;
#6241 = DIRECTION ( 'NONE',  ( -0.000000000000000000, 0.000000000000000000, 1.000000000000000000 ) ) ;
#6242 = DIRECTION ( 'NONE',  ( -0.000000000000000000, -1.224606353822379970E-16, 1.000000000000000000 ) ) ;
#6243 = ORIENTED_EDGE ( 'NONE', *, *, #3760, .T. ) ;
#6244 = ORIENTED_EDGE ( 'NONE', *, *, #2259, .T. ) ;
#6245 = CARTESIAN_POINT ( 'NONE',  ( 0.006692913385826768091, -0.01968503937007860805, 0.06633858267716535861 ) ) ;
#6246 = DIRECTION ( 'NONE',  ( 1.000000000000000000, 0.000000000000000000, 0.000000000000000000 ) ) ;
#6247 = ORIENTED_EDGE ( 'NONE', *, *, #6741, .F. ) ;
#6248 = CARTESIAN_POINT ( 'NONE',  ( -0.08015284854099133383, -0.02061139416396472537, 0.1218503937007874155 ) ) ;
#6249 = MECHANICAL_DESIGN_GEOMETRIC_PRESENTATION_REPRESENTATION (  '', ( #5639 ), #5047 ) ;
#6250 = DIRECTION ( 'NONE',  ( 0.000000000000000000, 0.000000000000000000, -1.000000000000000000 ) ) ;
#6251 = EDGE_CURVE ( 'NONE', #4566, #3697, #4123, .T. ) ;
#6252 = EDGE_CURVE ( 'NONE', #2096, #669, #1943, .T. ) ;
#6253 = ORIENTED_EDGE ( 'NONE', *, *, #4225, .F. ) ;
#6254 = AXIS2_PLACEMENT_3D ( 'NONE', #5927, #3653, #7185 ) ;
#6255 = DIRECTION ( 'NONE',  ( 0.000000000000000000, 1.224606353822379970E-16, -1.000000000000000000 ) ) ;
#6256 = VECTOR ( 'NONE', #1743, 39.37007874015748854 ) ;
#6257 = CARTESIAN_POINT ( 'NONE',  ( 0.01456692913385826925, -0.02559055118110228552, 0.1061023622047244097 ) ) ;
#6258 = VERTEX_POINT ( 'NONE', #5263 ) ;
#6259 = ORIENTED_EDGE ( 'NONE', *, *, #1370, .F. ) ;
#6260 = EDGE_LOOP ( 'NONE', ( #2741, #656, #1512, #2705, #6247 ) ) ;
#6261 = DIRECTION ( 'NONE',  ( 0.000000000000000000, 0.000000000000000000, -1.000000000000000000 ) ) ;
#6262 = VECTOR ( 'NONE', #834, 39.37007874015748143 ) ;
#6263 = LINE ( 'NONE', #5046, #2340 ) ;
#6264 = DIRECTION ( 'NONE',  ( -0.000000000000000000, -0.000000000000000000, 1.000000000000000000 ) ) ;
#6265 = EDGE_LOOP ( 'NONE', ( #3569, #479, #4435, #1240 ) ) ;
#6266 = VERTEX_POINT ( 'NONE', #3083 ) ;
#6267 = LINE ( 'NONE', #524, #6789 ) ;
#6268 = AXIS2_PLACEMENT_3D ( 'NONE', #522, #7324, #7356 ) ;
#6269 = EDGE_CURVE ( 'NONE', #3720, #6908, #1211, .T. ) ;
#6270 = EDGE_CURVE ( 'NONE', #1224, #4923, #6813, .T. ) ;
#6271 = LINE ( 'NONE', #4452, #5884 ) ;
#6272 = DIRECTION ( 'NONE',  ( 0.000000000000000000, 1.000000000000000000, 0.000000000000000000 ) ) ;
#6273 = DIRECTION ( 'NONE',  ( 0.000000000000000000, 1.224606353822379970E-16, -1.000000000000000000 ) ) ;
#6274 = CARTESIAN_POINT ( 'NONE',  ( -0.07401574803149606196, -0.01574803149606291558, 0.1061023622047244097 ) ) ;
#6275 = AXIS2_PLACEMENT_3D ( 'NONE', #2791, #2721, #4993 ) ;
#6276 = DIRECTION ( 'NONE',  ( 0.5773502691896366112, 0.5773502691895990857, 0.5773502691896416072 ) ) ;
#6277 = ORIENTED_EDGE ( 'NONE', *, *, #1451, .T. ) ;
#6278 = CARTESIAN_POINT ( 'NONE',  ( 0.002755905511811063482, -0.01968503937007862192, 0.05059055118110235977 ) ) ;
#6279 = ORIENTED_EDGE ( 'NONE', *, *, #4540, .T. ) ;
#6280 = ORIENTED_EDGE ( 'NONE', *, *, #6862, .F. ) ;
#6281 = DIRECTION ( 'NONE',  ( -1.000000000000000000, -7.228014483236696555E-16, 0.000000000000000000 ) ) ;
#6282 = LINE ( 'NONE', #6217, #4929 ) ;
#6283 = CARTESIAN_POINT ( 'NONE',  ( -0.06692913385826770867, -0.01968503937007873988, 0.1377952755905511584 ) ) ;
#6284 = EDGE_LOOP ( 'NONE', ( #2424, #51, #5053, #377 ) ) ;
#6285 = FACE_OUTER_BOUND ( 'NONE', #3044, .T. ) ;
#6286 = VECTOR ( 'NONE', #206, 39.37007874015748143 ) ;
#6287 = DIRECTION ( 'NONE',  ( 0.000000000000000000, 1.224606353822379970E-16, -1.000000000000000000 ) ) ;
#6288 = VECTOR ( 'NONE', #1246, 39.37007874015748143 ) ;
#6289 = ORIENTED_EDGE ( 'NONE', *, *, #606, .F. ) ;
#6290 = DIRECTION ( 'NONE',  ( 0.000000000000000000, 1.224606353822379970E-16, -1.000000000000000000 ) ) ;
#6291 = LINE ( 'NONE', #5613, #6399 ) ;
#6292 = EDGE_CURVE ( 'NONE', #6686, #6651, #2502, .T. ) ;
#6293 = EDGE_CURVE ( 'NONE', #2472, #566, #6402, .T. ) ;
#6294 = AXIS2_PLACEMENT_3D ( 'NONE', #1724, #2982, #1227 ) ;
#6295 = DIRECTION ( 'NONE',  ( 1.000000000000000000, 3.552713678800500140E-15, 0.000000000000000000 ) ) ;
#6296 = ORIENTED_EDGE ( 'NONE', *, *, #6902, .F. ) ;
#6297 = ORIENTED_EDGE ( 'NONE', *, *, #4116, .F. ) ;
#6298 = DIRECTION ( 'NONE',  ( -1.000000000000000000, -0.000000000000000000, -0.000000000000000000 ) ) ;
#6299 = VECTOR ( 'NONE', #3018, 39.37007874015748143 ) ;
#6300 = LINE ( 'NONE', #4515, #4635 ) ;
#6301 = DIRECTION ( 'NONE',  ( 0.000000000000000000, 1.000000000000000000, 0.000000000000000000 ) ) ;
#6302 = VERTEX_POINT ( 'NONE', #1372 ) ;
#6303 = VERTEX_POINT ( 'NONE', #7119 ) ;
#6304 = EDGE_CURVE ( 'NONE', #5541, #1703, #657, .T. ) ;
#6305 = CARTESIAN_POINT ( 'NONE',  ( -0.05263880110148464603, 0.01929133858267742183, 0.01929133858267716509 ) ) ;
#6306 = CARTESIAN_POINT ( 'NONE',  ( -0.01468319221962641717, 0.01141732283464574893, -0.2173488123630673563 ) ) ;
#6307 = DIRECTION ( 'NONE',  ( 0.000000000000000000, 1.000000000000000000, -0.000000000000000000 ) ) ;
#6308 = CARTESIAN_POINT ( 'NONE',  ( -0.01791338582677173136, 0.01141732283464586689, 0.1232283464566929221 ) ) ;
#6309 = CIRCLE ( 'NONE', #1715, 0.001968503937007874856 ) ;
#6310 = CARTESIAN_POINT ( 'NONE',  ( 0.002755905511810997997, 9.790943209292624975E-18, 0.000000000000000000 ) ) ;
#6311 = EDGE_CURVE ( 'NONE', #2624, #7091, #1865, .T. ) ;
#6312 = EDGE_CURVE ( 'NONE', #501, #1837, #6479, .T. ) ;
#6313 = CARTESIAN_POINT ( 'NONE',  ( 0.04980888922789999951, -0.02559055118110228552, 0.02500000000000000139 ) ) ;
#6314 = VERTEX_POINT ( 'NONE', #814 ) ;
#6315 = EDGE_CURVE ( 'NONE', #1000, #3514, #776, .T. ) ;
#6316 = DIRECTION ( 'NONE',  ( 1.000000000000000000, -0.000000000000000000, 0.000000000000000000 ) ) ;
#6317 = AXIS2_PLACEMENT_3D ( 'NONE', #1815, #5825, #4040 ) ;
#6318 = ORIENTED_EDGE ( 'NONE', *, *, #2152, .F. ) ;
#6319 = ORIENTED_EDGE ( 'NONE', *, *, #6856, .F. ) ;
#6320 = CARTESIAN_POINT ( 'NONE',  ( -0.1171317238735696958, -0.02165354330708653754, 0.01909448818897637595 ) ) ;
#6321 = LINE ( 'NONE', #6283, #166 ) ;
#6322 = EDGE_LOOP ( 'NONE', ( #2244, #626, #2454, #3252 ) ) ;
#6324 = LINE ( 'NONE', #86, #1337 ) ;
#6323 = AXIS2_PLACEMENT_3D ( 'NONE', #7217, #2629, #2033 ) ;
#6325 = ORIENTED_EDGE ( 'NONE', *, *, #4733, .F. ) ;
#6326 = DIRECTION ( 'NONE',  ( 0.000000000000000000, 0.000000000000000000, 1.000000000000000000 ) ) ;
#6327 = VECTOR ( 'NONE', #4729, 39.37007874015748143 ) ;
#6328 = ORIENTED_EDGE ( 'NONE', *, *, #75, .T. ) ;
#6329 = DIRECTION ( 'NONE',  ( -1.000000000000000000, -3.552713678800500140E-15, 0.000000000000000000 ) ) ;
#6330 = LINE ( 'NONE', #1636, #3618 ) ;
#6331 = ADVANCED_FACE ( 'NONE', ( #2382 ), #169, .F. ) ;
#6332 = VECTOR ( 'NONE', #6472, 39.37007874015748854 ) ;
#6333 = VERTEX_POINT ( 'NONE', #4688 ) ;
#6334 = ORIENTED_EDGE ( 'NONE', *, *, #1963, .T. ) ;
#6335 = AXIS2_PLACEMENT_3D ( 'NONE', #1270, #2986, #639 ) ;
#6336 = CARTESIAN_POINT ( 'NONE',  ( 0.008429828624363150044, -0.02072718851320049308, 0.09783464566929132855 ) ) ;
#6337 = ORIENTED_EDGE ( 'NONE', *, *, #1170, .F. ) ;
#6338 = LINE ( 'NONE', #2435, #4082 ) ;
#6339 = ORIENTED_EDGE ( 'NONE', *, *, #1635, .T. ) ;
#6340 = LINE ( 'NONE', #670, #4109 ) ;
#6341 = SURFACE_STYLE_USAGE ( .BOTH. , #4662 ) ;
#6342 = EDGE_CURVE ( 'NONE', #887, #2479, #6578, .T. ) ;
#6343 = ADVANCED_FACE ( 'NONE', ( #1900 ), #5986, .F. ) ;
#6344 = CARTESIAN_POINT ( 'NONE',  ( -0.07401574803149606196, -0.01574803149606291558, 0.04074803149606298636 ) ) ;
#6345 = LINE ( 'NONE', #6914, #2759 ) ;
#6346 = AXIS2_PLACEMENT_3D ( 'NONE', #3446, #6214, #437 ) ;
#6347 = CARTESIAN_POINT ( 'NONE',  ( -0.06692913385826770867, -0.001181102362204724393, 0.0007874015748031467764 ) ) ;
#6348 = FACE_OUTER_BOUND ( 'NONE', #689, .T. ) ;
#6349 = DIRECTION ( 'NONE',  ( -1.000000000000000000, 0.000000000000000000, 0.000000000000000000 ) ) ;
#6350 = ORIENTED_EDGE ( 'NONE', *, *, #3969, .T. ) ;
#6351 = CARTESIAN_POINT ( 'NONE',  ( 0.01190365910143580813, -0.01887447892542832087, 0.03484251968503937480 ) ) ;
#6352 = ORIENTED_EDGE ( 'NONE', *, *, #3517, .F. ) ;
#6353 = EDGE_CURVE ( 'NONE', #3128, #2516, #5424, .T. ) ;
#6354 = DIRECTION ( 'NONE',  ( 0.7071067811865474617, 0.000000000000000000, 0.7071067811865474617 ) ) ;
#6355 = DIRECTION ( 'NONE',  ( -0.000000000000000000, -0.000000000000000000, 1.000000000000000000 ) ) ;
#6356 = CARTESIAN_POINT ( 'NONE',  ( -0.06811023622047243653, 0.01929133858267704019, 0.1366141732283464860 ) ) ;
#6357 = LINE ( 'NONE', #1093, #4260 ) ;
#6358 = EDGE_LOOP ( 'NONE', ( #4671, #4322, #4649, #5029 ) ) ;
#6359 = DIRECTION ( 'NONE',  ( -0.7071067811865490160, 0.000000000000000000, 0.7071067811865460184 ) ) ;
#6360 = FACE_OUTER_BOUND ( 'NONE', #4054, .T. ) ;
#6361 = CARTESIAN_POINT ( 'NONE',  ( 0.02298294153144818733, -0.02165354330708653754, 0.1218503937007874155 ) ) ;
#6362 = ADVANCED_FACE ( 'NONE', ( #7206 ), #3825, .F. ) ;
#6363 = EDGE_LOOP ( 'NONE', ( #6635, #6859, #254, #1630 ) ) ;
#6364 = FACE_OUTER_BOUND ( 'NONE', #6260, .T. ) ;
#6365 = CARTESIAN_POINT ( 'NONE',  ( -0.01791338582677173483, 0.01929133858267729346, 0.01535433070866141364 ) ) ;
#6366 = FACE_OUTER_BOUND ( 'NONE', #1932, .T. ) ;
#6367 = AXIS2_PLACEMENT_3D ( 'NONE', #4477, #1033, #3874 ) ;
#6368 = VERTEX_POINT ( 'NONE', #3268 ) ;
#6369 = VERTEX_POINT ( 'NONE', #4892 ) ;
#6370 = LINE ( 'NONE', #1144, #4100 ) ;
#6371 = CARTESIAN_POINT ( 'NONE',  ( 0.04980888922789999951, -0.01377952755905503986, 0.03484251968503937480 ) ) ;
#6372 = ORIENTED_EDGE ( 'NONE', *, *, #5881, .T. ) ;
#6373 = AXIS2_PLACEMENT_3D ( 'NONE', #3590, #161, #2997 ) ;
#6374 = ORIENTED_EDGE ( 'NONE', *, *, #6342, .T. ) ;
#6375 = VERTEX_POINT ( 'NONE', #5570 ) ;
#6376 = CARTESIAN_POINT ( 'NONE',  ( -0.08188976377952757180, -0.02165354330708653754, 0.04074803149606298636 ) ) ;
#6377 =( NAMED_UNIT ( * ) SI_UNIT ( $, .STERADIAN. ) SOLID_ANGLE_UNIT ( ) );
#6378 = VECTOR ( 'NONE', #530, 39.37007874015748143 ) ;
#6379 = STYLED_ITEM ( 'NONE', ( #3743 ), #255 ) ;
#6380 = DIRECTION ( 'NONE',  ( -0.000000000000000000, -0.000000000000000000, 1.000000000000000000 ) ) ;
#6381 = CARTESIAN_POINT ( 'NONE',  ( 0.009356183418249175432, -0.02246410375173684901, 0.08799212598425197596 ) ) ;
#6382 = DIRECTION ( 'NONE',  ( -3.552713678800500140E-15, 1.000000000000000000, 0.000000000000000000 ) ) ;
#6383 = DIRECTION ( 'NONE',  ( 0.000000000000000000, 1.000000000000000000, 0.000000000000000000 ) ) ;
#6384 = ORIENTED_EDGE ( 'NONE', *, *, #6951, .F. ) ;
#6385 = VECTOR ( 'NONE', #1110, 39.37007874015748143 ) ;
#6386 = ADVANCED_FACE ( 'NONE', ( #5463 ), #4361, .T. ) ;
#6387 = DIRECTION ( 'NONE',  ( 0.000000000000000000, 0.000000000000000000, -1.000000000000000000 ) ) ;
#6388 = ADVANCED_FACE ( 'NONE', ( #2053 ), #5000, .T. ) ;
#6389 = VERTEX_POINT ( 'NONE', #2090 ) ;
#6390 = CARTESIAN_POINT ( 'NONE',  ( -0.09212598425196863450, -0.02559055118110226817, 0.08799212598425197596 ) ) ;
#6391 = AXIS2_PLACEMENT_3D ( 'NONE', #4279, #2015, #6596 ) ;
#6392 = CARTESIAN_POINT ( 'NONE',  ( -0.05263880110148464603, 0.01929133858267743570, 0.1232283464566929221 ) ) ;
#6393 = PLANE ( 'NONE',  #7100 ) ;
#6394 = DIRECTION ( 'NONE',  ( 0.000000000000000000, -1.000000000000000000, -0.000000000000000000 ) ) ;
#6395 = ORIENTED_EDGE ( 'NONE', *, *, #2717, .F. ) ;
#6396 = CARTESIAN_POINT ( 'NONE',  ( 0.01283001389532193066, -0.02061139416396472537, 0.05059055118110235977 ) ) ;
#6397 = CARTESIAN_POINT ( 'NONE',  ( -0.07401574803149606196, -0.01574803149606291558, 0.1037401574803149540 ) ) ;
#6398 = EDGE_CURVE ( 'NONE', #6136, #5892, #5238, .T. ) ;
#6399 = VECTOR ( 'NONE', #550, 39.37007874015748143 ) ;
#6400 = DIRECTION ( 'NONE',  ( -1.000000000000000000, 0.000000000000000000, -0.000000000000000000 ) ) ;
#6401 = ORIENTED_EDGE ( 'NONE', *, *, #6131, .T. ) ;
#6402 = LINE ( 'NONE', #3527, #899 ) ;
#6403 = VECTOR ( 'NONE', #6826, 39.37007874015748143 ) ;
#6404 = CARTESIAN_POINT ( 'NONE',  ( -0.01377952755905511792, -0.01220472440944874067, -0.2362204724409449064 ) ) ;
#6405 = ADVANCED_FACE ( 'NONE', ( #4324 ), #4924, .F. ) ;
#6406 = EDGE_CURVE ( 'NONE', #4971, #3496, #402, .T. ) ;
#6407 = ADVANCED_FACE ( 'NONE', ( #6064 ), #1488, .T. ) ;
#6408 = PLANE ( 'NONE',  #3309 ) ;
#6409 = ORIENTED_EDGE ( 'NONE', *, *, #5580, .F. ) ;
#6410 = ORIENTED_EDGE ( 'NONE', *, *, #3256, .T. ) ;
#6411 = AXIS2_PLACEMENT_3D ( 'NONE', #5786, #47, #1283 ) ;
#6412 = VERTEX_POINT ( 'NONE', #1525 ) ;
#6413 = VERTEX_POINT ( 'NONE', #1452 ) ;
#6414 =( LENGTH_UNIT ( ) NAMED_UNIT ( * ) SI_UNIT ( $, .METRE. ) );
#6415 = LINE ( 'NONE', #1836, #5167 ) ;
#6416 = ORIENTED_EDGE ( 'NONE', *, *, #528, .T. ) ;
#6417 = AXIS2_PLACEMENT_3D ( 'NONE', #4269, #3145, #7190 ) ;
#6418 = ORIENTED_EDGE ( 'NONE', *, *, #1874, .T. ) ;
#6419 = LINE ( 'NONE', #2898, #3283 ) ;
#6420 =( CONVERSION_BASED_UNIT ( 'INCH', #1726 ) LENGTH_UNIT ( ) NAMED_UNIT ( #3437 ) );
#6421 = VECTOR ( 'NONE', #1915, 39.37007874015748143 ) ;
#6422 = DIRECTION ( 'NONE',  ( -0.000000000000000000, -0.000000000000000000, 1.000000000000000000 ) ) ;
#6423 = CARTESIAN_POINT ( 'NONE',  ( -0.07007874015748032093, -0.01377952755905503986, 0.08208661417322835052 ) ) ;
#6424 = DIRECTION ( 'NONE',  ( 0.4705882352941007651, -0.8823529411764794439, 0.000000000000000000 ) ) ;
#6425 = DIRECTION ( 'NONE',  ( -1.000000000000000000, 0.000000000000000000, 0.000000000000000000 ) ) ;
#6426 = ORIENTED_EDGE ( 'NONE', *, *, #7416, .T. ) ;
#6427 = VECTOR ( 'NONE', #7405, 39.37007874015748143 ) ;
#6428 = DIRECTION ( 'NONE',  ( 1.000000000000000000, 6.476300976980080477E-16, 0.000000000000000000 ) ) ;
#6429 = ORIENTED_EDGE ( 'NONE', *, *, #4582, .T. ) ;
#6430 = MECHANICAL_DESIGN_GEOMETRIC_PRESENTATION_REPRESENTATION (  '', ( #7283 ), #4009 ) ;
#6431 = DIRECTION ( 'NONE',  ( 0.000000000000000000, 1.224606353822379970E-16, -1.000000000000000000 ) ) ;
#6432 = ADVANCED_FACE ( 'NONE', ( #1560 ), #5498, .F. ) ;
#6433 = CARTESIAN_POINT ( 'NONE',  ( 0.006692913385826772428, -0.02165354330708653754, 0.04074803149606298636 ) ) ;
#6434 = ADVANCED_FACE ( 'NONE', ( #4289 ), #2544, .T. ) ;
#6435 = CARTESIAN_POINT ( 'NONE',  ( 0.006692913385826772428, -0.01574803149606291558, 0.01909448818897637595 ) ) ;
#6436 = LINE ( 'NONE', #1244, #6690 ) ;
#6437 = CARTESIAN_POINT ( 'NONE',  ( 0.009356183418249165024, -0.02246410375173678656, 0.08208661417322835052 ) ) ;
#6438 = DIRECTION ( 'NONE',  ( -0.000000000000000000, -1.000000000000000000, -1.224606353822379970E-16 ) ) ;
#6439 = AXIS2_PLACEMENT_3D ( 'NONE', #2998, #2959, #2874 ) ;
#6440 = CYLINDRICAL_SURFACE ( 'NONE', #1673, 0.001968503937007874856 ) ;
#6441 = ORIENTED_EDGE ( 'NONE', *, *, #2845, .T. ) ;
#6442 = ADVANCED_FACE ( 'NONE', ( #3306 ), #6602, .T. ) ;
#6443 = CARTESIAN_POINT ( 'NONE',  ( -0.01141732283464566913, -0.01234086329729066830, 0.02480858309662504341 ) ) ;
#6444 = EDGE_CURVE ( 'NONE', #5832, #5386, #4849, .T. ) ;
#6445 = CARTESIAN_POINT ( 'NONE',  ( -0.05263880110148464603, 0.01929133858267743570, 0.1366141732283464860 ) ) ;
#6446 = ORIENTED_EDGE ( 'NONE', *, *, #5395, .F. ) ;
#6447 = CIRCLE ( 'NONE', #4399, 0.001968503937007874856 ) ;
#6448 = ORIENTED_EDGE ( 'NONE', *, *, #935, .F. ) ;
#6449 = ORIENTED_EDGE ( 'NONE', *, *, #1950, .T. ) ;
#6450 = EDGE_CURVE ( 'NONE', #1236, #6755, #6022, .T. ) ;
#6451 = EDGE_CURVE ( 'NONE', #5111, #7179, #924, .T. ) ;
#6452 = VERTEX_POINT ( 'NONE', #362 ) ;
#6453 = CARTESIAN_POINT ( 'NONE',  ( -0.06811023622047243653, 0.01929133858267709570, 0.001968503937007873555 ) ) ;
#6454 = VECTOR ( 'NONE', #4915, 39.37007874015748143 ) ;
#6455 = ORIENTED_EDGE ( 'NONE', *, *, #2648, .T. ) ;
#6456 = VERTEX_POINT ( 'NONE', #4959 ) ;
#6457 = CARTESIAN_POINT ( 'NONE',  ( -0.08015284854099133383, -0.02061139416396472537, 0.1218503937007874155 ) ) ;
#6458 =( NAMED_UNIT ( * ) PLANE_ANGLE_UNIT ( ) SI_UNIT ( $, .RADIAN. ) );
#6459 = VECTOR ( 'NONE', #1232, 39.37007874015748143 ) ;
#6460 = FACE_OUTER_BOUND ( 'NONE', #694, .T. ) ;
#6461 = EDGE_CURVE ( 'NONE', #1161, #5541, #6714, .T. ) ;
#6462 = SURFACE_SIDE_STYLE ('',( #109 ) ) ;
#6463 = CARTESIAN_POINT ( 'NONE',  ( -0.01141732283464572291, 0.01141732283464575934, 0.1179179637429042526 ) ) ;
#6464 = CARTESIAN_POINT ( 'NONE',  ( 0.008429828624363151779, -0.02072718851320047226, 0.05059055118110235977 ) ) ;
#6465 = EDGE_LOOP ( 'NONE', ( #5762, #3660, #1557, #2412 ) ) ;
#6466 = FACE_OUTER_BOUND ( 'NONE', #840, .T. ) ;
#6467 = EDGE_LOOP ( 'NONE', ( #5252, #6018, #6448, #1457 ) ) ;
#6468 = CARTESIAN_POINT ( 'NONE',  ( -0.1171317238735696958, -0.02165354330708653754, 0.04074803149606298636 ) ) ;
#6469 = ORIENTED_EDGE ( 'NONE', *, *, #7353, .F. ) ;
#6470 = VERTEX_POINT ( 'NONE', #5033 ) ;
#6471 = CYLINDRICAL_SURFACE ( 'NONE', #3115, 0.005905511811023620231 ) ;
#6472 = DIRECTION ( 'NONE',  ( 0.4705882352941318514, -0.8823529411764629016, 0.000000000000000000 ) ) ;
#6473 = FACE_OUTER_BOUND ( 'NONE', #4793, .T. ) ;
#6474 = CARTESIAN_POINT ( 'NONE',  ( -0.08188976377952757180, -0.01968503937007866356, 0.01909448818897637595 ) ) ;
#6475 = CARTESIAN_POINT ( 'NONE',  ( 0.01456692913385826751, -0.01968503937007866356, 0.1194881889763779736 ) ) ;
#6476 = DIRECTION ( 'NONE',  ( 0.000000000000000000, 1.000000000000000000, 0.000000000000000000 ) ) ;
#6477 = DIRECTION ( 'NONE',  ( -1.000000000000000000, 0.000000000000000000, 0.000000000000000000 ) ) ;
#6478 = ORIENTED_EDGE ( 'NONE', *, *, #2970, .F. ) ;
#6479 = LINE ( 'NONE', #1287, #1245 ) ;
#6480 = CARTESIAN_POINT ( 'NONE',  ( -0.07667901806391835828, -0.02246410375173656104, 0.02500000000000000139 ) ) ;
#6481 = DIRECTION ( 'NONE',  ( 0.000000000000000000, 0.000000000000000000, -1.000000000000000000 ) ) ;
#6482 = EDGE_CURVE ( 'NONE', #3266, #6653, #4280, .T. ) ;
#6483 = CARTESIAN_POINT ( 'NONE',  ( 0.01456692913385826751, -0.01968503937007866356, 0.1218503937007874155 ) ) ;
#6484 = ADVANCED_FACE ( 'NONE', ( #6215 ), #7341, .T. ) ;
#6485 = ORIENTED_EDGE ( 'NONE', *, *, #4420, .T. ) ;
#6486 = CLOSED_SHELL ( 'NONE', ( #4549, #4362, #1906, #7242, #968, #3257, #2274, #6852, #3799, #5564, #4328, #1979, #609, #4634 ) ) ;
#6487 = VERTEX_POINT ( 'NONE', #438 ) ;
#6488 = ORIENTED_EDGE ( 'NONE', *, *, #2175, .F. ) ;
#6489 = ORIENTED_EDGE ( 'NONE', *, *, #5323, .F. ) ;
#6490 = DIRECTION ( 'NONE',  ( -1.000000000000000000, 3.552713678800500140E-15, 4.350675744370770171E-31 ) ) ;
#6491 = CARTESIAN_POINT ( 'NONE',  ( -0.07007874015748032093, 0.000000000000000000, 0.000000000000000000 ) ) ;
#6492 = ORIENTED_EDGE ( 'NONE', *, *, #4615, .T. ) ;
#6493 = DIRECTION ( 'NONE',  ( 0.000000000000000000, 0.000000000000000000, 1.000000000000000000 ) ) ;
#6494 = DIRECTION ( 'NONE',  ( 0.000000000000000000, 1.000000000000000000, 0.000000000000000000 ) ) ;
#6495 = CARTESIAN_POINT ( 'NONE',  ( 0.04980888922789999951, -0.01377952755905503986, 0.05059055118110235977 ) ) ;
#6496 = EDGE_CURVE ( 'NONE', #1486, #887, #2800, .T. ) ;
#6497 = LINE ( 'NONE', #1349, #40 ) ;
#6498 = CARTESIAN_POINT ( 'NONE',  ( 0.002755905511811070855, -0.01968503937007862192, 0.000000000000000000 ) ) ;
#6499 = VECTOR ( 'NONE', #4425, 39.37007874015748143 ) ;
#6500 = DIRECTION ( 'NONE',  ( 0.000000000000000000, -1.000000000000000000, 0.000000000000000000 ) ) ;
#6501 = DIRECTION ( 'NONE',  ( 1.000000000000000000, 0.000000000000000000, 0.000000000000000000 ) ) ;
#6502 = ORIENTED_EDGE ( 'NONE', *, *, #5689, .T. ) ;
#6503 = CARTESIAN_POINT ( 'NONE',  ( -0.01141732283464566913, -0.01456692913385818945, 0.02519685039370079052 ) ) ;
#6504 = ORIENTED_EDGE ( 'NONE', *, *, #2498, .F. ) ;
#6505 = CARTESIAN_POINT ( 'NONE',  ( -0.1171317238735696958, -0.02165354330708653754, 0.05059055118110235977 ) ) ;
#6506 = ORIENTED_EDGE ( 'NONE', *, *, #1866, .T. ) ;
#6507 = EDGE_CURVE ( 'NONE', #2559, #2097, #5745, .T. ) ;
#6508 = VECTOR ( 'NONE', #755, 39.37007874015748143 ) ;
#6509 = ORIENTED_EDGE ( 'NONE', *, *, #2692, .F. ) ;
#6510 = CARTESIAN_POINT ( 'NONE',  ( -0.05587038007015292934, -0.01261060923215906460, 0.02485563180619509982 ) ) ;
#6511 = LINE ( 'NONE', #4677, #56 ) ;
#6512 = FACE_OUTER_BOUND ( 'NONE', #3702, .T. ) ;
#6513 = FACE_OUTER_BOUND ( 'NONE', #6116, .T. ) ;
#6514 = VECTOR ( 'NONE', #1820, 39.37007874015748854 ) ;
#6515 = CYLINDRICAL_SURFACE ( 'NONE', #13, 0.005905511811023620231 ) ;
#6516 = PLANE ( 'NONE',  #6189 ) ;
#6517 = CIRCLE ( 'NONE', #2266, 0.001968503937007874856 ) ;
#6518 = CARTESIAN_POINT ( 'NONE',  ( 0.01456692913385826751, -0.01968503937007866356, 0.04311023622047244208 ) ) ;
#6519 = VERTEX_POINT ( 'NONE', #4037 ) ;
#6520 = CARTESIAN_POINT ( 'NONE',  ( -0.01142906256897915744, -0.01247649506134546060, 0.02483223979965785977 ) ) ;
#6521 = CARTESIAN_POINT ( 'NONE',  ( -0.07007874015748032093, -0.01574803149606291558, 0.08208661417322835052 ) ) ;
#6522 = DIRECTION ( 'NONE',  ( 0.000000000000000000, 0.000000000000000000, 1.000000000000000000 ) ) ;
#6523 = VECTOR ( 'NONE', #5490, 39.37007874015748143 ) ;
#6524 =( BOUNDED_CURVE ( )  B_SPLINE_CURVE ( 3, ( #3247, #5548, #3913, #2709 ),
 .UNSPECIFIED., .F., .F. ) 
 B_SPLINE_CURVE_WITH_KNOTS ( ( 4, 4 ),
 ( 1.570796326794895670, 1.743477818412866753 ),
 .UNSPECIFIED. ) 
 CURVE ( )  GEOMETRIC_REPRESENTATION_ITEM ( )  RATIONAL_B_SPLINE_CURVE ( ( 1.000000000000000000, 0.9975166351796094233, 0.9975166351796094233, 1.000000000000000000 ) ) 
 REPRESENTATION_ITEM ( '' )  );
#6525 = LINE ( 'NONE', #5430, #2092 ) ;
#6526 = EDGE_LOOP ( 'NONE', ( #4854, #5103, #7123, #5760 ) ) ;
#6527 = EDGE_LOOP ( 'NONE', ( #4912, #3011, #6601, #6061, #344, #360, #1751, #592, #5719, #140, #699, #5624 ) ) ;
#6528 = ADVANCED_FACE ( 'NONE', ( #6787 ), #573, .T. ) ;
#6529 = DIRECTION ( 'NONE',  ( -0.000000000000000000, -1.224606353822379970E-16, 1.000000000000000000 ) ) ;
#6530 = ORIENTED_EDGE ( 'NONE', *, *, #7155, .F. ) ;
#6531 = DIRECTION ( 'NONE',  ( -2.512147933894039872E-15, 0.7071067811865480168, -0.7071067811865470176 ) ) ;
#6532 = ORIENTED_EDGE ( 'NONE', *, *, #7234, .T. ) ;
#6533 = FACE_OUTER_BOUND ( 'NONE', #1683, .T. ) ;
#6534 = VECTOR ( 'NONE', #1137, 39.37007874015748143 ) ;
#6535 = CARTESIAN_POINT ( 'NONE',  ( -0.09212598425196850960, -0.02559055118110228552, 0.02500000000000000139 ) ) ;
#6536 = DIRECTION ( 'NONE',  ( -1.000000000000000000, -3.552713678800500140E-15, 0.000000000000000000 ) ) ;
#6537 = LINE ( 'NONE', #6615, #5889 ) ;
#6538 = AXIS2_PLACEMENT_3D ( 'NONE', #4032, #1849, #2289 ) ;
#6539 = DIRECTION ( 'NONE',  ( 0.4705882352941179736, -0.8823529411764702290, 0.000000000000000000 ) ) ;
#6540 = EDGE_CURVE ( 'NONE', #5877, #3168, #6588, .T. ) ;
#6541 = LINE ( 'NONE', #1352, #3248 ) ;
#6542 = ORIENTED_EDGE ( 'NONE', *, *, #994, .F. ) ;
#6543 = EDGE_LOOP ( 'NONE', ( #897, #1496, #1051, #4659 ) ) ;
#6544 = LINE ( 'NONE', #4833, #4366 ) ;
#6545 = EDGE_LOOP ( 'NONE', ( #3103, #3342, #3532, #6888 ) ) ;
#6546 = CARTESIAN_POINT ( 'NONE',  ( -0.07401574803149606196, -0.01968503937007873988, -0.2362204724409449064 ) ) ;
#6547 = ORIENTED_EDGE ( 'NONE', *, *, #3893, .T. ) ;
#6548 = AXIS2_PLACEMENT_3D ( 'NONE', #636, #5125, #5240 ) ;
#6549 = ORIENTED_EDGE ( 'NONE', *, *, #7366, .T. ) ;
#6550 = CARTESIAN_POINT ( 'NONE',  ( -0.08188976377952757180, -0.02559055118110227164, 0.09783464566929132855 ) ) ;
#6551 = CARTESIAN_POINT ( 'NONE',  ( 0.01190365910143580813, -0.01887447892542832087, 0.1037401574803149540 ) ) ;
#6552 = CARTESIAN_POINT ( 'NONE',  ( -0.1171317238735696958, -0.02559055118110228552, 0.03484251968503937480 ) ) ;
#6553 = EDGE_CURVE ( 'NONE', #3549, #6229, #6890, .T. ) ;
#6555 = LINE ( 'NONE', #6057, #6994 ) ;
#6554 = AXIS2_PLACEMENT_3D ( 'NONE', #2030, #2625, #2594 ) ;
#6556 = DIRECTION ( 'NONE',  ( 0.000000000000000000, 1.000000000000000000, 0.000000000000000000 ) ) ;
#6557 = DIRECTION ( 'NONE',  ( 0.000000000000000000, 1.224606353822379970E-16, -1.000000000000000000 ) ) ;
#6558 = AXIS2_PLACEMENT_3D ( 'NONE', #4973, #7251, #336 ) ;
#6559 = AXIS2_PLACEMENT_3D ( 'NONE', #2291, #644, #2869 ) ;
#6560 = EDGE_LOOP ( 'NONE', ( #5785, #4270, #2972, #7103 ) ) ;
#6561 = EDGE_LOOP ( 'NONE', ( #2438, #331, #797, #6820 ) ) ;
#6562 = CARTESIAN_POINT ( 'NONE',  ( -0.01145245457551640270, -0.01261060923215897613, 0.02485563180619510676 ) ) ;
#6563 = EDGE_CURVE ( 'NONE', #4129, #4440, #4463, .T. ) ;
#6564 = CARTESIAN_POINT ( 'NONE',  ( 0.009356183418249208392, -0.02246410375173683166, 0.05885826771653544093 ) ) ;
#6566 = DIRECTION ( 'NONE',  ( -0.000000000000000000, 0.000000000000000000, 1.000000000000000000 ) ) ;
#6565 = VECTOR ( 'NONE', #1829, 39.37007874015748143 ) ;
#6567 = CYLINDRICAL_SURFACE ( 'NONE', #6808, 0.005905511811023621965 ) ;
#6568 = ORIENTED_EDGE ( 'NONE', *, *, #7331, .F. ) ;
#6569 = VECTOR ( 'NONE', #1201, 39.37007874015748854 ) ;
#6570 = ORIENTED_EDGE ( 'NONE', *, *, #5174, .F. ) ;
#6571 = DIRECTION ( 'NONE',  ( -1.000000000000000000, 0.000000000000000000, 0.000000000000000000 ) ) ;
#6572 = ORIENTED_EDGE ( 'NONE', *, *, #4019, .T. ) ;
#6573 = SURFACE_STYLE_FILL_AREA ( #4256 ) ;
#6574 = EDGE_LOOP ( 'NONE', ( #3344, #5576, #7016, #7106 ) ) ;
#6575 = LINE ( 'NONE', #6612, #6421 ) ;
#6576 = CARTESIAN_POINT ( 'NONE',  ( -0.07007874015748032093, -0.01377952755905503986, 0.05059055118110235977 ) ) ;
#6577 = LINE ( 'NONE', #2564, #4619 ) ;
#6578 = CIRCLE ( 'NONE', #5487, 0.005905511811023620231 ) ;
#6579 = LINE ( 'NONE', #305, #578 ) ;
#6580 = DIRECTION ( 'NONE',  ( 7.930919325675893753E-32, 1.224606353822379970E-16, -1.000000000000000000 ) ) ;
#6581 = DIRECTION ( 'NONE',  ( 1.000000000000000000, -0.000000000000000000, 0.000000000000000000 ) ) ;
#6582 = ORIENTED_EDGE ( 'NONE', *, *, #1723, .F. ) ;
#6583 = ORIENTED_EDGE ( 'NONE', *, *, #4616, .T. ) ;
#6584 = CARTESIAN_POINT ( 'NONE',  ( -0.0003937007874015389106, -0.01968503937007862886, 0.1377952755905511584 ) ) ;
#6585 = VERTEX_POINT ( 'NONE', #6822 ) ;
#6586 = CARTESIAN_POINT ( 'NONE',  ( 0.04980888922789999951, -0.02165354330708653754, 0.04074803149606298636 ) ) ;
#6587 = VERTEX_POINT ( 'NONE', #1661 ) ;
#6588 = CIRCLE ( 'NONE', #7411, 0.001968503937007874856 ) ;
#6589 = EDGE_CURVE ( 'NONE', #3291, #4601, #3552, .T. ) ;
#6590 = EDGE_CURVE ( 'NONE', #6908, #5333, #6823, .T. ) ;
#6591 = ORIENTED_EDGE ( 'NONE', *, *, #2970, .T. ) ;
#6592 =( NAMED_UNIT ( * ) PLANE_ANGLE_UNIT ( ) SI_UNIT ( $, .RADIAN. ) );
#6593 = DIRECTION ( 'NONE',  ( 0.000000000000000000, -1.000000000000000000, -1.224606353822379970E-16 ) ) ;
#6594 = VECTOR ( 'NONE', #4479, 39.37007874015748143 ) ;
#6595 = CARTESIAN_POINT ( 'NONE',  ( 0.01456692913385826751, -0.02559055118110226817, 0.05649606299212599214 ) ) ;
#6596 = DIRECTION ( 'NONE',  ( 1.000000000000000000, -3.552713678800500140E-15, 0.000000000000000000 ) ) ;
#6597 = CARTESIAN_POINT ( 'NONE',  ( -0.08188976377952757180, -0.01968503937007866356, 0.06633858267716535861 ) ) ;
#6598 = DIRECTION ( 'NONE',  ( -1.000000000000000000, 0.000000000000000000, -0.000000000000000000 ) ) ;
#6599 = EDGE_CURVE ( 'NONE', #7067, #1089, #3447, .T. ) ;
#6600 = EDGE_LOOP ( 'NONE', ( #7071, #3317, #2761, #4148 ) ) ;
#6601 = ORIENTED_EDGE ( 'NONE', *, *, #4379, .F. ) ;
#6602 = PLANE ( 'NONE',  #2819 ) ;
#6603 = CARTESIAN_POINT ( 'NONE',  ( -0.07575266327003248035, -0.02072718851320058328, 0.1218503937007874155 ) ) ;
#6604 = LINE ( 'NONE', #1665, #3979 ) ;
#6605 = ADVANCED_FACE ( 'NONE', ( #2872 ), #5710, .T. ) ;
#6606 = ORIENTED_EDGE ( 'NONE', *, *, #1149, .T. ) ;
#6607 = EDGE_LOOP ( 'NONE', ( #20, #2019, #382, #3762 ) ) ;
#6608 = FACE_OUTER_BOUND ( 'NONE', #337, .T. ) ;
#6609 = VERTEX_POINT ( 'NONE', #3930 ) ;
#6610 = FACE_OUTER_BOUND ( 'NONE', #5312, .T. ) ;
#6611 = ORIENTED_EDGE ( 'NONE', *, *, #3565, .T. ) ;
#6612 = CARTESIAN_POINT ( 'NONE',  ( -0.08188976377952757180, -0.02165354330708653754, 0.1218503937007874155 ) ) ;
#6613 = VERTEX_POINT ( 'NONE', #6245 ) ;
#6614 = CARTESIAN_POINT ( 'NONE',  ( 0.006692913385826772428, -0.01574803149606291558, 0.03484251968503937480 ) ) ;
#6615 = CARTESIAN_POINT ( 'NONE',  ( -0.07007874015748032093, -0.01574803149606291558, 0.04311023622047244208 ) ) ;
#6616 = CYLINDRICAL_SURFACE ( 'NONE', #4513, 0.001968503937007873988 ) ;
#6617 = DIRECTION ( 'NONE',  ( 1.000000000000000000, 3.552713678800500140E-15, -0.000000000000000000 ) ) ;
#6618 = ORIENTED_EDGE ( 'NONE', *, *, #3903, .F. ) ;
#6619 =( GEOMETRIC_REPRESENTATION_CONTEXT ( 3 ) GLOBAL_UNCERTAINTY_ASSIGNED_CONTEXT ( ( #1498 ) ) GLOBAL_UNIT_ASSIGNED_CONTEXT ( ( #350, #3111, #5377 ) ) REPRESENTATION_CONTEXT ( 'NONE', 'WORKASPACE' ) );
#6620 = ORIENTED_EDGE ( 'NONE', *, *, #5853, .F. ) ;
#6621 = CARTESIAN_POINT ( 'NONE',  ( -0.07575266327003267464, -0.02072718851320047226, 0.01909448818897637595 ) ) ;
#6622 = ORIENTED_EDGE ( 'NONE', *, *, #6482, .F. ) ;
#6623 = DIRECTION ( 'NONE',  ( 0.000000000000000000, 0.000000000000000000, 1.000000000000000000 ) ) ;
#6624 = ORIENTED_EDGE ( 'NONE', *, *, #986, .T. ) ;
#6625 = AXIS2_PLACEMENT_3D ( 'NONE', #3793, #890, #4433 ) ;
#6626 = LINE ( 'NONE', #3392, #4321 ) ;
#6627 = DIRECTION ( 'NONE',  ( -1.000000000000000000, 0.000000000000000000, 0.000000000000000000 ) ) ;
#6628 = FACE_OUTER_BOUND ( 'NONE', #1028, .T. ) ;
#6629 = LINE ( 'NONE', #1444, #6523 ) ;
#6630 = EDGE_CURVE ( 'NONE', #3398, #4839, #1163, .T. ) ;
#6631 = DIRECTION ( 'NONE',  ( -0.4705882352941179736, -0.8823529411764702290, 0.000000000000000000 ) ) ;
#6632 = VECTOR ( 'NONE', #727, 39.37007874015748143 ) ;
#6633 = FACE_OUTER_BOUND ( 'NONE', #6974, .T. ) ;
#6634 = ORIENTED_EDGE ( 'NONE', *, *, #5658, .F. ) ;
#6635 = ORIENTED_EDGE ( 'NONE', *, *, #4310, .T. ) ;
#6636 = DIRECTION ( 'NONE',  ( -1.000000000000000000, 0.000000000000000000, 0.000000000000000000 ) ) ;
#6637 = MECHANICAL_DESIGN_GEOMETRIC_PRESENTATION_REPRESENTATION (  '', ( #6379 ), #5299 ) ;
#6638 = CARTESIAN_POINT ( 'NONE',  ( -0.08015284854099133383, -0.02061139416396472537, 0.1061023622047244097 ) ) ;
#6639 = EDGE_CURVE ( 'NONE', #4778, #6389, #2295, .T. ) ;
#6640 = VERTEX_POINT ( 'NONE', #4604 ) ;
#6641 = DIRECTION ( 'NONE',  ( -0.7071067811865250352, 0.7071067811865699992, 0.000000000000000000 ) ) ;
#6642 = VECTOR ( 'NONE', #1073, 39.37007874015748143 ) ;
#6643 = VERTEX_POINT ( 'NONE', #1699 ) ;
#6644 = AXIS2_PLACEMENT_3D ( 'NONE', #6474, #3747, #3669 ) ;
#6645 = ORIENTED_EDGE ( 'NONE', *, *, #7419, .T. ) ;
#6646 = EDGE_CURVE ( 'NONE', #5895, #3094, #2708, .T. ) ;
#6647 = PRODUCT_RELATED_PRODUCT_CATEGORY ( 'part', '', ( #2667 ) ) ;
#6648 = CARTESIAN_POINT ( 'NONE',  ( 0.02480314960629929552, -0.02165354330708653754, 0.05649606299212597826 ) ) ;
#6649 = DIRECTION ( 'NONE',  ( 1.000000000000000000, -0.000000000000000000, 0.000000000000000000 ) ) ;
#6650 = EDGE_CURVE ( 'NONE', #3674, #6136, #6925, .T. ) ;
#6651 = VERTEX_POINT ( 'NONE', #648 ) ;
#6652 = LINE ( 'NONE', #6076, #3048 ) ;
#6653 = VERTEX_POINT ( 'NONE', #5938 ) ;
#6654 = CARTESIAN_POINT ( 'NONE',  ( -0.09212598425196889818, -0.03007883464566929108, 0.05018744475462323662 ) ) ;
#6655 = DIRECTION ( 'NONE',  ( 7.930919325675893753E-32, 1.224606353822379970E-16, -1.000000000000000000 ) ) ;
#6656 = LINE ( 'NONE', #1471, #1667 ) ;
#6657 = ORIENTED_EDGE ( 'NONE', *, *, #497, .F. ) ;
#6658 = ORIENTED_EDGE ( 'NONE', *, *, #3187, .T. ) ;
#6659 = DIRECTION ( 'NONE',  ( 0.000000000000000000, 0.000000000000000000, -1.000000000000000000 ) ) ;
#6660 = VERTEX_POINT ( 'NONE', #195 ) ;
#6661 =( GEOMETRIC_REPRESENTATION_CONTEXT ( 3 ) GLOBAL_UNCERTAINTY_ASSIGNED_CONTEXT ( ( #7171 ) ) GLOBAL_UNIT_ASSIGNED_CONTEXT ( ( #1875, #2277, #4741 ) ) REPRESENTATION_CONTEXT ( 'NONE', 'WORKASPACE' ) );
#6662 = CARTESIAN_POINT ( 'NONE',  ( 0.02480314960629933368, -0.02559055118110227164, 0.1135826771653543343 ) ) ;
#6663 = AXIS2_PLACEMENT_3D ( 'NONE', #5457, #2016, #198 ) ;
#6664 = DIRECTION ( 'NONE',  ( 3.552713678800500140E-15, -1.000000000000000000, 0.000000000000000000 ) ) ;
#6665 = CARTESIAN_POINT ( 'NONE',  ( -0.07007874015748032093, -0.01968503937007873988, -0.2362204724409449064 ) ) ;
#6666 = ORIENTED_EDGE ( 'NONE', *, *, #3800, .T. ) ;
#6667 = FACE_OUTER_BOUND ( 'NONE', #3878, .T. ) ;
#6668 = CARTESIAN_POINT ( 'NONE',  ( -0.07575266327003248035, -0.02072718851320058328, 0.1061023622047244097 ) ) ;
#6669 = VECTOR ( 'NONE', #910, 39.37007874015748143 ) ;
#6670 = CARTESIAN_POINT ( 'NONE',  ( -0.08188976377952757180, -0.01968503937007866356, 0.1037401574803149540 ) ) ;
#6671 = EDGE_CURVE ( 'NONE', #6643, #6258, #6098, .T. ) ;
#6672 = ORIENTED_EDGE ( 'NONE', *, *, #4859, .F. ) ;
#6673 = EDGE_CURVE ( 'NONE', #982, #3266, #2333, .T. ) ;
#6674 = CIRCLE ( 'NONE', #4599, 0.001968503937007874856 ) ;
#6675 = ORIENTED_EDGE ( 'NONE', *, *, #1904, .T. ) ;
#6676 = DIRECTION ( 'NONE',  ( 1.000000000000000000, 3.552713678800500140E-15, 0.000000000000000000 ) ) ;
#6677 = DIRECTION ( 'NONE',  ( 0.000000000000000000, 1.000000000000000000, 0.000000000000000000 ) ) ;
#6678 = LINE ( 'NONE', #2093, #6167 ) ;
#6679 = VECTOR ( 'NONE', #2008, 39.37007874015748854 ) ;
#6680 = EDGE_CURVE ( 'NONE', #2868, #6651, #655, .T. ) ;
#6681 = EDGE_CURVE ( 'NONE', #475, #2139, #7110, .T. ) ;
#6682 = ORIENTED_EDGE ( 'NONE', *, *, #4733, .T. ) ;
#6683 =( GEOMETRIC_REPRESENTATION_CONTEXT ( 3 ) GLOBAL_UNCERTAINTY_ASSIGNED_CONTEXT ( ( #6797 ) ) GLOBAL_UNIT_ASSIGNED_CONTEXT ( ( #1215, #4049, #6937 ) ) REPRESENTATION_CONTEXT ( 'NONE', 'WORKASPACE' ) );
#6684 = ORIENTED_EDGE ( 'NONE', *, *, #6304, .F. ) ;
#6685 = CARTESIAN_POINT ( 'NONE',  ( 0.002755905511811054809, -0.01574803149606291558, 0.1061023622047244097 ) ) ;
#6686 = VERTEX_POINT ( 'NONE', #5254 ) ;
#6687 = CARTESIAN_POINT ( 'NONE',  ( -0.1171317238735696958, -0.02559055118110228552, 0.08799212598425197596 ) ) ;
#6688 = DIRECTION ( 'NONE',  ( -0.4705882352941007651, 0.8823529411764794439, 0.000000000000000000 ) ) ;
#6689 = VERTEX_POINT ( 'NONE', #43 ) ;
#6690 = VECTOR ( 'NONE', #611, 39.37007874015749564 ) ;
#6691 = ADVANCED_FACE ( 'NONE', ( #2913 ), #5378, .T. ) ;
#6692 = ADVANCED_FACE ( 'NONE', ( #160 ), #4763, .F. ) ;
#6693 = DIRECTION ( 'NONE',  ( -0.000000000000000000, 0.9851275630313912623, 0.1718245749473350514 ) ) ;
#6694 = DIRECTION ( 'NONE',  ( -1.000000000000000000, 0.000000000000000000, 0.000000000000000000 ) ) ;
#6695 = CARTESIAN_POINT ( 'NONE',  ( -0.07667901806391835828, -0.02246410375173656104, 0.08208661417322835052 ) ) ;
#6696 = DIRECTION ( 'NONE',  ( -0.4705882352941007651, 0.8823529411764794439, 0.000000000000000000 ) ) ;
#6697 = VERTEX_POINT ( 'NONE', #3589 ) ;
#6698 = EDGE_LOOP ( 'NONE', ( #1433, #1870, #1949, #7201 ) ) ;
#6699 = CARTESIAN_POINT ( 'NONE',  ( -0.07575266327003267464, -0.02072718851320047226, 0.06633858267716535861 ) ) ;
#6700 = DIRECTION ( 'NONE',  ( 1.000000000000000000, -3.675174314182740233E-15, -0.000000000000000000 ) ) ;
#6701 = EDGE_CURVE ( 'NONE', #974, #1739, #4192, .T. ) ;
#6702 = VECTOR ( 'NONE', #6693, 39.37007874015748143 ) ;
#6703 = LINE ( 'NONE', #843, #4335 ) ;
#6704 = CARTESIAN_POINT ( 'NONE',  ( -0.04940944881889763191, 0.01929133858267720325, 0.01535433070866141884 ) ) ;
#6705 = LINE ( 'NONE', #6132, #6146 ) ;
#6706 = CARTESIAN_POINT ( 'NONE',  ( 0.01456692913385826751, -0.01968503937007866356, 0.05885826771653544093 ) ) ;
#6708 = CARTESIAN_POINT ( 'NONE',  ( -0.06181102362204723977, 0.01929133858267746693, 0.1232283464566929221 ) ) ;
#6707 = VECTOR ( 'NONE', #3035, 39.37007874015749564 ) ;
#6709 = ORIENTED_EDGE ( 'NONE', *, *, #6091, .F. ) ;
#6710 = DIRECTION ( 'NONE',  ( 0.000000000000000000, 1.000000000000000000, -0.000000000000000000 ) ) ;
#6711 = ORIENTED_EDGE ( 'NONE', *, *, #3340, .T. ) ;
#6712 = AXIS2_PLACEMENT_3D ( 'NONE', #5163, #3359, #3954 ) ;
#6713 = ORIENTED_EDGE ( 'NONE', *, *, #2885, .T. ) ;
#6714 = LINE ( 'NONE', #5138, #1738 ) ;
#6715 = LINE ( 'NONE', #2022, #832 ) ;
#6716 = LINE ( 'NONE', #1527, #1940 ) ;
#6717 = ORIENTED_EDGE ( 'NONE', *, *, #3186, .F. ) ;
#6718 = ORIENTED_EDGE ( 'NONE', *, *, #6110, .F. ) ;
#6719 = EDGE_CURVE ( 'NONE', #6830, #852, #4628, .T. ) ;
#6720 = UNCERTAINTY_MEASURE_WITH_UNIT (LENGTH_MEASURE( 1.000000000000000082E-05 ), #7174, 'distance_accuracy_value', 'NONE');
#6721 = EDGE_CURVE ( 'NONE', #1837, #3371, #5339, .T. ) ;
#6722 = ORIENTED_EDGE ( 'NONE', *, *, #1806, .T. ) ;
#6723 = DIRECTION ( 'NONE',  ( 1.000000000000000000, 3.552713678800500140E-15, 0.000000000000000000 ) ) ;
#6724 = ORIENTED_EDGE ( 'NONE', *, *, #698, .T. ) ;
#6725 = VERTEX_POINT ( 'NONE', #6551 ) ;
#6726 = CARTESIAN_POINT ( 'NONE',  ( 0.002755905511811067819, -0.01968503937007862192, 0.000000000000000000 ) ) ;
#6727 = CARTESIAN_POINT ( 'NONE',  ( -0.05263880110148464603, 0.01929133858267743570, 0.1192913385826771533 ) ) ;
#6728 = DIRECTION ( 'NONE',  ( 0.000000000000000000, 1.000000000000000000, 1.224606353822379970E-16 ) ) ;
#6729 = FACE_OUTER_BOUND ( 'NONE', #1524, .T. ) ;
#6730 = EDGE_LOOP ( 'NONE', ( #2821, #6339, #2491, #1745 ) ) ;
#6731 = EDGE_LOOP ( 'NONE', ( #2534, #5671, #1395, #615, #3657, #6173, #7235, #1450, #5801, #5314, #3553, #1914 ) ) ;
#6732 = EDGE_CURVE ( 'NONE', #2089, #4815, #4072, .T. ) ;
#6733 = CARTESIAN_POINT ( 'NONE',  ( -0.005511811023622126965, 0.01338582677165358649, 0.01535433070866141884 ) ) ;
#6734 = DIRECTION ( 'NONE',  ( 0.000000000000000000, 1.000000000000000000, 0.000000000000000000 ) ) ;
#6735 = VERTEX_POINT ( 'NONE', #3516 ) ;
#6736 = VECTOR ( 'NONE', #2012, 39.37007874015748143 ) ;
#6737 = FILL_AREA_STYLE ('',( #3885 ) ) ;
#6738 = DIRECTION ( 'NONE',  ( -1.000000000000000000, 0.000000000000000000, 0.000000000000000000 ) ) ;
#6739 = DIRECTION ( 'NONE',  ( -0.4705882352940230495, -0.8823529411765209662, 0.000000000000000000 ) ) ;
#6740 = DIRECTION ( 'NONE',  ( 0.000000000000000000, 1.000000000000000000, -0.000000000000000000 ) ) ;
#6741 = EDGE_CURVE ( 'NONE', #5460, #3549, #1854, .T. ) ;
#6742 = LINE ( 'NONE', #3891, #4239 ) ;
#6743 = ORIENTED_EDGE ( 'NONE', *, *, #1418, .F. ) ;
#6744 = CARTESIAN_POINT ( 'NONE',  ( 0.000000000000000000, 0.01732283464566940906, 0.000000000000000000 ) ) ;
#6745 = AXIS2_PLACEMENT_3D ( 'NONE', #7084, #3981, #3084 ) ;
#6746 = ORIENTED_EDGE ( 'NONE', *, *, #6342, .F. ) ;
#6747 = VERTEX_POINT ( 'NONE', #120 ) ;
#6748 = DIRECTION ( 'NONE',  ( -0.5773502691896242878, -0.5773502691896266192, -0.5773502691896263972 ) ) ;
#6749 = FACE_OUTER_BOUND ( 'NONE', #962, .T. ) ;
#6750 = AXIS2_PLACEMENT_3D ( 'NONE', #3036, #5340, #5939 ) ;
#6751 = CARTESIAN_POINT ( 'NONE',  ( -0.07575266327003267464, -0.02072718851320047226, 0.08208661417322835052 ) ) ;
#6752 = VECTOR ( 'NONE', #5588, 39.37007874015748143 ) ;
#6753 = AXIS2_PLACEMENT_3D ( 'NONE', #5769, #2359, #2947 ) ;
#6754 = ORIENTED_EDGE ( 'NONE', *, *, #3907, .F. ) ;
#6755 = VERTEX_POINT ( 'NONE', #4152 ) ;
#6756 =( LENGTH_UNIT ( ) NAMED_UNIT ( * ) SI_UNIT ( $, .METRE. ) );
#6757 = VECTOR ( 'NONE', #5434, 39.37007874015748143 ) ;
#6758 = DIRECTION ( 'NONE',  ( 0.000000000000000000, 1.000000000000000000, 0.000000000000000000 ) ) ;
#6759 = ORIENTED_EDGE ( 'NONE', *, *, #5383, .F. ) ;
#6760 = VECTOR ( 'NONE', #6777, 39.37007874015748143 ) ;
#6761 = VERTEX_POINT ( 'NONE', #2369 ) ;
#6762 = EDGE_CURVE ( 'NONE', #5967, #3104, #1279, .T. ) ;
#6763 = EDGE_CURVE ( 'NONE', #7052, #2842, #6511, .T. ) ;
#6764 = CARTESIAN_POINT ( 'NONE',  ( 0.006692913385826768091, -0.01968503937007860805, 0.02500000000000000139 ) ) ;
#6765 = CARTESIAN_POINT ( 'NONE',  ( -0.09212598425196850960, -0.02559055118110228552, 0.04074803149606298636 ) ) ;
#6766 = LINE ( 'NONE', #7428, #6642 ) ;
#6767 = EDGE_LOOP ( 'NONE', ( #5236, #1941, #3245, #1166 ) ) ;
#6768 = ORIENTED_EDGE ( 'NONE', *, *, #4824, .F. ) ;
#6769 = CARTESIAN_POINT ( 'NONE',  ( -0.1171317238735696958, -0.02165354330708653754, 0.1037401574803149540 ) ) ;
#6770 = VECTOR ( 'NONE', #4369, 39.37007874015748854 ) ;
#6771 = LINE ( 'NONE', #6202, #6791 ) ;
#6772 = EDGE_CURVE ( 'NONE', #4508, #5483, #5217, .T. ) ;
#6773 = CARTESIAN_POINT ( 'NONE',  ( 0.009356183418249165024, -0.02246410375173678656, 0.06633858267716535861 ) ) ;
#6774 = VECTOR ( 'NONE', #622, 39.37007874015748143 ) ;
#6775 = DIRECTION ( 'NONE',  ( 0.000000000000000000, 1.000000000000000000, 1.224606353822379970E-16 ) ) ;
#6776 = DIRECTION ( 'NONE',  ( 6.476300976980080477E-16, -1.000000000000000000, 0.000000000000000000 ) ) ;
#6777 = DIRECTION ( 'NONE',  ( -0.000000000000000000, 1.000000000000000000, 1.224606353822379970E-16 ) ) ;
#6778 = DIRECTION ( 'NONE',  ( 1.000000000000000000, 3.552713678800500140E-15, 0.000000000000000000 ) ) ;
#6779 = EDGE_LOOP ( 'NONE', ( #4128, #2243, #4535, #3471, #1338, #1646, #874, #1216, #7248, #5765, #102, #4656 ) ) ;
#6780 = LINE ( 'NONE', #3894, #6427 ) ;
#6781 = CIRCLE ( 'NONE', #3507, 0.001968503937007874856 ) ;
#6782 = ORIENTED_EDGE ( 'NONE', *, *, #2373, .F. ) ;
#6783 = ADVANCED_FACE ( 'NONE', ( #2456 ), #7074, .F. ) ;
#6784 = EDGE_CURVE ( 'NONE', #245, #6942, #767, .T. ) ;
#6785 = ADVANCED_FACE ( 'NONE', ( #4424 ), #5559, .T. ) ;
#6786 = VERTEX_POINT ( 'NONE', #5413 ) ;
#6787 = FACE_OUTER_BOUND ( 'NONE', #100, .T. ) ;
#6788 = LINE ( 'NONE', #3965, #222 ) ;
#6789 = VECTOR ( 'NONE', #1797, 39.37007874015748143 ) ;
#6790 = LINE ( 'NONE', #405, #1332 ) ;
#6791 = VECTOR ( 'NONE', #1009, 39.37007874015748143 ) ;
#6792 = VECTOR ( 'NONE', #3788, 39.37007874015748854 ) ;
#6793 = EDGE_CURVE ( 'NONE', #2522, #2870, #4948, .T. ) ;
#6794 = ORIENTED_EDGE ( 'NONE', *, *, #3903, .T. ) ;
#6796 =( CONVERSION_BASED_UNIT ( 'INCH', #5721 ) LENGTH_UNIT ( ) NAMED_UNIT ( #2219 ) );
#6795 = VECTOR ( 'NONE', #5555, 39.37007874015748143 ) ;
#6797 = UNCERTAINTY_MEASURE_WITH_UNIT (LENGTH_MEASURE( 1.000000000000000082E-05 ), #1215, 'distance_accuracy_value', 'NONE');
#6798 = SURFACE_STYLE_FILL_AREA ( #2703 ) ;
#6799 = ORIENTED_EDGE ( 'NONE', *, *, #1819, .T. ) ;
#6800 = COLOUR_RGB ( '',0.6470588235294117974, 0.5176470588235293491, 0.000000000000000000 ) ;
#6801 = VECTOR ( 'NONE', #4519, 39.37007874015748143 ) ;
#6802 = ORIENTED_EDGE ( 'NONE', *, *, #6762, .F. ) ;
#6803 = CARTESIAN_POINT ( 'NONE',  ( 0.006692913385826772428, -0.01574803149606291558, 0.1037401574803149540 ) ) ;
#6804 = CARTESIAN_POINT ( 'NONE',  ( -0.07007874015748032093, -0.01574803149606291558, 0.07460629921259842590 ) ) ;
#6805 = CARTESIAN_POINT ( 'NONE',  ( -0.09212598425196878715, -0.02165354330708653754, 0.1135826771653543343 ) ) ;
#6806 = EDGE_LOOP ( 'NONE', ( #1972, #2032, #1684, #1434 ) ) ;
#6807 = LINE ( 'NONE', #3217, #1582 ) ;
#6808 = AXIS2_PLACEMENT_3D ( 'NONE', #6483, #3681, #1905 ) ;
#6809 = SURFACE_STYLE_FILL_AREA ( #5592 ) ;
#6810 = CARTESIAN_POINT ( 'NONE',  ( 0.002755905511811067386, -0.01968503937007862192, 0.1346456692913385877 ) ) ;
#6811 = CARTESIAN_POINT ( 'NONE',  ( 0.03243176042908597900, -0.02559055118110224736, 0.1061023622047244097 ) ) ;
#6812 = CARTESIAN_POINT ( 'NONE',  ( -0.03366141732283464694, -0.02362204724409448786, 0.1385826771653543565 ) ) ;
#6813 =( BOUNDED_CURVE ( )  B_SPLINE_CURVE ( 3, ( #6562, #6520, #6443, #2425 ),
 .UNSPECIFIED., .F., .F. ) 
 B_SPLINE_CURVE_WITH_KNOTS ( ( 4, 4 ),
 ( 4.539707488766683063, 4.712388980384685233 ),
 .UNSPECIFIED. ) 
 CURVE ( )  GEOMETRIC_REPRESENTATION_ITEM ( )  RATIONAL_B_SPLINE_CURVE ( ( 1.000000000000000000, 0.9975166351796085351, 0.9975166351796085351, 1.000000000000000000 ) ) 
 REPRESENTATION_ITEM ( '' )  );
#6814 = LINE ( 'NONE', #3924, #1088 ) ;
#6815 = VERTEX_POINT ( 'NONE', #3222 ) ;
#6816 = ADVANCED_FACE ( 'NONE', ( #946 ), #881, .F. ) ;
#6817 = DIRECTION ( 'NONE',  ( 0.000000000000000000, -1.000000000000000000, -1.224606353822379970E-16 ) ) ;
#6818 = EDGE_CURVE ( 'NONE', #6653, #1735, #351, .T. ) ;
#6819 = AXIS2_PLACEMENT_3D ( 'NONE', #855, #2693, #1986 ) ;
#6820 = ORIENTED_EDGE ( 'NONE', *, *, #3433, .T. ) ;
#6821 = ORIENTED_EDGE ( 'NONE', *, *, #2699, .F. ) ;
#6822 = CARTESIAN_POINT ( 'NONE',  ( -0.09212598425196878715, -0.02165354330708653754, 0.08208661417322835052 ) ) ;
#6823 = CIRCLE ( 'NONE', #904, 0.005905511811023620231 ) ;
#6824 = LINE ( 'NONE', #6356, #2631 ) ;
#6825 = ORIENTED_EDGE ( 'NONE', *, *, #1773, .T. ) ;
#6826 = DIRECTION ( 'NONE',  ( -0.000000000000000000, 0.000000000000000000, 1.000000000000000000 ) ) ;
#6827 = FACE_OUTER_BOUND ( 'NONE', #2628, .T. ) ;
#6828 = EDGE_CURVE ( 'NONE', #3603, #6333, #1250, .T. ) ;
#6829 = VECTOR ( 'NONE', #1730, 39.37007874015748143 ) ;
#6830 = VERTEX_POINT ( 'NONE', #2536 ) ;
#6831 =( NAMED_UNIT ( * ) SI_UNIT ( $, .STERADIAN. ) SOLID_ANGLE_UNIT ( ) );
#6832 = EDGE_CURVE ( 'NONE', #5354, #3813, #3258, .T. ) ;
#6833 = DIRECTION ( 'NONE',  ( 3.552713678800500140E-15, -1.000000000000000000, 0.000000000000000000 ) ) ;
#6834 = VERTEX_POINT ( 'NONE', #2079 ) ;
#6835 = VERTEX_POINT ( 'NONE', #6130 ) ;
#6836 = DIRECTION ( 'NONE',  ( -5.084870673310913741E-17, 2.711931025765824031E-17, -1.000000000000000000 ) ) ;
#6837 = DIRECTION ( 'NONE',  ( -1.000000000000000000, 6.476300976980080477E-16, 0.000000000000000000 ) ) ;
#6838 = DIRECTION ( 'NONE',  ( -1.000000000000000000, -3.552713678800500140E-15, 0.000000000000000000 ) ) ;
#6839 = VERTEX_POINT ( 'NONE', #2681 ) ;
#6840 = DIRECTION ( 'NONE',  ( -0.000000000000000000, -1.000000000000000000, -1.224606353822379970E-16 ) ) ;
#6841 = CARTESIAN_POINT ( 'NONE',  ( -0.06692913385826770867, -0.01968503937007873988, 0.03484251968503938868 ) ) ;
#6842 = CARTESIAN_POINT ( 'NONE',  ( 0.006692913385826772428, -0.02165354330708653754, 0.05649606299212599214 ) ) ;
#6843 = CARTESIAN_POINT ( 'NONE',  ( -0.07007874015748032093, -0.01574803149606291558, 0.07224409448818898405 ) ) ;
#6844 = DIRECTION ( 'NONE',  ( 0.000000000000000000, 1.000000000000000000, -0.000000000000000000 ) ) ;
#6845 = DIRECTION ( 'NONE',  ( 0.000000000000000000, -0.000000000000000000, -1.000000000000000000 ) ) ;
#6846 = VERTEX_POINT ( 'NONE', #915 ) ;
#6847 = LINE ( 'NONE', #6744, #7280 ) ;
#6848 = ORIENTED_EDGE ( 'NONE', *, *, #1581, .F. ) ;
#6849 = ORIENTED_EDGE ( 'NONE', *, *, #4337, .T. ) ;
#6850 = ADVANCED_FACE ( 'NONE', ( #4841 ), #4277, .T. ) ;
#6851 = DIRECTION ( 'NONE',  ( 0.000000000000000000, 1.000000000000000000, 0.000000000000000000 ) ) ;
#6852 = ADVANCED_FACE ( 'NONE', ( #5488 ), #4352, .T. ) ;
#6853 = DIRECTION ( 'NONE',  ( 0.000000000000000000, 1.000000000000000000, 0.000000000000000000 ) ) ;
#6854 = ORIENTED_EDGE ( 'NONE', *, *, #1808, .T. ) ;
#6855 = CARTESIAN_POINT ( 'NONE',  ( 0.01456692913385826751, -0.02165354330708653754, 0.06633858267716535861 ) ) ;
#6856 = EDGE_CURVE ( 'NONE', #1703, #4016, #318, .T. ) ;
#6857 = AXIS2_PLACEMENT_3D ( 'NONE', #1901, #2426, #1142 ) ;
#6858 = DIRECTION ( 'NONE',  ( 0.000000000000000000, 1.224606353822379970E-16, -1.000000000000000000 ) ) ;
#6859 = ORIENTED_EDGE ( 'NONE', *, *, #2509, .T. ) ;
#6860 = VECTOR ( 'NONE', #7293, 39.37007874015748143 ) ;
#6861 = DIRECTION ( 'NONE',  ( -0.000000000000000000, 0.000000000000000000, 1.000000000000000000 ) ) ;
#6862 = EDGE_CURVE ( 'NONE', #812, #6140, #4509, .T. ) ;
#6863 = SURFACE_STYLE_USAGE ( .BOTH. , #3905 ) ;
#6864 = CIRCLE ( 'NONE', #6750, 0.001968503937007874856 ) ;
#6865 = DIRECTION ( 'NONE',  ( -1.000000000000000000, -3.714925613834969786E-15, 0.000000000000000000 ) ) ;
#6866 = ORIENTED_EDGE ( 'NONE', *, *, #3819, .T. ) ;
#6867 = ORIENTED_EDGE ( 'NONE', *, *, #1517, .F. ) ;
#6868 = ORIENTED_EDGE ( 'NONE', *, *, #2024, .F. ) ;
#6869 = EDGE_CURVE ( 'NONE', #1378, #3107, #919, .T. ) ;
#6870 = ADVANCED_FACE ( 'NONE', ( #844 ), #7195, .F. ) ;
#6871 = CARTESIAN_POINT ( 'NONE',  ( 0.009356183418249208392, -0.02246410375173683166, 0.1061023622047244097 ) ) ;
#6872 = LINE ( 'NONE', #1681, #6224 ) ;
#6873 = CARTESIAN_POINT ( 'NONE',  ( -0.0003937007874015160881, -0.02362204724409448786, 0.1377952755905511584 ) ) ;
#6874 = ORIENTED_EDGE ( 'NONE', *, *, #2430, .F. ) ;
#6875 = VERTEX_POINT ( 'NONE', #276 ) ;
#6876 = CARTESIAN_POINT ( 'NONE',  ( -0.0003937007874015315380, -0.01968503937007862192, -0.1574803149606299191 ) ) ;
#6877 = LINE ( 'NONE', #1115, #7033 ) ;
#6878 = VECTOR ( 'NONE', #1298, 39.37007874015748143 ) ;
#6879 = CARTESIAN_POINT ( 'NONE',  ( 0.009356183418249165024, -0.02246410375173678656, 0.05649606299212599214 ) ) ;
#6880 = DIRECTION ( 'NONE',  ( 0.000000000000000000, 0.000000000000000000, -1.000000000000000000 ) ) ;
#6881 = CARTESIAN_POINT ( 'NONE',  ( -0.07007874015748032093, -0.01574803149606291558, 0.05059055118110235977 ) ) ;
#6882 = CYLINDRICAL_SURFACE ( 'NONE', #4087, 0.001968503937007874856 ) ;
#6883 = AXIS2_PLACEMENT_3D ( 'NONE', #531, #4560, #1692 ) ;
#6884 = FACE_OUTER_BOUND ( 'NONE', #7019, .T. ) ;
#6885 = VERTEX_POINT ( 'NONE', #2576 ) ;
#6886 = CARTESIAN_POINT ( 'NONE',  ( 0.01456692913385826751, -0.02165354330708653754, 0.07460629921259842590 ) ) ;
#6887 = AXIS2_PLACEMENT_3D ( 'NONE', #894, #4820, #1497 ) ;
#6888 = ORIENTED_EDGE ( 'NONE', *, *, #442, .F. ) ;
#6889 = EDGE_LOOP ( 'NONE', ( #4394, #2837, #468, #4745, #3855, #7191, #7361, #1565, #2104, #802, #7189, #4936 ) ) ;
#6890 = LINE ( 'NONE', #1052, #1862 ) ;
#6891 = CARTESIAN_POINT ( 'NONE',  ( -0.07575266327003267464, -0.02072718851320047226, 0.09035433070866143168 ) ) ;
#6892 = CARTESIAN_POINT ( 'NONE',  ( -0.07575266327003248035, -0.02072718851320058328, 0.04311023622047244208 ) ) ;
#6893 = ORIENTED_EDGE ( 'NONE', *, *, #1711, .T. ) ;
#6894 = LINE ( 'NONE', #3559, #7263 ) ;
#6895 = FACE_OUTER_BOUND ( 'NONE', #2212, .T. ) ;
#6896 = EDGE_CURVE ( 'NONE', #4243, #1329, #2953, .T. ) ;
#6897 = VECTOR ( 'NONE', #730, 39.37007874015748143 ) ;
#6898 = ORIENTED_EDGE ( 'NONE', *, *, #3433, .F. ) ;
#6899 = DIRECTION ( 'NONE',  ( -0.000000000000000000, 0.000000000000000000, 1.000000000000000000 ) ) ;
#6900 = CIRCLE ( 'NONE', #2916, 0.005905511811023620231 ) ;
#6901 = EDGE_CURVE ( 'NONE', #3644, #1973, #1442, .T. ) ;
#6902 = EDGE_CURVE ( 'NONE', #6875, #663, #2286, .T. ) ;
#6903 = EDGE_LOOP ( 'NONE', ( #2554, #5031, #6591, #5349 ) ) ;
#6904 = ORIENTED_EDGE ( 'NONE', *, *, #6223, .T. ) ;
#6905 = FACE_OUTER_BOUND ( 'NONE', #6889, .T. ) ;
#6906 = AXIS2_PLACEMENT_3D ( 'NONE', #1133, #6250, #6114 ) ;
#6907 = CARTESIAN_POINT ( 'NONE',  ( -0.06181102362204724671, 0.01338582677165362292, 0.1232283464566929221 ) ) ;
#6908 = VERTEX_POINT ( 'NONE', #2827 ) ;
#6909 = DIRECTION ( 'NONE',  ( 0.4705882352941179736, 0.8823529411764702290, 0.000000000000000000 ) ) ;
#6910 = FILL_AREA_STYLE ('',( #2281 ) ) ;
#6911 = EDGE_CURVE ( 'NONE', #313, #1184, #179, .T. ) ;
#6912 = VECTOR ( 'NONE', #357, 39.37007874015748143 ) ;
#6913 = CARTESIAN_POINT ( 'NONE',  ( -0.01141732283464566913, -0.01234086329729071514, 0.1137740940687292923 ) ) ;
#6914 = CARTESIAN_POINT ( 'NONE',  ( -0.07922649374710512282, -0.01887447892542834862, 0.04074803149606298636 ) ) ;
#6915 = LINE ( 'NONE', #2324, #4890 ) ;
#6916 = PLANE ( 'NONE',  #1060 ) ;
#6917 = COLOUR_RGB ( '',0.6470588235294117974, 0.5176470588235293491, 0.000000000000000000 ) ;
#6918 = CARTESIAN_POINT ( 'NONE',  ( 0.02480314960629930246, -0.02165354330708653754, 0.09743153924281221234 ) ) ;
#6919 = CARTESIAN_POINT ( 'NONE',  ( -0.01377952755905510404, -0.01456692913385819119, 0.1113999723756204652 ) ) ;
#6920 = LINE ( 'NONE', #678, #3296 ) ;
#6921 = EDGE_CURVE ( 'NONE', #1721, #3823, #492, .T. ) ;
#6922 = CIRCLE ( 'NONE', #1490, 0.005905511811023621965 ) ;
#6923 = VERTEX_POINT ( 'NONE', #1118 ) ;
#6924 = CARTESIAN_POINT ( 'NONE',  ( -0.01141732283464574893, 0.01929133858267724488, 0.01535433070866141884 ) ) ;
#6925 = LINE ( 'NONE', #1741, #6332 ) ;
#6926 = CARTESIAN_POINT ( 'NONE',  ( -0.07401574803149606196, -0.01968503937007873988, 0.04074803149606297942 ) ) ;
#6927 = DIRECTION ( 'NONE',  ( 0.000000000000000000, 0.000000000000000000, 1.000000000000000000 ) ) ;
#6928 = VERTEX_POINT ( 'NONE', #2751 ) ;
#6930 = DIRECTION ( 'NONE',  ( 0.000000000000000000, 0.000000000000000000, 1.000000000000000000 ) ) ;
#6929 = VECTOR ( 'NONE', #1960, 39.37007874015748143 ) ;
#6931 = LINE ( 'NONE', #87, #3292 ) ;
#6932 = FACE_OUTER_BOUND ( 'NONE', #4546, .T. ) ;
#6933 = EDGE_LOOP ( 'NONE', ( #7339, #6583, #4095, #6232 ) ) ;
#6934 = PLANE ( 'NONE',  #1239 ) ;
#6935 = CARTESIAN_POINT ( 'NONE',  ( 0.002755905511811070855, -0.01968503937007862192, 0.1194881889763779736 ) ) ;
#6936 = VECTOR ( 'NONE', #2187, 39.37007874015748143 ) ;
#6937 =( NAMED_UNIT ( * ) SI_UNIT ( $, .STERADIAN. ) SOLID_ANGLE_UNIT ( ) );
#6938 = VERTEX_POINT ( 'NONE', #5056 ) ;
#6939 = ORIENTED_EDGE ( 'NONE', *, *, #6784, .F. ) ;
#6940 = VECTOR ( 'NONE', #2600, 39.37007874015748143 ) ;
#6941 = EDGE_CURVE ( 'NONE', #134, #2407, #2217, .T. ) ;
#6942 = VERTEX_POINT ( 'NONE', #1549 ) ;
#6943 = PLANE ( 'NONE',  #5055 ) ;
#6944 = ORIENTED_EDGE ( 'NONE', *, *, #3105, .F. ) ;
#6945 = EDGE_LOOP ( 'NONE', ( #1037, #2298, #7133, #3143, #6289, #1075, #6821, #3012, #6372, #26 ) ) ;
#6946 = CARTESIAN_POINT ( 'NONE',  ( -0.07922649374710512282, -0.01887447892542834862, 0.07224409448818898405 ) ) ;
#6947 = PRESENTATION_STYLE_ASSIGNMENT (( #6341 ) ) ;
#6948 = CARTESIAN_POINT ( 'NONE',  ( -0.07922649374710502568, -0.01887447892542817515, 0.1135826771653543343 ) ) ;
#6949 = PRESENTATION_STYLE_ASSIGNMENT (( #673 ) ) ;
#6950 = DIRECTION ( 'NONE',  ( 0.000000000000000000, -0.000000000000000000, -1.000000000000000000 ) ) ;
#6951 = EDGE_CURVE ( 'NONE', #3766, #3899, #7365, .T. ) ;
#6952 = DIRECTION ( 'NONE',  ( -1.000000000000000000, 2.168404344971008868E-15, 0.000000000000000000 ) ) ;
#6953 = CARTESIAN_POINT ( 'NONE',  ( -0.03415373700769307186, -0.01456692913385826751, 0.07300578926646181244 ) ) ;
#6954 = VERTEX_POINT ( 'NONE', #6810 ) ;
#6955 = DIRECTION ( 'NONE',  ( 0.000000000000000000, 1.000000000000000000, 0.000000000000000000 ) ) ;
#6956 = VERTEX_POINT ( 'NONE', #1616 ) ;
#6957 = LINE ( 'NONE', #5291, #7440 ) ;
#6958 = CARTESIAN_POINT ( 'NONE',  ( 0.002755905511811056544, -0.01377952755905503986, 0.05059055118110235977 ) ) ;
#6959 = EDGE_CURVE ( 'NONE', #134, #4294, #978, .T. ) ;
#6960 = FACE_OUTER_BOUND ( 'NONE', #2490, .T. ) ;
#6961 = ADVANCED_FACE ( 'NONE', ( #3886 ), #1652, .F. ) ;
#6962 = DIRECTION ( 'NONE',  ( 0.4705882352941856417, 0.8823529411764343688, 0.000000000000000000 ) ) ;
#6963 = DIRECTION ( 'NONE',  ( -5.084870673310913741E-17, 2.711931025765824031E-17, -1.000000000000000000 ) ) ;
#6964 = CARTESIAN_POINT ( 'NONE',  ( -0.08188976377952757180, -0.01968503937007866356, 0.08799212598425197596 ) ) ;
#6965 = DIRECTION ( 'NONE',  ( 0.000000000000000000, 0.9851275630313912623, -0.1718245749473350514 ) ) ;
#6966 = ORIENTED_EDGE ( 'NONE', *, *, #1303, .T. ) ;
#6967 = DIRECTION ( 'NONE',  ( 1.000000000000000000, 0.000000000000000000, 0.000000000000000000 ) ) ;
#6968 = VECTOR ( 'NONE', #4593, 39.37007874015748143 ) ;
#6969 = LINE ( 'NONE', #4048, #967 ) ;
#6970 = CARTESIAN_POINT ( 'NONE',  ( -0.04940944881889763191, 0.01929133858267742183, 0.1232283464566928943 ) ) ;
#6971 = ORIENTED_EDGE ( 'NONE', *, *, #2877, .T. ) ;
#6972 = ORIENTED_EDGE ( 'NONE', *, *, #5751, .T. ) ;
#6973 = VECTOR ( 'NONE', #1288, 39.37007874015748854 ) ;
#6974 = EDGE_LOOP ( 'NONE', ( #89, #5947, #4771, #4307, #3402, #5604, #7143, #6150, #5017, #6161, #875, #2674 ) ) ;
#6975 = FACE_OUTER_BOUND ( 'NONE', #7032, .T. ) ;
#6976 = VERTEX_POINT ( 'NONE', #3851 ) ;
#6977 = AXIS2_PLACEMENT_3D ( 'NONE', #1627, #2728, #5746 ) ;
#6978 = ORIENTED_EDGE ( 'NONE', *, *, #2321, .T. ) ;
#6979 = CARTESIAN_POINT ( 'NONE',  ( -0.07922649374710502568, -0.01887447892542818556, 0.06633858267716535861 ) ) ;
#6980 = ADVANCED_FACE ( 'NONE', ( #3435 ), #5128, .T. ) ;
#6981 = EDGE_CURVE ( 'NONE', #1735, #3014, #4765, .T. ) ;
#6982 = VECTOR ( 'NONE', #4030, 39.37007874015748143 ) ;
#6983 = CARTESIAN_POINT ( 'NONE',  ( 0.01456692913385826751, -0.01968503937007866356, 0.08208661417322835052 ) ) ;
#6984 = CARTESIAN_POINT ( 'NONE',  ( -0.07007874015748032093, -0.02559055118110228552, 0.02500000000000000139 ) ) ;
#6985 = LINE ( 'NONE', #1802, #4075 ) ;
#6986 = CARTESIAN_POINT ( 'NONE',  ( 0.002755905511811063482, -0.01968503937007862192, 0.01909448818897637595 ) ) ;
#6987 = ORIENTED_EDGE ( 'NONE', *, *, #5051, .F. ) ;
#6988 = CIRCLE ( 'NONE', #3848, 0.001968503937007873988 ) ;
#6989 = DIRECTION ( 'NONE',  ( 0.000000000000000000, 0.000000000000000000, -1.000000000000000000 ) ) ;
#6990 = ORIENTED_EDGE ( 'NONE', *, *, #3042, .F. ) ;
#6991 = EDGE_CURVE ( 'NONE', #2139, #245, #1749, .T. ) ;
#6992 = EDGE_LOOP ( 'NONE', ( #1603, #6052, #7160, #6103, #3267 ) ) ;
#6993 = CARTESIAN_POINT ( 'NONE',  ( 0.006692913385826772428, -0.01574803149606291558, 0.1218503937007874155 ) ) ;
#6994 = VECTOR ( 'NONE', #5415, 39.37007874015748143 ) ;
#6995 = DIRECTION ( 'NONE',  ( -1.000000000000000000, 2.168404344971008868E-15, 0.000000000000000000 ) ) ;
#6996 = DIRECTION ( 'NONE',  ( 0.000000000000000000, 0.000000000000000000, 1.000000000000000000 ) ) ;
#6997 = DIRECTION ( 'NONE',  ( 0.000000000000000000, -1.224606353822379970E-16, 1.000000000000000000 ) ) ;
#6998 = FACE_OUTER_BOUND ( 'NONE', #3092, .T. ) ;
#6999 = DIRECTION ( 'NONE',  ( 0.000000000000000000, -1.000000000000000000, -0.000000000000000000 ) ) ;
#7000 = ADVANCED_FACE ( 'NONE', ( #4453 ), #2149, .T. ) ;
#7001 = ADVANCED_FACE ( 'NONE', ( #1081 ), #5699, .T. ) ;
#7002 = DIRECTION ( 'NONE',  ( 0.7071067811865454633, 0.000000000000000000, 0.7071067811865493491 ) ) ;
#7003 = ORIENTED_EDGE ( 'NONE', *, *, #934, .F. ) ;
#7004 = DIRECTION ( 'NONE',  ( 0.000000000000000000, 1.224606353822379970E-16, -1.000000000000000000 ) ) ;
#7005 = CIRCLE ( 'NONE', #4230, 0.001968503937007874856 ) ;
#7006 = FACE_OUTER_BOUND ( 'NONE', #956, .T. ) ;
#7007 = AXIS2_PLACEMENT_3D ( 'NONE', #1260, #6490, #7055 ) ;
#7008 = DIRECTION ( 'NONE',  ( 0.4705882352940230495, 0.8823529411765209662, 0.000000000000000000 ) ) ;
#7009 = ORIENTED_EDGE ( 'NONE', *, *, #3164, .T. ) ;
#7010 = EDGE_CURVE ( 'NONE', #4637, #77, #7400, .T. ) ;
#7011 = ORIENTED_EDGE ( 'NONE', *, *, #5133, .T. ) ;
#7012 = VECTOR ( 'NONE', #1587, 39.37007874015748143 ) ;
#7013 = ORIENTED_EDGE ( 'NONE', *, *, #4871, .T. ) ;
#7014 = ORIENTED_EDGE ( 'NONE', *, *, #1733, .F. ) ;
#7015 = CARTESIAN_POINT ( 'NONE',  ( -0.06692913385826770867, -0.01968503937007873988, 0.08208661417322835052 ) ) ;
#7016 = ORIENTED_EDGE ( 'NONE', *, *, #6896, .T. ) ;
#7017 = AXIS2_PLACEMENT_3D ( 'NONE', #6733, #5553, #5020 ) ;
#7018 = EDGE_LOOP ( 'NONE', ( #4497, #2911, #6211, #2891 ) ) ;
#7019 = EDGE_LOOP ( 'NONE', ( #6334, #582, #2679, #5848 ) ) ;
#7020 = FACE_OUTER_BOUND ( 'NONE', #2992, .T. ) ;
#7021 =( NAMED_UNIT ( * ) PLANE_ANGLE_UNIT ( ) SI_UNIT ( $, .RADIAN. ) );
#7022 = AXIS2_PLACEMENT_3D ( 'NONE', #2265, #4372, #3206 ) ;
#7023 = CARTESIAN_POINT ( 'NONE',  ( 0.01456692913385826751, -0.02165354330708653754, 0.07224409448818898405 ) ) ;
#7024 = DIRECTION ( 'NONE',  ( -0.4705882352941318514, 0.8823529411764629016, 0.000000000000000000 ) ) ;
#7025 = LINE ( 'NONE', #1845, #4406 ) ;
#7026 = CARTESIAN_POINT ( 'NONE',  ( -0.07007874015748032093, -0.01968503937007873988, 0.05059055118110235283 ) ) ;
#7027 = ORIENTED_EDGE ( 'NONE', *, *, #2371, .T. ) ;
#7028 = CARTESIAN_POINT ( 'NONE',  ( -0.09975459507475552268, -0.02559055118110224736, 0.05885826771653544093 ) ) ;
#7029 = AXIS2_PLACEMENT_3D ( 'NONE', #2365, #4107, #6428 ) ;
#7030 = DIRECTION ( 'NONE',  ( 7.930919325675893753E-32, 1.224606353822379970E-16, -1.000000000000000000 ) ) ;
#7031 = ORIENTED_EDGE ( 'NONE', *, *, #5294, .F. ) ;
#7032 = EDGE_LOOP ( 'NONE', ( #6904, #2614, #326, #721 ) ) ;
#7033 = VECTOR ( 'NONE', #69, 39.37007874015748143 ) ;
#7034 = DIRECTION ( 'NONE',  ( -1.000000000000000000, -0.000000000000000000, -0.000000000000000000 ) ) ;
#7035 = CARTESIAN_POINT ( 'NONE',  ( 0.006692913385826772428, -0.02165354330708653754, 0.05059055118110235977 ) ) ;
#7036 = CARTESIAN_POINT ( 'NONE',  ( -0.06692913385826770867, -0.01968503937007873988, -0.2362204724409449064 ) ) ;
#7037 = FACE_OUTER_BOUND ( 'NONE', #5513, .T. ) ;
#7038 = EDGE_CURVE ( 'NONE', #3291, #6140, #2719, .T. ) ;
#7039 = EDGE_CURVE ( 'NONE', #4908, #6035, #7310, .T. ) ;
#7040 = DIRECTION ( 'NONE',  ( -1.000000000000000000, -3.552713678800500140E-15, 0.000000000000000000 ) ) ;
#7041 = LINE ( 'NONE', #3040, #6792 ) ;
#7042 = VECTOR ( 'NONE', #45, 39.37007874015748143 ) ;
#7043 = LINE ( 'NONE', #1898, #3486 ) ;
#7044 = EDGE_LOOP ( 'NONE', ( #5744, #4658, #764, #3275 ) ) ;
#7045 = DIRECTION ( 'NONE',  ( 0.000000000000000000, -0.000000000000000000, -1.000000000000000000 ) ) ;
#7046 = DIRECTION ( 'NONE',  ( 0.000000000000000000, 1.224606353822379970E-16, -1.000000000000000000 ) ) ;
#7047 = EDGE_CURVE ( 'NONE', #5452, #4746, #659, .T. ) ;
#7048 = SURFACE_STYLE_USAGE ( .BOTH. , #5795 ) ;
#7049 = CARTESIAN_POINT ( 'NONE',  ( 0.02480314960629929552, -0.02165354330708653754, 0.04074803149606298636 ) ) ;
#7050 = ORIENTED_EDGE ( 'NONE', *, *, #2847, .T. ) ;
#7051 = AXIS2_PLACEMENT_3D ( 'NONE', #4650, #5305, #203 ) ;
#7052 = VERTEX_POINT ( 'NONE', #5369 ) ;
#7053 = VERTEX_POINT ( 'NONE', #712 ) ;
#7054 = ORIENTED_EDGE ( 'NONE', *, *, #6406, .F. ) ;
#7055 = DIRECTION ( 'NONE',  ( -3.552713678800500140E-15, -1.000000000000000000, 0.000000000000000000 ) ) ;
#7056 = EDGE_CURVE ( 'NONE', #6830, #1184, #5856, .T. ) ;
#7057 = DIRECTION ( 'NONE',  ( -0.4705882352940230495, -0.8823529411765209662, 0.000000000000000000 ) ) ;
#7058 = VECTOR ( 'NONE', #3477, 39.37007874015748143 ) ;
#7059 = ORIENTED_EDGE ( 'NONE', *, *, #1451, .F. ) ;
#7060 = DIRECTION ( 'NONE',  ( 0.000000000000000000, 0.000000000000000000, -1.000000000000000000 ) ) ;
#7061 = DIRECTION ( 'NONE',  ( -1.000000000000000000, -0.000000000000000000, -0.000000000000000000 ) ) ;
#7062 = CARTESIAN_POINT ( 'NONE',  ( 0.006692913385826772428, -0.01574803149606291558, 0.09035433070866143168 ) ) ;
#7063 = CIRCLE ( 'NONE', #3797, 0.001968503937007873988 ) ;
#7064 = CARTESIAN_POINT ( 'NONE',  ( -0.06692913385826770867, -0.01968503937007873988, 0.1037401574803149679 ) ) ;
#7065 = CARTESIAN_POINT ( 'NONE',  ( 0.04980888922789999951, -0.02559055118110224736, 0.07224409448818898405 ) ) ;
#7066 = CARTESIAN_POINT ( 'NONE',  ( -0.06692913385826770867, -0.01968503937007873988, 0.06633858267716534474 ) ) ;
#7067 = VERTEX_POINT ( 'NONE', #6463 ) ;
#7068 = CARTESIAN_POINT ( 'NONE',  ( 0.02480314960629933368, -0.03007883464566929108, 0.09743153924281221234 ) ) ;
#7069 = ORIENTED_EDGE ( 'NONE', *, *, #5440, .F. ) ;
#7070 = CARTESIAN_POINT ( 'NONE',  ( 0.03243176042908597900, -0.02559055118110224736, 0.05885826771653544093 ) ) ;
#7071 = ORIENTED_EDGE ( 'NONE', *, *, #1325, .T. ) ;
#7072 = ORIENTED_EDGE ( 'NONE', *, *, #3314, .T. ) ;
#7073 = DIRECTION ( 'NONE',  ( 0.000000000000000000, 1.224606353822379970E-16, -1.000000000000000000 ) ) ;
#7074 = PLANE ( 'NONE',  #2465 ) ;
#7075 = CARTESIAN_POINT ( 'NONE',  ( 0.006692913385826772428, -0.02165354330708653754, 0.02736220472440945017 ) ) ;
#7076 = CARTESIAN_POINT ( 'NONE',  ( 0.006692913385826768091, -0.01968503937007860805, 0.1194881889763779736 ) ) ;
#7077 = CARTESIAN_POINT ( 'NONE',  ( 0.006692913385826772428, -0.01574803149606291905, 0.05885826771653544093 ) ) ;
#7078 = CARTESIAN_POINT ( 'NONE',  ( -0.04940944881889763191, 0.01141732283464562923, 0.1179179637429043220 ) ) ;
#7079 = EDGE_CURVE ( 'NONE', #3568, #5967, #6915, .T. ) ;
#7080 = PLANE ( 'NONE',  #7246 ) ;
#7081 = EDGE_CURVE ( 'NONE', #2836, #4243, #72, .T. ) ;
#7082 = VERTEX_POINT ( 'NONE', #4028 ) ;
#7083 = CARTESIAN_POINT ( 'NONE',  ( -0.07401574803149606196, -0.02165354330708653754, 0.08208661417322835052 ) ) ;
#7084 = CARTESIAN_POINT ( 'NONE',  ( 0.01283001389532189077, -0.02061139416396472537, 0.05885826771653544093 ) ) ;
#7085 = DIRECTION ( 'NONE',  ( 0.8823529411764704511, 0.4705882352941180846, -0.000000000000000000 ) ) ;
#7086 = ORIENTED_EDGE ( 'NONE', *, *, #1864, .T. ) ;
#7087 = CLOSED_SHELL ( 'NONE', ( #5519, #5382, #1202, #5907, #3751, #868, #2824, #1453, #3211, #5110, #7097, #5619, #1169, #1882 ) ) ;
#7088 = EDGE_CURVE ( 'NONE', #3398, #556, #3508, .T. ) ;
#7089 = EDGE_LOOP ( 'NONE', ( #1588, #4783, #5912, #2529 ) ) ;
#7090 = CARTESIAN_POINT ( 'NONE',  ( -0.07575266327003248035, -0.02072718851320058328, 0.07460629921259842590 ) ) ;
#7091 = VERTEX_POINT ( 'NONE', #674 ) ;
#7092 = DIRECTION ( 'NONE',  ( 0.000000000000000000, 1.224606353822379970E-16, -1.000000000000000000 ) ) ;
#7093 = LINE ( 'NONE', #215, #2077 ) ;
#7094 = DIRECTION ( 'NONE',  ( -0.000000000000000000, -1.224606353822379970E-16, 1.000000000000000000 ) ) ;
#7095 = EDGE_CURVE ( 'NONE', #3181, #3754, #1633, .T. ) ;
#7096 = EDGE_CURVE ( 'NONE', #6923, #1907, #3546, .T. ) ;
#7097 = ADVANCED_FACE ( 'NONE', ( #1884 ), #5811, .F. ) ;
#7098 = CARTESIAN_POINT ( 'NONE',  ( -0.07401574803149606196, -0.01968503937007873988, -0.2362204724409449064 ) ) ;
#7099 = DIRECTION ( 'NONE',  ( 0.000000000000000000, 0.000000000000000000, 1.000000000000000000 ) ) ;
#7100 = AXIS2_PLACEMENT_3D ( 'NONE', #1856, #5823, #1323 ) ;
#7101 = LINE ( 'NONE', #4790, #913 ) ;
#7102 = DIRECTION ( 'NONE',  ( -0.000000000000000000, -0.000000000000000000, 1.000000000000000000 ) ) ;
#7103 = ORIENTED_EDGE ( 'NONE', *, *, #5294, .T. ) ;
#7104 = ORIENTED_EDGE ( 'NONE', *, *, #4836, .T. ) ;
#7105 = DIRECTION ( 'NONE',  ( -1.000000000000000000, -0.000000000000000000, -0.000000000000000000 ) ) ;
#7106 = ORIENTED_EDGE ( 'NONE', *, *, #4781, .F. ) ;
#7107 = PLANE ( 'NONE',  #995 ) ;
#7108 = CIRCLE ( 'NONE', #950, 0.001968503937007873988 ) ;
#7109 = ORIENTED_EDGE ( 'NONE', *, *, #1493, .T. ) ;
#7110 = LINE ( 'NONE', #2956, #3795 ) ;
#7111 = DIRECTION ( 'NONE',  ( 0.5773502691896255090, -0.5773502691896267303, -0.5773502691896250649 ) ) ;
#7112 = DIRECTION ( 'NONE',  ( -0.4705882352941179736, 0.8823529411764702290, 0.000000000000000000 ) ) ;
#7113 = VECTOR ( 'NONE', #3877, 39.37007874015748854 ) ;
#7114 = DIRECTION ( 'NONE',  ( 1.000000000000000000, -3.675174314182740233E-15, -0.000000000000000000 ) ) ;
#7115 = CARTESIAN_POINT ( 'NONE',  ( -0.06692913385826770867, -0.01968503937007873988, -0.2362204724409449064 ) ) ;
#7116 = COLOUR_RGB ( '',0.6470588235294117974, 0.5176470588235293491, 0.000000000000000000 ) ;
#7117 = ORIENTED_EDGE ( 'NONE', *, *, #3164, .F. ) ;
#7118 = VERTEX_POINT ( 'NONE', #2445 ) ;
#7119 = CARTESIAN_POINT ( 'NONE',  ( -0.08188976377952757180, -0.02165354330708653754, 0.1135826771653543343 ) ) ;
#7120 = PLANE ( 'NONE',  #6745 ) ;
#7121 = DIRECTION ( 'NONE',  ( -1.000000000000000000, 0.000000000000000000, 0.000000000000000000 ) ) ;
#7122 = CIRCLE ( 'NONE', #3857, 0.005905511811023621965 ) ;
#7123 = ORIENTED_EDGE ( 'NONE', *, *, #6165, .F. ) ;
#7124 = DIRECTION ( 'NONE',  ( -0.4705882352941179736, 0.8823529411764702290, 0.000000000000000000 ) ) ;
#7125 = ORIENTED_EDGE ( 'NONE', *, *, #6732, .T. ) ;
#7126 = VECTOR ( 'NONE', #6930, 39.37007874015748143 ) ;
#7127 = EDGE_LOOP ( 'NONE', ( #3700, #1606, #6718, #4383 ) ) ;
#7128 = VECTOR ( 'NONE', #6728, 39.37007874015748143 ) ;
#7129 = DIRECTION ( 'NONE',  ( -1.000000000000000000, -0.000000000000000000, -0.000000000000000000 ) ) ;
#7130 = DIRECTION ( 'NONE',  ( 0.000000000000000000, 1.224606353822379970E-16, -1.000000000000000000 ) ) ;
#7131 = EDGE_CURVE ( 'NONE', #774, #5356, #7063, .T. ) ;
#7132 = EDGE_CURVE ( 'NONE', #6697, #2131, #185, .T. ) ;
#7133 = ORIENTED_EDGE ( 'NONE', *, *, #4237, .F. ) ;
#7134 = CARTESIAN_POINT ( 'NONE',  ( -0.08015284854099133383, -0.02061139416396472537, 0.07460629921259842590 ) ) ;
#7135 = VECTOR ( 'NONE', #5665, 39.37007874015748143 ) ;
#7136 = FILL_AREA_STYLE ('',( #1305 ) ) ;
#7137 = DIRECTION ( 'NONE',  ( 0.000000000000000000, 1.224606353822379970E-16, -1.000000000000000000 ) ) ;
#7138 = DIRECTION ( 'NONE',  ( 1.000000000000000000, 3.552713678800500140E-15, 0.000000000000000000 ) ) ;
#7139 = AXIS2_PLACEMENT_3D ( 'NONE', #2676, #2213, #5625 ) ;
#7140 = DIRECTION ( 'NONE',  ( -1.000000000000000000, 0.000000000000000000, 0.000000000000000000 ) ) ;
#7141 = CARTESIAN_POINT ( 'NONE',  ( 0.006692913385826772428, -0.01968503937007860805, 0.000000000000000000 ) ) ;
#7142 = ORIENTED_EDGE ( 'NONE', *, *, #5896, .T. ) ;
#7143 = ORIENTED_EDGE ( 'NONE', *, *, #7464, .F. ) ;
#7144 = EDGE_CURVE ( 'NONE', #3736, #3323, #3467, .T. ) ;
#7145 = LINE ( 'NONE', #2040, #2671 ) ;
#7146 = ORIENTED_EDGE ( 'NONE', *, *, #7275, .F. ) ;
#7147 = DIRECTION ( 'NONE',  ( 0.000000000000000000, 1.224606353822379970E-16, -1.000000000000000000 ) ) ;
#7148 = CIRCLE ( 'NONE', #5201, 0.005905511811023621965 ) ;
#7149 = ORIENTED_EDGE ( 'NONE', *, *, #3811, .T. ) ;
#7150 = SURFACE_STYLE_FILL_AREA ( #4840 ) ;
#7151 = CARTESIAN_POINT ( 'NONE',  ( -0.05354330708661417942, -0.01456692913385834558, 0.1113999723756204652 ) ) ;
#7152 = CARTESIAN_POINT ( 'NONE',  ( 0.02480314960629932675, -0.02165354330708653754, 0.09783464566929132855 ) ) ;
#7153 = CARTESIAN_POINT ( 'NONE',  ( -0.06692913385826772255, -0.001181102362204724393, 0.1377952755905511861 ) ) ;
#7154 = EDGE_CURVE ( 'NONE', #3608, #60, #2403, .T. ) ;
#7155 = EDGE_CURVE ( 'NONE', #3131, #425, #7025, .T. ) ;
#7156 = FACE_OUTER_BOUND ( 'NONE', #253, .T. ) ;
#7157 = PLANE ( 'NONE',  #2930 ) ;
#7158 = VECTOR ( 'NONE', #6688, 39.37007874015749564 ) ;
#7159 = VECTOR ( 'NONE', #6598, 39.37007874015748143 ) ;
#7160 = ORIENTED_EDGE ( 'NONE', *, *, #4772, .F. ) ;
#7161 = VERTEX_POINT ( 'NONE', #5204 ) ;
#7162 = DIRECTION ( 'NONE',  ( 0.000000000000000000, 1.224606353822379970E-16, -1.000000000000000000 ) ) ;
#7163 = DIRECTION ( 'NONE',  ( 0.4705882352941318514, -0.8823529411764629016, 0.000000000000000000 ) ) ;
#7165 = CARTESIAN_POINT ( 'NONE',  ( -0.05590551181102362821, 0.01929133858267724488, 0.01535433070866141884 ) ) ;
#7164 = CIRCLE ( 'NONE', #3782, 0.001968503937007874856 ) ;
#7166 = DIRECTION ( 'NONE',  ( 1.000000000000000000, -0.000000000000000000, 0.000000000000000000 ) ) ;
#7167 = ORIENTED_EDGE ( 'NONE', *, *, #7079, .T. ) ;
#7168 = AXIS2_PLACEMENT_3D ( 'NONE', #2401, #4178, #2945 ) ;
#7169 = EDGE_LOOP ( 'NONE', ( #310, #4257, #3685, #4585 ) ) ;
#7170 = ORIENTED_EDGE ( 'NONE', *, *, #294, .T. ) ;
#7171 = UNCERTAINTY_MEASURE_WITH_UNIT (LENGTH_MEASURE( 1.000000000000000082E-05 ), #1875, 'distance_accuracy_value', 'NONE');
#7172 = DIRECTION ( 'NONE',  ( -0.000000000000000000, -1.000000000000000000, -1.224606353822379970E-16 ) ) ;
#7173 = EDGE_LOOP ( 'NONE', ( #301, #3182, #6547, #1533 ) ) ;
#7174 =( CONVERSION_BASED_UNIT ( 'INCH', #2623 ) LENGTH_UNIT ( ) NAMED_UNIT ( #2753 ) );
#7175 = ORIENTED_EDGE ( 'NONE', *, *, #3494, .T. ) ;
#7176 = DIRECTION ( 'NONE',  ( 0.000000000000000000, -1.224606353822379970E-16, 1.000000000000000000 ) ) ;
#7177 = VECTOR ( 'NONE', #3639, 39.37007874015748143 ) ;
#7178 = DIRECTION ( 'NONE',  ( -0.000000000000000000, 0.000000000000000000, 1.000000000000000000 ) ) ;
#7179 = VERTEX_POINT ( 'NONE', #5890 ) ;
#7180 = ORIENTED_EDGE ( 'NONE', *, *, #3819, .F. ) ;
#7181 = EDGE_CURVE ( 'NONE', #679, #467, #4668, .T. ) ;
#7182 = ADVANCED_FACE ( 'NONE', ( #4631 ), #5929, .T. ) ;
#7183 = DIRECTION ( 'NONE',  ( 3.552713678800500140E-15, -1.000000000000000000, 0.000000000000000000 ) ) ;
#7184 = VECTOR ( 'NONE', #6168, 39.37007874015748143 ) ;
#7185 = DIRECTION ( 'NONE',  ( 0.000000000000000000, -0.000000000000000000, -1.000000000000000000 ) ) ;
#7186 = LINE ( 'NONE', #6002, #3203 ) ;
#7187 = CARTESIAN_POINT ( 'NONE',  ( -0.01141732283464574893, 0.01141732283464574026, 0.1232283464566928943 ) ) ;
#7188 = VERTEX_POINT ( 'NONE', #1309 ) ;
#7189 = ORIENTED_EDGE ( 'NONE', *, *, #6671, .T. ) ;
#7190 = DIRECTION ( 'NONE',  ( 1.000000000000000000, 0.000000000000000000, -0.000000000000000000 ) ) ;
#7191 = ORIENTED_EDGE ( 'NONE', *, *, #2924, .T. ) ;
#7192 = LINE ( 'NONE', #4349, #1716 ) ;
#7193 = VECTOR ( 'NONE', #3101, 39.37007874015748143 ) ;
#7194 = SURFACE_STYLE_FILL_AREA ( #4351 ) ;
#7195 = PLANE ( 'NONE',  #1505 ) ;
#7196 = AXIS2_PLACEMENT_3D ( 'NONE', #5081, #1609, #4443 ) ;
#7197 = CARTESIAN_POINT ( 'NONE',  ( 0.002755905511811054809, -0.01574803149606291558, 0.09035433070866143168 ) ) ;
#7198 = CARTESIAN_POINT ( 'NONE',  ( 0.002755905511810997997, 9.790943209292624975E-18, 0.000000000000000000 ) ) ;
#7199 = CARTESIAN_POINT ( 'NONE',  ( -0.006807666010558071322, 0.01141732283464574893, 0.01503445160072433041 ) ) ;
#7200 = CARTESIAN_POINT ( 'NONE',  ( -0.07401574803149606196, -0.02165354330708653754, 0.09035433070866143168 ) ) ;
#7201 = ORIENTED_EDGE ( 'NONE', *, *, #5005, .F. ) ;
#7202 = EDGE_CURVE ( 'NONE', #6140, #509, #1766, .T. ) ;
#7203 = EDGE_CURVE ( 'NONE', #6613, #6834, #3061, .T. ) ;
#7204 = EDGE_CURVE ( 'NONE', #590, #4971, #3654, .T. ) ;
#7205 = ORIENTED_EDGE ( 'NONE', *, *, #3389, .T. ) ;
#7206 = FACE_OUTER_BOUND ( 'NONE', #5387, .T. ) ;
#7207 = DIRECTION ( 'NONE',  ( 0.000000000000000000, 1.224606353822379970E-16, -1.000000000000000000 ) ) ;
#7208 = CARTESIAN_POINT ( 'NONE',  ( -0.06909448818897637179, 0.01830708661417315003, 0.02992125984251968809 ) ) ;
#7209 = ORIENTED_EDGE ( 'NONE', *, *, #4285, .F. ) ;
#7210 = ORIENTED_EDGE ( 'NONE', *, *, #4962, .T. ) ;
#7211 = DIRECTION ( 'NONE',  ( 0.000000000000000000, 0.000000000000000000, 1.000000000000000000 ) ) ;
#7212 = LINE ( 'NONE', #1460, #369 ) ;
#7213 = ORIENTED_EDGE ( 'NONE', *, *, #2060, .F. ) ;
#7214 = DIRECTION ( 'NONE',  ( -1.000000000000000000, -0.000000000000000000, -0.000000000000000000 ) ) ;
#7215 = FACE_OUTER_BOUND ( 'NONE', #819, .T. ) ;
#7216 = ORIENTED_EDGE ( 'NONE', *, *, #4882, .F. ) ;
#7217 = CARTESIAN_POINT ( 'NONE',  ( 0.01456692913385826751, -0.01968503937007866356, 0.09035433070866143168 ) ) ;
#7218 = CARTESIAN_POINT ( 'NONE',  ( 0.02480314960629933368, -0.02559055118110225083, 0.07460629921259842590 ) ) ;
#7219 = DIRECTION ( 'NONE',  ( 0.000000000000000000, 0.000000000000000000, -1.000000000000000000 ) ) ;
#7220 = ORIENTED_EDGE ( 'NONE', *, *, #2399, .F. ) ;
#7221 = CIRCLE ( 'NONE', #1061, 0.005905511811023620231 ) ;
#7222 = VERTEX_POINT ( 'NONE', #6044 ) ;
#7223 = CARTESIAN_POINT ( 'NONE',  ( 0.006692913385826772428, -0.01574803149606291558, 0.08799212598425197596 ) ) ;
#7224 = EDGE_CURVE ( 'NONE', #6487, #2452, #7186, .T. ) ;
#7225 = CARTESIAN_POINT ( 'NONE',  ( -0.07007874015748032093, -0.01968503937007873988, -0.2362204724409449064 ) ) ;
#7226 = EDGE_CURVE ( 'NONE', #6885, #7424, #1507, .T. ) ;
#7227 = DIRECTION ( 'NONE',  ( 1.000000000000000000, 3.552713678800500140E-15, 0.000000000000000000 ) ) ;
#7228 = CARTESIAN_POINT ( 'NONE',  ( 0.008429828624363151779, -0.02072718851320047226, 0.03484251968503937480 ) ) ;
#7229 = CARTESIAN_POINT ( 'NONE',  ( -0.1171317238735696958, -0.02559055118110228552, 0.05649606299212599214 ) ) ;
#7230 = CARTESIAN_POINT ( 'NONE',  ( -0.05263880110148464603, 0.01929133858267742183, 0.01535433070866140670 ) ) ;
#7231 = VECTOR ( 'NONE', #3153, 39.37007874015748143 ) ;
#7232 = EDGE_CURVE ( 'NONE', #59, #2096, #2070, .T. ) ;
#7233 = CARTESIAN_POINT ( 'NONE',  ( -0.07401574803149606196, -0.02165354330708653754, 0.01909448818897637595 ) ) ;
#7234 = EDGE_CURVE ( 'NONE', #7429, #6177, #833, .T. ) ;
#7235 = ORIENTED_EDGE ( 'NONE', *, *, #1292, .T. ) ;
#7236 = EDGE_LOOP ( 'NONE', ( #2474, #5411, #5870, #2110, #4274, #3658, #2925, #927, #1319, #7216, #1566, #1197 ) ) ;
#7237 = VECTOR ( 'NONE', #2633, 39.37007874015748143 ) ;
#7238 = DIRECTION ( 'NONE',  ( 3.552713678800500140E-15, -1.000000000000000000, 0.000000000000000000 ) ) ;
#7239 = PRESENTATION_LAYER_ASSIGNMENT (  '', '', ( #6379 ) ) ;
#7240 = DIRECTION ( 'NONE',  ( -0.000000000000000000, -1.224606353822379970E-16, 1.000000000000000000 ) ) ;
#7241 = PLANE ( 'NONE',  #4467 ) ;
#7242 = ADVANCED_FACE ( 'NONE', ( #4265 ), #6616, .F. ) ;
#7243 = EDGE_CURVE ( 'NONE', #5743, #3287, #267, .T. ) ;
#7244 = AXIS2_PLACEMENT_3D ( 'NONE', #4622, #1145, #633 ) ;
#7245 = ORIENTED_EDGE ( 'NONE', *, *, #1418, .T. ) ;
#7246 = AXIS2_PLACEMENT_3D ( 'NONE', #3003, #4727, #6965 ) ;
#7247 = SURFACE_STYLE_USAGE ( .BOTH. , #3688 ) ;
#7248 = ORIENTED_EDGE ( 'NONE', *, *, #7446, .T. ) ;
#7249 = EDGE_CURVE ( 'NONE', #1997, #3216, #7101, .T. ) ;
#7250 = DIRECTION ( 'NONE',  ( 0.000000000000000000, 0.000000000000000000, -1.000000000000000000 ) ) ;
#7251 = DIRECTION ( 'NONE',  ( 0.000000000000000000, 1.224606353822379970E-16, -1.000000000000000000 ) ) ;
#7252 = VERTEX_POINT ( 'NONE', #4381 ) ;
#7253 = AXIS2_PLACEMENT_3D ( 'NONE', #3723, #929, #964 ) ;
#7254 = ORIENTED_EDGE ( 'NONE', *, *, #3587, .F. ) ;
#7255 = DIRECTION ( 'NONE',  ( -0.4705882352941179736, -0.8823529411764702290, 0.000000000000000000 ) ) ;
#7256 = FACE_OUTER_BOUND ( 'NONE', #5616, .T. ) ;
#7257 = CARTESIAN_POINT ( 'NONE',  ( -0.06692913385826770867, -0.01968503937007873988, -0.2362204724409449064 ) ) ;
#7258 = DIRECTION ( 'NONE',  ( 0.000000000000000000, 1.000000000000000000, -0.000000000000000000 ) ) ;
#7259 = EDGE_LOOP ( 'NONE', ( #4583, #6987, #1068, #5317 ) ) ;
#7260 = CIRCLE ( 'NONE', #859, 0.001968503937007874856 ) ;
#7261 = ORIENTED_EDGE ( 'NONE', *, *, #5023, .T. ) ;
#7262 = CARTESIAN_POINT ( 'NONE',  ( 0.01190365910143580813, -0.01887447892542832087, 0.1194881889763779736 ) ) ;
#7263 = VECTOR ( 'NONE', #1132, 39.37007874015748143 ) ;
#7264 = PLANE ( 'NONE',  #1788 ) ;
#7265 = DIRECTION ( 'NONE',  ( -3.552713678800500140E-15, -1.000000000000000000, 0.000000000000000000 ) ) ;
#7266 = CARTESIAN_POINT ( 'NONE',  ( -0.05590551181102362821, -0.01220472440944889853, 0.02478483794176892033 ) ) ;
#7267 = DIRECTION ( 'NONE',  ( 0.000000000000000000, -0.000000000000000000, -1.000000000000000000 ) ) ;
#7268 = CARTESIAN_POINT ( 'NONE',  ( -0.06692913385826772255, -0.02362204724409448786, 0.1377952755905511584 ) ) ;
#7269 = ORIENTED_EDGE ( 'NONE', *, *, #4081, .F. ) ;
#7270 = AXIS2_PLACEMENT_3D ( 'NONE', #532, #4709, #2252 ) ;
#7271 = DIRECTION ( 'NONE',  ( 0.000000000000000000, 1.000000000000000000, 0.000000000000000000 ) ) ;
#7272 = ORIENTED_EDGE ( 'NONE', *, *, #7132, .T. ) ;
#7273 = VECTOR ( 'NONE', #2232, 39.37007874015748854 ) ;
#7274 = VERTEX_POINT ( 'NONE', #6695 ) ;
#7275 = EDGE_CURVE ( 'NONE', #1224, #867, #3774, .T. ) ;
#7276 = CARTESIAN_POINT ( 'NONE',  ( -0.06811023622047243653, -0.001181102362204724393, 0.001968503937007873988 ) ) ;
#7277 = EDGE_CURVE ( 'NONE', #3107, #3809, #93, .T. ) ;
#7278 = CARTESIAN_POINT ( 'NONE',  ( -0.07922649374710513670, -0.01887447892542834862, 0.09035433070866143168 ) ) ;
#7279 = CARTESIAN_POINT ( 'NONE',  ( 0.002755905511811054809, -0.01574803149606291558, 0.07460629921259842590 ) ) ;
#7280 = VECTOR ( 'NONE', #6212, 39.37007874015748143 ) ;
#7281 = EDGE_LOOP ( 'NONE', ( #4012, #1294, #7117, #1179 ) ) ;
#7282 = EDGE_CURVE ( 'NONE', #3777, #1000, #4905, .T. ) ;
#7283 = STYLED_ITEM ( 'NONE', ( #6947 ), #5255 ) ;
#7284 = ORIENTED_EDGE ( 'NONE', *, *, #5711, .F. ) ;
#7285 = LINE ( 'NONE', #3831, #6038 ) ;
#7286 = ORIENTED_EDGE ( 'NONE', *, *, #5506, .F. ) ;
#7287 = CARTESIAN_POINT ( 'NONE',  ( 0.01190365910143582548, -0.01887447892542834862, 0.02500000000000000139 ) ) ;
#7288 = CYLINDRICAL_SURFACE ( 'NONE', #6558, 0.001968503937007874856 ) ;
#7289 = CIRCLE ( 'NONE', #4014, 0.001968503937007873988 ) ;
#7290 = VERTEX_POINT ( 'NONE', #3695 ) ;
#7291 = CARTESIAN_POINT ( 'NONE',  ( 0.002755905511810997997, 9.790943209292624975E-18, 0.000000000000000000 ) ) ;
#7292 = ADVANCED_FACE ( 'NONE', ( #938 ), #3806, .T. ) ;
#7293 = DIRECTION ( 'NONE',  ( -1.000000000000000000, 3.675174314182740233E-15, 0.000000000000000000 ) ) ;
#7294 = LINE ( 'NONE', #6765, #5450 ) ;
#7295 = LINE ( 'NONE', #5048, #2514 ) ;
#7296 = ORIENTED_EDGE ( 'NONE', *, *, #4534, .F. ) ;
#7297 = DIRECTION ( 'NONE',  ( -3.471251693045449830E-15, 0.9851275630313907072, -0.1718245749473379380 ) ) ;
#7298 = LINE ( 'NONE', #3882, #3530 ) ;
#7299 = ORIENTED_EDGE ( 'NONE', *, *, #2311, .T. ) ;
#7300 = ADVANCED_FACE ( 'NONE', ( #3141 ), #3249, .T. ) ;
#7301 = CARTESIAN_POINT ( 'NONE',  ( -0.09212598425196888430, -0.02559055118110224736, 0.09743153924281221234 ) ) ;
#7302 = CARTESIAN_POINT ( 'NONE',  ( 0.002755905511811070855, -0.01968503937007862192, 0.000000000000000000 ) ) ;
#7303 = DIRECTION ( 'NONE',  ( -0.000000000000000000, 0.000000000000000000, 1.000000000000000000 ) ) ;
#7304 = CARTESIAN_POINT ( 'NONE',  ( -0.04940944881889763191, 0.01929133858267740795, 0.01535433070866141364 ) ) ;
#7306 = CARTESIAN_POINT ( 'NONE',  ( 0.04980888922789999951, -0.02165354330708653754, 0.1135826771653543343 ) ) ;
#7305 = VECTOR ( 'NONE', #4642, 39.37007874015748143 ) ;
#7307 = EDGE_LOOP ( 'NONE', ( #6046, #448, #2713, #3602 ) ) ;
#7308 = CARTESIAN_POINT ( 'NONE',  ( -0.08015284854099134770, -0.02061139416396475660, 0.03484251968503937480 ) ) ;
#7309 = ORIENTED_EDGE ( 'NONE', *, *, #477, .F. ) ;
#7310 = CIRCLE ( 'NONE', #4153, 0.005905511811023621965 ) ;
#7311 = EDGE_LOOP ( 'NONE', ( #3351, #928, #4208, #2272 ) ) ;
#7312 = DIRECTION ( 'NONE',  ( 0.000000000000000000, 1.224606353822379970E-16, -1.000000000000000000 ) ) ;
#7313 = LINE ( 'NONE', #3864, #3474 ) ;
#7314 = LINE ( 'NONE', #1631, #1810 ) ;
#7315 = EDGE_CURVE ( 'NONE', #1907, #2836, #2566, .T. ) ;
#7316 = ADVANCED_FACE ( 'NONE', ( #2036 ), #4343, .F. ) ;
#7317 = ORIENTED_EDGE ( 'NONE', *, *, #4664, .F. ) ;
#7318 = AXIS2_PLACEMENT_3D ( 'NONE', #1812, #42, #2912 ) ;
#7319 = UNCERTAINTY_MEASURE_WITH_UNIT (LENGTH_MEASURE( 1.000000000000000082E-05 ), #2470, 'distance_accuracy_value', 'NONE');
#7320 = ADVANCED_FACE ( 'NONE', ( #3212 ), #5510, .T. ) ;
#7321 = ORIENTED_EDGE ( 'NONE', *, *, #4533, .T. ) ;
#7322 = DIRECTION ( 'NONE',  ( 1.000000000000000000, 3.552713678800500140E-15, 0.000000000000000000 ) ) ;
#7323 = CARTESIAN_POINT ( 'NONE',  ( 0.02480314960629930246, -0.02165354330708653754, 0.1131795707388752042 ) ) ;
#7324 = DIRECTION ( 'NONE',  ( -0.000000000000000000, -0.000000000000000000, 1.000000000000000000 ) ) ;
#7325 = EDGE_LOOP ( 'NONE', ( #4171, #4846, #180, #4974 ) ) ;
#7326 = ORIENTED_EDGE ( 'NONE', *, *, #2990, .F. ) ;
#7327 = CARTESIAN_POINT ( 'NONE',  ( -0.08188976377952757180, -0.02559055118110227164, 0.05649606299212599214 ) ) ;
#7328 = DIRECTION ( 'NONE',  ( 0.000000000000000000, 1.000000000000000000, 0.000000000000000000 ) ) ;
#7329 = EDGE_CURVE ( 'NONE', #7424, #1296, #2241, .T. ) ;
#7330 = EDGE_CURVE ( 'NONE', #6587, #6375, #5690, .T. ) ;
#7331 = EDGE_CURVE ( 'NONE', #3603, #5725, #6263, .T. ) ;
#7332 = DIRECTION ( 'NONE',  ( 0.000000000000000000, 1.000000000000000000, -0.000000000000000000 ) ) ;
#7333 = DIRECTION ( 'NONE',  ( -0.000000000000000000, -1.224606353822379970E-16, 1.000000000000000000 ) ) ;
#7334 = FACE_OUTER_BOUND ( 'NONE', #4995, .T. ) ;
#7335 = CARTESIAN_POINT ( 'NONE',  ( -0.03366141732283464694, -0.02362204724409448786, -0.1574803149606299191 ) ) ;
#7336 = CYLINDRICAL_SURFACE ( 'NONE', #5928, 0.002362204724409446618 ) ;
#7337 = CARTESIAN_POINT ( 'NONE',  ( 0.01456692913385826751, -0.01968503937007866356, 0.05885826771653544093 ) ) ;
#7338 = AXIS2_PLACEMENT_3D ( 'NONE', #5079, #6261, #3840 ) ;
#7339 = ORIENTED_EDGE ( 'NONE', *, *, #7144, .F. ) ;
#7340 = ORIENTED_EDGE ( 'NONE', *, *, #306, .F. ) ;
#7341 = PLANE ( 'NONE',  #1005 ) ;
#7342 = CARTESIAN_POINT ( 'NONE',  ( -0.1171317238735696958, -0.01574803149606291558, 0.05059055118110235977 ) ) ;
#7343 = AXIS2_PLACEMENT_3D ( 'NONE', #363, #2126, #1415 ) ;
#7344 = DIRECTION ( 'NONE',  ( -0.000000000000000000, -1.000000000000000000, -0.000000000000000000 ) ) ;
#7345 = AXIS2_PLACEMENT_3D ( 'NONE', #2905, #2362, #4669 ) ;
#7346 = STYLED_ITEM ( 'NONE', ( #4389 ), #229 ) ;
#7347 = ORIENTED_EDGE ( 'NONE', *, *, #4486, .T. ) ;
#7348 = AXIS2_PLACEMENT_3D ( 'NONE', #3425, #381, #2673 ) ;
#7349 = ORIENTED_EDGE ( 'NONE', *, *, #2500, .T. ) ;
#7350 = VECTOR ( 'NONE', #980, 39.37007874015748143 ) ;
#7351 = VERTEX_POINT ( 'NONE', #3914 ) ;
#7352 = FACE_OUTER_BOUND ( 'NONE', #4620, .T. ) ;
#7353 = EDGE_CURVE ( 'NONE', #2172, #4224, #4548, .T. ) ;
#7354 = DIRECTION ( 'NONE',  ( 0.000000000000000000, 0.000000000000000000, -1.000000000000000000 ) ) ;
#7355 = EDGE_CURVE ( 'NONE', #6908, #4146, #6300, .T. ) ;
#7356 = DIRECTION ( 'NONE',  ( -1.000000000000000000, 2.168404344971008868E-15, 0.000000000000000000 ) ) ;
#7357 = ORIENTED_EDGE ( 'NONE', *, *, #621, .F. ) ;
#7358 = ORIENTED_EDGE ( 'NONE', *, *, #2730, .T. ) ;
#7359 = PLANE ( 'NONE',  #6294 ) ;
#7361 = ORIENTED_EDGE ( 'NONE', *, *, #477, .T. ) ;
#7360 = ADVANCED_FACE ( 'NONE', ( #2672 ), #4979, .F. ) ;
#7362 = CARTESIAN_POINT ( 'NONE',  ( -0.08188976377952757180, -0.01968503937007866356, 0.1061023622047244097 ) ) ;
#7363 = DIRECTION ( 'NONE',  ( 4.350675744370770171E-31, -1.545670522905158356E-45, 1.000000000000000000 ) ) ;
#7364 = CIRCLE ( 'NONE', #3750, 0.001968503937007874856 ) ;
#7365 = LINE ( 'NONE', #2864, #6936 ) ;
#7366 = EDGE_CURVE ( 'NONE', #2479, #679, #6156, .T. ) ;
#7367 = PLANE ( 'NONE',  #2156 ) ;
#7368 = CYLINDRICAL_SURFACE ( 'NONE', #4209, 0.001968503937007874856 ) ;
#7369 = AXIS2_PLACEMENT_3D ( 'NONE', #700, #3015, #4169 ) ;
#7370 = DIRECTION ( 'NONE',  ( -0.4705882352941775371, -0.8823529411764386987, 0.000000000000000000 ) ) ;
#7371 = ORIENTED_EDGE ( 'NONE', *, *, #5060, .T. ) ;
#7372 = CYLINDRICAL_SURFACE ( 'NONE', #4602, 0.005905511811023621965 ) ;
#7373 = CIRCLE ( 'NONE', #3162, 0.001968503937007873988 ) ;
#7374 = ORIENTED_EDGE ( 'NONE', *, *, #3517, .T. ) ;
#7375 = ORIENTED_EDGE ( 'NONE', *, *, #5566, .F. ) ;
#7376 = CARTESIAN_POINT ( 'NONE',  ( -0.01141732283464574893, 0.01141732283464574893, 0.1179179637429043220 ) ) ;
#7377 = EDGE_CURVE ( 'NONE', #67, #1407, #6196, .T. ) ;
#7378 = DIRECTION ( 'NONE',  ( -0.4705882352941179736, -0.8823529411764702290, 0.000000000000000000 ) ) ;
#7379 = AXIS2_PLACEMENT_3D ( 'NONE', #6953, #2907, #7437 ) ;
#7380 = ORIENTED_EDGE ( 'NONE', *, *, #5611, .F. ) ;
#7381 = PLANE ( 'NONE',  #4956 ) ;
#7382 = VECTOR ( 'NONE', #1500, 39.37007874015748143 ) ;
#7383 = VERTEX_POINT ( 'NONE', #483 ) ;
#7384 = EDGE_CURVE ( 'NONE', #7393, #5076, #3946, .T. ) ;
#7385 = VECTOR ( 'NONE', #465, 39.37007874015748143 ) ;
#7386 = ORIENTED_EDGE ( 'NONE', *, *, #3770, .T. ) ;
#7387 = VECTOR ( 'NONE', #5475, 39.37007874015748143 ) ;
#7388 = DIMENSIONAL_EXPONENTS ( 1.000000000000000000, 0.000000000000000000, 0.000000000000000000, 0.000000000000000000, 0.000000000000000000, 0.000000000000000000, 0.000000000000000000 ) ;
#7389 = ORIENTED_EDGE ( 'NONE', *, *, #6252, .T. ) ;
#7390 = LINE ( 'NONE', #5120, #827 ) ;
#7391 = DIRECTION ( 'NONE',  ( 0.000000000000000000, 0.000000000000000000, -1.000000000000000000 ) ) ;
#7392 = CARTESIAN_POINT ( 'NONE',  ( -0.07007874015748032093, -0.01968503937007873988, -0.2362204724409449064 ) ) ;
#7393 = VERTEX_POINT ( 'NONE', #1072 ) ;
#7394 = ORIENTED_EDGE ( 'NONE', *, *, #5794, .T. ) ;
#7395 = CARTESIAN_POINT ( 'NONE',  ( 0.01190365910143580813, -0.01887447892542832087, 0.08208661417322835052 ) ) ;
#7396 = VECTOR ( 'NONE', #1857, 39.37007874015748854 ) ;
#7397 = LINE ( 'NONE', #6163, #2572 ) ;
#7398 = EDGE_CURVE ( 'NONE', #5483, #368, #6872, .T. ) ;
#7399 = DIRECTION ( 'NONE',  ( 0.000000000000000000, 1.000000000000000000, 0.000000000000000000 ) ) ;
#7400 = LINE ( 'NONE', #4558, #4292 ) ;
#7401 = DIRECTION ( 'NONE',  ( -1.000000000000000000, 3.552713678800500140E-15, 4.350675744370770171E-31 ) ) ;
#7402 = LINE ( 'NONE', #4523, #4945 ) ;
#7403 = LINE ( 'NONE', #2222, #7012 ) ;
#7404 = EDGE_LOOP ( 'NONE', ( #1832, #6113, #975, #2051 ) ) ;
#7405 = DIRECTION ( 'NONE',  ( 0.000000000000000000, 0.000000000000000000, 1.000000000000000000 ) ) ;
#7406 = AXIS2_PLACEMENT_3D ( 'NONE', #2655, #7162, #958 ) ;
#7407 = EDGE_CURVE ( 'NONE', #6229, #2499, #2964, .T. ) ;
#7408 = VERTEX_POINT ( 'NONE', #972 ) ;
#7409 = DIRECTION ( 'NONE',  ( 0.4705882352941318514, -0.8823529411764629016, 0.000000000000000000 ) ) ;
#7410 = DIRECTION ( 'NONE',  ( -4.500641816552991797E-31, -1.224606353822379970E-16, -1.000000000000000000 ) ) ;
#7411 = AXIS2_PLACEMENT_3D ( 'NONE', #7443, #5104, #6851 ) ;
#7412 = DIRECTION ( 'NONE',  ( 0.000000000000000000, 0.000000000000000000, 1.000000000000000000 ) ) ;
#7413 = VERTEX_POINT ( 'NONE', #5587 ) ;
#7414 = DIRECTION ( 'NONE',  ( 0.000000000000000000, 1.000000000000000000, 0.000000000000000000 ) ) ;
#7415 = DIRECTION ( 'NONE',  ( -0.000000000000000000, -0.000000000000000000, 1.000000000000000000 ) ) ;
#7416 = EDGE_CURVE ( 'NONE', #5274, #571, #3349, .T. ) ;
#7417 = ADVANCED_FACE ( 'NONE', ( #417 ), #2209, .F. ) ;
#7418 = VECTOR ( 'NONE', #906, 39.37007874015748143 ) ;
#7419 = EDGE_CURVE ( 'NONE', #7222, #4051, #7294, .T. ) ;
#7420 = VERTEX_POINT ( 'NONE', #521 ) ;
#7421 = PLANE ( 'NONE',  #4141 ) ;
#7422 = PLANE ( 'NONE',  #7479 ) ;
#7423 = DIRECTION ( 'NONE',  ( -0.000000000000000000, -0.000000000000000000, 1.000000000000000000 ) ) ;
#7424 = VERTEX_POINT ( 'NONE', #2817 ) ;
#7425 = EDGE_LOOP ( 'NONE', ( #5563, #7180, #6455, #2009 ) ) ;
#7426 = LINE ( 'NONE', #6727, #6860 ) ;
#7427 = CARTESIAN_POINT ( 'NONE',  ( 0.04980888922789999951, -0.02559055118110228552, 0.1037401574803149540 ) ) ;
#7428 = CARTESIAN_POINT ( 'NONE',  ( 0.01283001389532191679, -0.02061139416396473578, 0.04311023622047244208 ) ) ;
#7429 = VERTEX_POINT ( 'NONE', #2710 ) ;
#7430 = VERTEX_POINT ( 'NONE', #3876 ) ;
#7431 = CARTESIAN_POINT ( 'NONE',  ( -0.07667901806391851094, -0.02246410375173684901, 0.1194881889763779736 ) ) ;
#7432 = DIRECTION ( 'NONE',  ( 0.000000000000000000, 1.224606353822379970E-16, -1.000000000000000000 ) ) ;
#7433 = DIRECTION ( 'NONE',  ( 0.000000000000000000, 1.224606353822379970E-16, -1.000000000000000000 ) ) ;
#7434 = CARTESIAN_POINT ( 'NONE',  ( 0.01190365910143582201, -0.01887447892542835209, 0.04311023622047244208 ) ) ;
#7435 = DIRECTION ( 'NONE',  ( -0.4705882352941318514, 0.8823529411764629016, 0.000000000000000000 ) ) ;
#7436 = EDGE_CURVE ( 'NONE', #7053, #2452, #1571, .T. ) ;
#7437 = DIRECTION ( 'NONE',  ( -1.000000000000000000, -3.714925613834969786E-15, 0.000000000000000000 ) ) ;
#7438 = ORIENTED_EDGE ( 'NONE', *, *, #2193, .F. ) ;
#7439 = CARTESIAN_POINT ( 'NONE',  ( -0.1171317238735696958, -0.02559055118110228552, 0.07224409448818898405 ) ) ;
#7440 = VECTOR ( 'NONE', #7034, 39.37007874015748143 ) ;
#7441 = ORIENTED_EDGE ( 'NONE', *, *, #4218, .T. ) ;
#7442 = ORIENTED_EDGE ( 'NONE', *, *, #809, .T. ) ;
#7443 = CARTESIAN_POINT ( 'NONE',  ( -0.07401574803149606196, -0.02165354330708653754, 0.1037401574803149540 ) ) ;
#7444 = FACE_OUTER_BOUND ( 'NONE', #1697, .T. ) ;
#7445 = LINE ( 'NONE', #2261, #7396 ) ;
#7446 = EDGE_CURVE ( 'NONE', #7161, #1758, #5121, .T. ) ;
#7447 = EDGE_CURVE ( 'NONE', #4746, #1594, #3842, .T. ) ;
#7448 = EDGE_LOOP ( 'NONE', ( #5467, #1625, #3070, #838 ) ) ;
#7449 = LINE ( 'NONE', #6751, #5188 ) ;
#7450 = CIRCLE ( 'NONE', #5643, 0.001968503937007874856 ) ;
#7451 = FACE_OUTER_BOUND ( 'NONE', #990, .T. ) ;
#7452 = ORIENTED_EDGE ( 'NONE', *, *, #2321, .F. ) ;
#7453 = AXIS2_PLACEMENT_3D ( 'NONE', #5522, #2014, #4316 ) ;
#7454 = DIRECTION ( 'NONE',  ( -0.000000000000000000, 0.000000000000000000, 1.000000000000000000 ) ) ;
#7455 = ADVANCED_FACE ( 'NONE', ( #1793 ), #4052, .T. ) ;
#7456 =( NAMED_UNIT ( * ) PLANE_ANGLE_UNIT ( ) SI_UNIT ( $, .RADIAN. ) );
#7457 = EDGE_CURVE ( 'NONE', #3287, #4096, #6370, .T. ) ;
#7458 = AXIS2_PLACEMENT_3D ( 'NONE', #5692, #5016, #2740 ) ;
#7459 = CARTESIAN_POINT ( 'NONE',  ( 0.01456692913385826751, -0.02165354330708653754, 0.09783464566929132855 ) ) ;
#7460 = ORIENTED_EDGE ( 'NONE', *, *, #4582, .F. ) ;
#7461 = ORIENTED_EDGE ( 'NONE', *, *, #2558, .T. ) ;
#7462 = CARTESIAN_POINT ( 'NONE',  ( 0.01456692913385826751, -0.02165354330708653754, 0.1194881889763779736 ) ) ;
#7463 = VECTOR ( 'NONE', #4045, 39.37007874015748143 ) ;
#7464 = EDGE_CURVE ( 'NONE', #297, #6923, #2174, .T. ) ;
#7465 = DIRECTION ( 'NONE',  ( -1.000000000000000000, -7.228014483236696555E-16, 0.000000000000000000 ) ) ;
#7466 = ORIENTED_EDGE ( 'NONE', *, *, #5507, .T. ) ;
#7467 = LINE ( 'NONE', #103, #5575 ) ;
#7468 = DIRECTION ( 'NONE',  ( -3.552713678800500140E-15, 1.000000000000000000, 0.000000000000000000 ) ) ;
#7469 = AXIS2_PLACEMENT_3D ( 'NONE', #7198, #1365, #5941 ) ;
#7470 = CARTESIAN_POINT ( 'NONE',  ( -0.08015284854099133383, -0.02061139416396472537, 0.02736220472440945017 ) ) ;
#7471 = FILL_AREA_STYLE_COLOUR ( '', #3124 ) ;
#7472 = DIRECTION ( 'NONE',  ( -0.000000000000000000, -0.000000000000000000, 1.000000000000000000 ) ) ;
#7473 = CARTESIAN_POINT ( 'NONE',  ( -0.07401574803149606196, -0.01574803149606291558, 0.02736220472440945017 ) ) ;
#7474 = CARTESIAN_POINT ( 'NONE',  ( -0.07401574803149606196, -0.01574803149606291558, 0.1218503937007874155 ) ) ;
#7475 = VECTOR ( 'NONE', #1520, 39.37007874015748143 ) ;
#7476 = PLANE ( 'NONE',  #5572 ) ;
#7477 = ORIENTED_EDGE ( 'NONE', *, *, #7079, .F. ) ;
#7478 = PLANE ( 'NONE',  #6559 ) ;
#7479 = AXIS2_PLACEMENT_3D ( 'NONE', #4541, #2850, #3277 ) ;
ENDSEC;
END-ISO-10303-21;
